,Gender,Age,Height,Weight,Duration,Heart_Rate,Body_Temp
8135,0,43,176,76,14,88,40.2
11050,0,21,187,84,5,81,39.2
13658,0,63,173,76,7,90,39.2
5946,0,50,197,96,9,88,39.6
8358,1,35,173,73,26,101,40.8
1898,0,57,175,82,22,112,40.2
328,1,64,157,54,12,95,40.1
14249,0,48,188,92,4,85,39.1
1552,1,38,154,62,29,105,40.9
6426,1,44,146,49,27,100,40.7
6827,0,48,179,81,19,101,40.9
9331,0,21,197,94,3,80,38.8
12719,1,68,165,59,15,100,40.4
8176,0,45,182,88,14,95,39.8
3035,0,26,192,90,11,89,40.0
3849,1,37,167,64,9,91,39.9
14631,0,35,183,89,19,96,40.3
3303,1,68,175,72,15,92,40.2
6747,1,54,162,57,24,96,40.7
2488,0,38,182,83,5,83,39.1
2915,0,57,184,92,18,103,40.4
13816,1,33,139,48,25,105,40.6
12317,1,63,148,46,9,90,39.5
14814,0,20,189,88,18,103,40.4
1775,0,57,197,93,2,82,38.4
1737,0,20,189,92,28,108,40.9
3320,1,63,162,64,20,105,40.5
13323,0,32,178,78,20,102,40.3
8691,0,52,180,76,14,97,40.4
114,0,21,189,91,27,114,41.0
4885,0,56,192,90,3,85,38.7
10237,1,27,172,70,2,75,38.1
6374,1,24,174,72,2,77,37.9
10388,0,41,175,84,13,84,39.9
6858,0,21,175,77,26,102,41.0
775,0,39,164,73,22,97,40.5
12282,0,21,165,70,12,103,40.1
5766,0,69,176,76,18,104,40.3
1493,0,77,184,90,10,91,39.6
3807,0,48,190,95,10,92,39.7
6239,0,28,183,90,12,88,39.9
6629,1,72,156,57,10,98,39.7
6041,0,64,175,79,8,76,39.5
14124,1,50,144,45,18,98,40.3
1638,0,32,187,87,2,83,38.2
7768,0,38,165,68,20,98,40.2
12731,0,41,185,85,4,81,38.9
10701,1,77,160,64,2,88,38.5
12215,1,42,150,52,6,94,39.4
12199,1,70,185,88,3,75,38.7
11433,1,51,156,63,9,92,40.1
1884,1,24,170,67,8,95,39.4
7556,1,44,169,68,10,83,39.8
5553,1,20,158,48,13,100,40.1
2602,1,34,148,48,13,94,40.2
11627,1,20,175,66,28,104,41.0
4557,0,73,193,97,10,87,40.0
2853,1,20,155,56,12,89,40.1
12089,1,22,186,77,16,96,40.2
9493,1,31,168,68,27,103,40.8
13884,0,77,176,84,13,88,40.3
3158,0,27,178,75,16,100,40.5
2239,1,40,172,71,20,101,40.7
11317,0,29,184,85,24,105,40.9
4741,1,22,182,74,9,85,39.8
9021,1,37,162,59,10,90,39.8
982,0,31,191,98,4,85,38.7
13565,0,32,186,88,10,92,39.9
14240,1,27,182,82,19,100,40.3
5324,0,37,190,87,8,92,39.4
11883,1,43,168,67,24,107,40.7
2969,0,21,178,81,17,97,40.1
7725,1,24,168,65,30,107,40.5
11368,1,24,167,63,26,107,40.8
7168,1,24,171,68,26,108,40.7
14597,0,43,192,98,22,100,40.5
2284,0,74,198,104,11,92,39.7
2757,0,39,189,89,6,89,39.1
14873,1,78,146,50,17,95,40.3
3160,0,35,194,96,16,100,40.0
14324,1,44,149,56,9,90,39.4
11496,1,26,170,63,11,91,40.1
224,0,73,168,77,18,97,40.3
14460,0,52,196,97,24,104,40.9
9250,0,68,186,88,4,87,39.1
13688,0,71,188,96,2,75,38.0
8872,0,25,200,107,9,92,39.7
7528,0,38,179,88,11,90,39.8
14273,1,53,161,56,25,109,40.5
7748,1,24,156,58,16,105,40.4
8025,1,41,166,62,14,94,40.3
12665,1,38,177,74,25,108,40.9
4710,0,22,197,99,18,91,40.5
3502,1,36,169,66,23,104,40.9
4638,1,77,183,76,2,81,38.3
11088,0,26,200,100,5,79,38.6
1033,1,33,153,52,18,93,40.1
11806,1,41,162,63,28,105,41.1
2448,0,78,191,94,4,87,38.7
2808,0,21,178,81,27,116,40.9
5022,0,57,183,89,18,93,40.5
5765,0,72,199,98,28,110,40.9
7278,1,28,149,54,22,97,40.6
13220,1,79,168,65,6,90,39.3
3866,1,25,158,53,21,103,40.4
14620,0,29,186,89,18,97,40.4
1919,0,31,191,94,19,98,40.3
8057,1,61,166,64,21,106,40.4
1962,0,43,184,88,4,89,39.2
3718,0,29,170,69,10,88,39.7
10439,1,49,173,69,23,113,40.5
281,0,56,192,97,20,109,40.5
9812,1,46,166,60,15,104,40.1
2233,1,72,177,70,16,97,40.4
4622,1,41,170,68,16,101,40.2
2704,0,62,183,94,5,84,39.2
12708,0,72,184,84,15,90,40.1
363,0,58,197,98,14,102,40.1
11306,1,48,156,59,19,109,40.4
5673,0,22,176,81,17,97,40.4
6937,1,63,153,52,4,88,39.0
14856,0,50,197,101,16,99,40.3
11285,1,21,172,71,27,108,40.8
13579,1,70,165,68,29,112,40.9
8120,0,35,183,79,13,90,40.0
4168,1,41,152,56,26,110,40.9
3463,1,53,155,57,30,106,41.1
7529,0,46,203,107,6,82,39.4
4918,0,39,175,81,16,86,40.1
12593,1,59,161,64,4,79,39.0
5837,0,24,179,81,16,90,40.3
8985,1,35,162,55,16,92,40.5
1783,0,32,151,58,19,99,40.6
13134,0,47,194,98,19,102,40.5
2466,1,24,160,60,17,104,40.2
2958,0,56,175,82,11,88,39.9
7039,1,34,169,65,2,87,37.8
1406,0,48,190,99,20,99,40.4
3491,0,22,177,82,16,97,40.0
11398,0,23,185,88,5,90,39.5
10476,1,23,160,56,11,90,39.8
12394,1,63,168,67,10,83,40.1
8260,1,77,178,73,9,84,39.8
14585,1,34,163,63,22,104,40.7
13404,0,71,175,75,16,91,40.1
282,1,21,153,54,8,94,39.8
248,1,67,159,62,13,94,40.2
11561,0,62,196,93,26,106,40.8
9549,1,30,176,73,1,89,37.7
919,0,36,174,75,23,98,40.5
2344,0,26,173,72,11,89,40.2
2611,0,38,191,89,8,82,39.4
4817,1,59,153,55,2,85,38.0
7101,0,28,187,82,16,98,40.2
3691,0,78,185,87,24,104,40.5
12464,1,32,174,63,7,83,39.5
12458,1,20,152,50,22,102,40.8
5336,1,71,169,70,11,105,39.5
10249,1,28,168,63,25,101,41.0
4838,0,24,169,73,3,75,38.6
12006,0,23,192,89,19,94,40.3
3609,0,44,183,82,1,80,37.7
79,0,47,165,72,20,96,40.3
3506,1,33,159,60,25,104,40.8
2003,1,63,173,67,24,110,40.6
14640,0,40,201,109,3,87,38.4
12121,1,21,170,67,17,95,40.0
7789,0,64,188,97,13,88,39.6
12790,0,74,193,92,10,82,40.0
7580,0,37,196,91,10,92,40.0
1810,1,21,153,56,29,115,40.9
42,0,63,179,80,25,108,40.8
110,1,52,171,67,15,89,40.6
753,0,25,194,97,18,99,40.4
10314,0,44,158,65,3,94,38.4
5193,1,38,166,63,24,106,40.5
10928,1,34,156,57,23,100,40.5
5689,0,42,190,98,24,107,40.7
8493,0,66,197,101,7,81,39.3
6226,1,58,127,40,29,102,40.8
2583,0,43,186,88,16,94,39.9
3634,0,40,183,83,9,82,39.4
10126,0,37,191,93,18,88,39.9
14642,1,71,158,62,3,78,38.4
7234,0,20,168,73,6,89,39.4
13140,1,24,155,58,16,101,40.2
10180,0,55,198,94,24,99,40.7
10894,0,38,176,83,26,107,40.6
10001,1,26,152,52,19,98,40.4
11588,1,31,146,48,19,104,40.6
6074,0,39,209,111,22,102,40.5
799,0,38,182,77,21,102,40.5
7867,1,20,161,63,28,114,40.8
7191,1,46,168,70,5,77,39.1
1912,0,34,184,84,30,103,40.7
2702,1,23,160,58,26,101,40.7
5296,0,25,182,83,13,94,40.1
2259,0,26,197,97,20,102,40.7
6533,0,56,184,83,6,94,38.8
8484,1,74,175,75,13,87,40.1
2777,0,76,190,95,22,104,40.4
14986,0,22,178,75,24,91,40.5
801,0,49,193,97,3,84,38.5
3711,1,44,181,80,2,83,38.3
7706,0,26,191,93,12,93,40.0
10446,0,59,181,89,17,86,40.2
13906,1,62,161,59,17,88,40.3
8704,1,21,163,62,14,91,39.9
4925,0,39,175,79,22,99,40.5
480,0,30,195,92,30,101,41.0
8302,1,65,166,67,13,96,40.2
3551,0,70,189,96,24,113,40.9
14247,1,35,182,74,27,101,41.1
12192,1,34,165,61,17,98,40.2
6679,0,54,175,82,10,83,39.6
2176,0,24,195,98,20,105,40.6
10400,1,57,154,57,19,88,40.5
14262,0,77,174,77,22,108,40.9
11991,0,30,180,82,26,99,40.3
852,0,35,194,91,23,112,41.0
8085,1,42,160,60,29,109,40.9
5877,0,47,170,76,17,101,40.2
11132,0,32,189,86,14,86,40.0
3514,0,53,191,91,17,92,40.5
14909,0,51,192,102,7,94,39.4
5344,1,54,163,57,26,100,40.6
6950,0,63,191,88,16,90,40.2
3558,0,26,182,85,3,84,38.8
7358,0,35,178,76,27,104,41.2
14448,0,62,184,88,24,106,40.6
275,1,79,178,80,25,104,40.5
3616,0,54,182,81,20,106,40.6
4164,1,66,175,69,7,86,39.4
8480,0,51,178,88,12,92,40.2
11247,1,23,165,66,13,95,40.1
14872,0,25,201,101,15,93,40.0
7459,1,20,147,47,5,91,39.1
6330,0,64,184,88,27,109,41.1
6673,1,43,158,63,12,93,40.0
1840,1,54,175,71,11,88,39.7
8429,1,64,161,61,7,89,39.4
11086,1,39,156,53,3,77,38.6
3535,1,48,180,75,27,99,40.3
782,1,33,159,53,17,94,40.0
10049,1,39,162,55,2,82,38.1
8948,0,32,177,82,7,83,39.4
10674,1,24,166,60,12,83,39.8
10617,0,41,182,81,24,92,40.9
12230,0,28,199,96,29,107,41.1
4690,0,22,190,88,16,85,40.4
11025,1,41,171,69,21,105,40.1
1752,0,72,187,83,24,105,40.8
9352,1,55,175,69,30,117,41.2
8313,1,49,168,70,15,98,39.9
2162,0,41,176,81,13,93,40.3
11229,1,21,166,63,7,87,39.5
1411,0,59,180,81,30,109,40.9
12119,1,28,161,60,20,109,40.9
3608,0,72,191,98,14,89,40.3
1864,0,23,179,80,29,101,41.0
14957,1,38,165,62,27,104,40.5
8528,1,26,160,58,14,95,39.9
5291,1,53,164,69,12,94,39.9
14625,0,64,174,80,23,99,40.7
4986,1,30,158,53,24,100,40.7
14294,1,22,179,73,26,110,40.7
12002,0,22,182,84,4,91,39.3
2193,0,24,193,99,20,89,40.2
7040,0,34,179,80,18,98,40.7
12265,1,47,161,64,24,105,40.5
4465,1,58,151,55,24,104,40.3
2547,1,60,177,76,24,108,40.6
8079,0,55,179,87,3,80,38.6
3431,1,73,162,66,28,96,40.6
5992,0,63,180,85,10,93,39.8
712,0,56,196,94,5,86,39.0
10415,1,31,163,59,2,85,38.0
3424,0,27,185,85,18,106,39.8
1117,0,31,189,88,12,98,40.1
2063,1,42,178,74,19,97,40.4
3372,1,50,154,55,11,90,40.0
13224,1,49,166,63,8,95,39.4
11236,0,69,183,84,29,112,40.7
9359,1,25,169,66,11,92,39.8
6259,1,51,174,74,24,102,40.4
13704,1,29,177,69,23,106,40.6
1181,0,26,196,101,15,92,40.2
8556,1,47,179,78,8,86,39.4
11728,1,24,177,71,3,85,38.5
9124,0,34,190,91,21,98,40.4
2329,0,20,181,80,27,100,40.8
1702,0,26,187,84,17,104,40.3
13368,0,33,180,85,14,94,39.8
7242,0,43,193,98,19,100,40.2
8433,1,52,159,65,7,93,39.1
5248,1,51,172,71,13,96,40.4
9026,0,74,179,85,11,82,39.8
198,0,66,171,72,18,105,40.5
7578,1,59,167,63,4,78,38.5
2108,1,42,152,60,16,94,40.2
11492,1,45,168,71,29,113,40.9
10347,1,67,157,56,28,122,40.7
5582,1,33,160,62,4,82,38.9
4458,0,77,183,84,9,88,39.9
2413,0,21,190,94,16,103,40.4
14983,0,66,199,101,20,95,40.8
8171,0,49,201,105,21,102,40.7
1987,0,22,200,104,17,92,40.3
13470,0,57,184,82,12,100,39.9
5987,0,36,176,82,29,112,40.9
9066,1,51,175,68,4,89,38.9
10868,1,27,166,63,5,79,38.9
9775,1,25,157,57,5,85,38.9
14099,0,42,193,97,5,80,39.0
4888,1,65,151,52,21,105,40.9
5663,0,67,192,101,25,102,40.8
11446,0,23,172,78,20,100,40.6
6784,1,32,160,59,6,79,39.6
10769,0,59,190,92,11,87,39.6
14352,1,67,176,72,6,84,39.3
10211,1,65,160,56,2,74,38.3
3914,1,22,178,71,17,106,40.5
14907,0,62,180,82,20,104,40.6
1309,0,52,184,85,22,101,40.4
3260,1,27,179,79,19,96,40.5
6930,1,61,162,66,10,84,39.8
12219,0,20,193,93,4,82,39.0
48,0,24,195,98,20,96,40.6
2152,0,69,190,93,24,105,40.5
8871,0,33,176,79,13,101,40.0
12114,1,64,159,59,1,82,37.5
12106,0,32,176,82,9,86,39.5
13552,1,22,171,68,26,107,41.0
2775,1,52,191,78,16,92,40.5
10524,1,37,169,67,22,103,40.7
3408,1,21,161,55,25,103,40.7
7713,1,25,172,67,23,103,40.6
12405,1,26,151,52,22,98,40.2
13152,0,54,165,72,7,88,39.5
10625,1,31,174,75,24,103,40.8
6642,1,50,174,65,18,100,40.1
2402,1,23,160,59,11,88,40.2
10917,0,36,193,89,9,78,39.9
11114,1,57,173,70,18,104,40.7
8610,1,55,176,71,27,106,40.8
2591,0,66,186,95,2,77,38.3
4362,0,56,185,90,25,105,40.5
3821,1,30,164,61,12,94,39.9
2270,0,66,193,97,20,95,40.6
3858,0,36,193,91,30,107,41.0
238,1,44,161,60,2,89,38.4
14915,1,72,181,76,29,112,40.8
8551,0,20,180,77,16,95,40.2
4650,1,36,160,62,13,99,40.1
3308,0,63,194,103,25,94,40.8
8252,0,31,177,78,19,95,40.6
11614,0,43,187,90,9,90,39.5
3566,1,46,148,51,14,99,40.1
6282,0,27,172,75,3,92,38.6
13350,1,25,179,74,3,85,38.9
13730,0,54,171,69,25,111,41.1
12693,1,29,169,63,13,91,40.0
14080,1,38,168,61,13,87,40.1
14905,1,59,155,59,26,105,40.8
13763,1,56,166,67,20,101,40.8
6547,0,34,192,94,2,81,38.0
1471,0,62,169,68,13,88,40.1
2888,0,22,163,65,19,98,40.4
13687,1,55,165,64,23,102,40.8
180,1,78,153,54,13,84,40.3
8644,1,74,178,71,20,101,40.5
9380,1,72,163,63,4,83,39.1
8121,0,36,191,94,20,101,40.8
6839,0,25,181,79,28,112,40.8
3201,0,35,192,98,5,79,39.4
6793,0,46,169,69,23,106,40.5
2959,0,36,178,77,29,105,41.2
3948,0,31,183,87,15,97,40.2
14510,1,35,167,67,4,86,39.4
3385,1,27,181,73,20,94,40.5
577,1,26,175,66,4,80,39.1
8209,1,54,169,62,22,103,40.5
1792,1,32,149,49,15,93,40.3
13302,0,39,190,88,16,96,40.3
11218,1,68,181,73,3,89,38.9
11652,0,74,183,80,6,80,39.5
3041,0,22,194,96,14,92,40.2
3455,0,69,174,78,25,105,41.1
3947,0,56,173,73,4,85,38.4
14423,1,28,175,70,11,97,39.9
14093,1,70,177,78,5,84,39.1
14053,1,43,161,59,4,75,39.7
11898,0,70,177,86,21,108,40.7
2072,0,65,201,104,7,78,39.6
10578,0,22,174,75,13,86,40.2
1570,1,43,169,66,5,91,39.1
5804,1,26,159,59,21,108,40.4
743,0,46,180,83,6,86,39.6
11001,0,31,190,90,23,112,40.6
4161,1,38,167,67,6,84,39.3
11881,0,34,190,93,4,84,39.1
4405,0,26,171,67,18,93,40.7
2112,0,26,171,77,28,105,40.7
5381,0,28,181,79,22,105,40.6
101,1,45,158,53,23,106,40.7
14557,0,25,197,93,22,99,40.4
6903,0,66,183,90,17,102,40.2
13821,0,26,188,90,4,80,39.0
12339,0,29,183,87,25,108,40.8
2685,1,68,170,73,6,93,39.3
2496,1,37,148,54,13,93,39.7
1913,0,20,192,91,12,97,40.1
13244,0,32,188,86,19,97,40.5
7162,1,38,157,57,1,82,37.9
6759,1,50,148,55,24,109,40.8
1545,1,49,175,73,24,99,40.7
12147,0,56,187,85,10,81,39.8
13119,1,26,179,74,29,109,40.8
3981,1,42,166,63,11,80,40.2
14144,0,21,180,83,23,99,40.6
2262,0,40,201,97,10,99,40.0
9926,1,22,176,69,14,91,40.2
2206,1,66,155,62,19,99,40.5
6227,0,24,190,83,2,73,38.2
7878,0,32,189,88,4,75,38.8
369,1,43,169,67,5,80,39.0
6770,0,35,179,85,6,87,39.3
290,1,72,164,68,15,94,40.2
3904,1,38,178,68,12,97,40.0
2492,0,41,179,81,30,105,40.8
7576,1,74,165,68,29,106,41.0
4426,1,28,172,63,1,81,37.7
14768,1,22,157,59,24,101,41.1
6654,1,50,165,67,26,106,41.0
6210,1,74,172,74,13,96,40.1
10612,0,21,191,97,3,86,38.1
11159,1,36,161,57,26,107,40.7
13544,0,21,182,85,18,104,40.5
8390,1,25,161,59,30,103,40.8
11738,1,57,158,55,9,103,39.9
14344,1,52,142,42,7,88,39.4
13758,0,38,192,98,4,90,38.9
4840,1,45,150,52,8,85,39.5
6480,0,38,180,81,20,95,40.5
6983,1,21,147,49,11,86,40.0
4381,0,69,190,96,4,93,38.8
6339,0,67,180,83,22,101,40.8
4437,1,48,156,54,23,106,40.4
14650,0,35,196,96,28,112,41.0
10071,1,41,174,67,7,82,39.1
6761,0,30,193,101,10,91,39.8
5965,0,25,186,87,24,105,40.4
5719,1,25,158,54,5,90,39.0
10825,1,65,173,67,25,108,40.4
12274,1,22,158,59,28,114,40.7
11098,1,27,154,53,11,88,40.1
5095,1,28,146,50,29,107,41.1
11551,0,40,182,86,7,93,39.3
1928,1,41,188,79,25,102,40.4
7104,1,79,163,62,8,83,39.2
1343,1,59,157,61,25,107,40.9
13306,1,24,153,48,21,101,40.2
13073,0,22,201,98,28,102,40.7
8127,0,74,195,97,8,94,39.5
5278,1,50,175,74,11,88,40.0
13242,1,77,177,75,22,96,40.5
13482,1,21,169,63,5,89,38.7
7465,0,22,168,66,25,107,40.8
1381,1,24,175,73,11,87,39.8
1345,0,27,188,81,8,92,39.6
13863,1,29,150,60,20,98,40.7
1778,0,40,186,92,23,105,40.8
5887,1,38,178,77,7,87,39.6
14521,1,61,161,57,18,97,40.1
3436,1,42,158,59,27,103,40.9
7952,1,71,166,63,25,100,40.7
14764,1,24,165,65,6,94,39.5
8615,1,55,160,64,30,105,40.8
5968,0,45,211,112,24,108,40.8
937,1,54,159,54,24,107,40.6
2195,1,58,159,61,25,111,41.1
13195,1,41,191,89,18,89,40.6
8399,1,26,159,55,15,96,40.1
7094,0,64,186,84,28,100,40.6
3574,1,35,157,61,11,84,39.8
4894,0,65,185,92,24,102,40.7
6644,0,32,202,99,13,96,40.1
12291,0,31,186,91,19,103,40.2
14275,1,33,162,59,1,84,37.9
5967,0,69,183,91,21,92,40.3
13643,0,30,204,98,27,116,41.0
1255,1,64,174,69,4,88,38.7
10525,0,42,202,108,2,77,38.2
12466,1,58,162,57,25,109,40.8
10948,1,48,166,66,6,92,38.7
13938,0,26,175,74,1,81,37.9
1999,0,51,187,91,24,98,40.9
191,0,24,181,91,14,97,40.4
12838,0,31,187,88,12,101,40.1
14464,0,20,191,88,29,113,40.8
2383,0,31,190,96,25,99,40.9
10933,1,42,155,53,14,91,40.1
3307,1,48,157,62,1,77,37.9
8005,0,62,183,89,1,83,37.7
8555,1,73,183,79,15,91,40.0
3164,0,40,172,80,11,98,40.1
3469,0,36,176,83,26,101,40.8
14153,0,32,188,93,10,95,39.7
8953,1,37,173,64,14,99,40.6
14657,0,54,196,105,16,85,40.5
4767,0,50,185,88,11,85,40.1
6560,1,24,169,65,13,93,39.9
3294,1,38,164,61,14,89,39.9
7825,1,62,167,65,11,97,39.9
7340,0,53,161,66,8,87,39.5
11673,0,76,179,83,8,84,39.5
10618,0,65,181,80,25,109,40.8
312,0,60,208,105,26,110,40.6
4628,1,45,156,60,19,104,40.5
2229,1,25,163,63,15,96,39.7
14562,1,37,171,75,7,88,39.3
6530,1,77,165,63,27,101,40.9
8465,1,30,159,53,10,95,39.7
764,1,34,151,51,7,97,39.2
11161,1,24,143,48,12,96,39.6
626,1,23,160,58,21,106,40.3
4091,0,44,179,81,27,110,40.5
11180,0,70,172,77,6,86,39.5
5656,1,21,169,69,18,97,40.6
1469,0,25,194,99,1,78,37.7
6283,1,25,173,66,8,79,39.6
6020,0,34,170,80,9,95,39.9
2765,0,30,199,100,24,105,40.6
7127,1,65,166,67,1,86,37.7
7794,1,68,165,68,19,91,40.4
6378,1,20,160,63,18,106,40.4
13669,1,34,158,56,18,95,40.8
9400,1,31,180,73,19,93,40.6
3017,0,69,189,95,15,95,40.4
8572,0,49,170,70,13,95,40.3
9283,0,41,189,91,14,95,40.0
8378,1,74,163,62,23,102,40.8
8618,0,27,184,84,21,99,40.6
9025,0,39,199,98,3,76,38.7
546,1,37,166,67,15,97,40.2
7183,1,72,159,59,28,105,40.7
11985,0,22,194,93,1,87,37.9
9024,0,47,195,94,20,94,40.5
13291,1,22,175,64,29,108,40.5
1085,1,40,147,50,23,107,40.8
5078,0,26,194,101,17,83,40.5
14027,0,35,171,77,30,108,40.9
7315,1,26,172,69,17,89,40.6
3243,1,33,167,62,17,95,40.3
4391,1,46,169,67,8,84,39.8
518,1,41,165,63,17,97,40.5
7644,0,20,182,83,22,97,40.5
1455,0,39,182,79,30,111,41.0
423,1,58,173,73,20,104,40.6
8824,1,62,158,59,29,111,41.0
6864,1,29,164,67,18,95,40.3
9811,1,65,153,52,9,81,39.4
5938,1,68,162,62,16,103,40.5
7023,0,33,182,88,6,89,39.3
827,1,23,173,68,18,97,40.1
8321,1,78,174,71,6,86,39.2
13580,1,40,166,61,26,101,40.8
14266,1,25,154,57,26,100,40.9
1052,1,32,162,65,16,94,40.1
2843,1,22,171,69,12,90,39.8
6680,0,21,163,63,24,110,41.0
2493,1,50,165,64,6,82,39.4
10368,0,22,193,88,8,87,39.3
1071,1,27,166,66,28,109,40.7
7373,0,31,199,97,14,97,40.5
14212,0,29,195,87,3,90,38.4
6981,1,28,155,57,25,102,40.6
5896,0,34,182,88,13,106,40.2
6171,0,63,178,85,10,90,40.0
11876,0,21,185,89,2,90,38.0
10850,0,20,203,105,20,98,40.6
4615,1,25,167,61,24,107,40.2
5919,1,27,175,68,22,101,40.7
12656,0,29,189,85,22,102,40.5
11995,1,66,156,52,21,97,40.8
6900,1,44,175,69,2,79,38.1
785,0,26,185,85,3,86,39.1
2039,1,52,179,76,9,90,39.8
12062,1,25,173,70,5,79,39.1
9381,1,43,159,62,17,95,40.7
11427,1,47,152,55,28,106,40.8
14977,1,46,173,68,14,104,40.2
12748,0,22,186,82,14,94,40.1
10590,0,32,187,86,5,78,39.0
7196,1,43,162,64,30,105,41.2
11965,1,43,169,63,22,109,40.6
12546,0,33,201,104,9,85,39.9
1669,1,25,185,79,27,90,40.7
13094,0,33,187,80,21,91,40.6
3177,1,68,163,60,5,85,39.3
9731,0,53,179,83,14,99,39.7
348,0,39,191,86,23,97,40.6
6820,1,42,173,72,28,111,41.0
13162,1,37,163,58,9,82,39.7
7889,1,26,151,51,7,83,39.6
8575,0,30,202,109,26,102,40.5
9267,1,44,171,71,30,108,41.0
2538,0,26,175,79,20,103,40.4
1215,0,39,194,95,14,98,40.3
11216,1,20,168,59,2,85,37.9
11607,1,29,166,61,29,99,40.9
708,1,40,178,73,15,95,40.5
1666,0,51,202,105,7,86,39.6
12462,1,45,148,52,21,98,40.2
13593,1,66,175,72,22,101,40.5
1196,1,65,176,75,28,111,40.6
7546,0,77,191,93,16,91,40.3
747,1,34,156,51,3,90,38.7
10,1,36,177,76,1,74,37.8
4941,0,33,190,95,15,89,40.2
12442,1,79,159,64,17,101,40.2
3843,0,33,174,77,9,78,39.7
14584,0,75,194,101,19,94,41.0
8840,1,21,168,63,8,80,39.6
9908,1,61,163,61,19,96,40.6
8836,0,66,178,84,24,109,40.5
10373,1,39,144,47,5,84,39.0
5818,1,34,162,60,19,102,40.5
13966,1,44,152,50,29,104,40.8
3941,0,71,174,78,15,105,40.0
7450,0,34,197,92,14,103,40.3
6588,0,55,181,87,15,89,40.3
10813,1,26,169,65,20,101,40.8
5214,1,32,172,70,9,89,39.7
10232,0,32,180,87,11,90,39.9
13563,0,41,178,81,10,80,39.9
5447,1,29,169,64,21,95,40.3
9456,0,29,176,78,14,103,40.5
13285,0,29,186,85,22,98,40.4
1461,1,26,158,63,3,80,38.6
10555,0,29,169,70,12,89,40.1
2471,1,30,160,63,14,87,40.4
5740,0,26,181,84,17,89,40.0
13619,0,48,192,92,23,96,40.4
7605,1,63,160,61,10,89,40.1
14131,1,27,171,63,17,93,40.2
11020,1,35,143,50,11,89,39.8
6989,1,27,177,76,1,85,37.1
3822,1,63,161,61,20,106,40.1
8071,0,40,175,73,20,97,40.5
7949,1,37,163,60,17,91,40.7
5374,0,57,174,77,21,99,40.4
5626,0,26,184,89,9,89,39.6
3335,0,25,190,91,29,112,40.8
3694,1,42,156,54,7,86,39.3
13175,0,20,190,93,12,94,39.9
9106,1,45,149,50,17,102,40.4
5077,1,27,158,61,7,82,39.3
2296,1,53,177,76,15,94,40.1
14319,1,22,176,74,8,88,39.5
12800,0,44,189,91,16,89,40.1
11619,0,48,187,90,16,95,40.1
1226,1,44,174,75,26,94,40.5
7534,0,22,191,92,2,84,38.1
12057,0,30,199,104,4,89,39.3
9805,1,47,168,70,7,82,39.5
21,1,31,148,50,8,84,39.5
11101,1,34,164,69,8,85,39.1
14394,1,26,162,62,26,101,41.0
14363,1,50,170,72,18,102,40.4
9033,0,23,187,78,11,87,39.7
11058,1,26,172,66,15,90,39.9
14018,1,34,173,69,22,104,40.7
1812,1,27,172,69,24,104,41.0
9017,1,36,143,47,2,84,37.6
14234,1,60,183,73,12,93,39.8
6526,0,54,181,85,9,85,39.7
9853,0,20,180,83,16,95,40.3
7200,1,41,142,47,26,107,40.8
12886,0,60,180,83,17,95,40.2
5646,0,23,166,69,29,108,40.5
1813,0,20,183,87,25,106,40.1
525,1,65,155,59,10,95,40.0
861,1,31,171,71,3,83,38.4
10487,1,22,158,57,26,108,40.7
1244,1,20,173,72,8,81,39.7
9337,1,46,157,59,8,90,39.3
12718,0,32,176,76,27,108,40.8
4284,1,63,153,55,16,104,40.1
9305,1,21,184,69,14,98,40.3
11750,1,71,155,60,17,91,40.1
6440,0,39,187,93,5,82,39.1
8686,1,39,158,56,24,109,40.7
14246,0,63,188,94,19,91,40.3
10318,0,46,197,99,5,85,38.6
7769,0,70,203,107,3,83,38.6
5272,0,58,191,97,16,80,40.3
13571,0,22,187,90,4,84,38.9
7592,1,41,172,74,24,98,40.8
1668,1,21,138,44,13,97,40.0
14132,0,32,208,103,25,108,40.9
14068,0,22,185,80,28,99,41.2
1495,1,35,167,63,28,117,40.9
13209,0,25,173,72,19,104,40.4
6682,0,54,195,96,12,90,39.9
7821,0,59,186,87,1,78,37.7
8000,0,32,209,110,15,94,40.2
709,0,28,179,83,2,79,38.1
13872,1,24,152,49,27,101,40.9
663,1,30,167,67,18,94,40.5
6704,0,26,186,84,16,99,40.0
9099,1,29,157,55,18,102,40.2
12959,1,60,152,54,3,86,38.5
5907,1,55,154,56,18,97,40.6
4409,1,28,155,53,26,107,40.9
14658,0,52,193,98,18,105,40.3
4053,0,25,179,85,29,108,40.6
14418,0,32,169,71,5,86,39.4
6911,0,38,194,101,20,109,40.5
5685,0,28,197,89,28,106,40.9
13677,0,24,180,82,9,93,39.5
10449,0,30,179,74,13,94,39.8
1123,1,28,161,64,7,88,39.3
12294,0,66,184,85,26,111,40.7
6676,1,46,162,61,15,100,40.1
12094,0,71,146,56,29,106,40.7
8851,0,28,181,82,2,88,37.8
4764,1,57,172,73,5,86,39.5
1336,0,67,170,79,2,91,38.3
11324,0,42,175,77,9,88,39.6
12213,0,73,189,91,29,106,40.9
9062,1,22,147,49,27,105,40.7
738,0,35,186,92,24,99,40.9
12689,1,44,167,69,15,102,40.3
3194,1,67,167,70,21,104,40.7
12365,0,48,194,93,11,90,39.9
10355,0,34,187,91,8,92,39.9
2715,0,35,185,87,11,85,40.0
1736,1,33,178,72,9,89,39.9
7688,0,24,175,75,17,94,40.4
11113,0,55,183,84,5,80,39.0
4634,0,68,186,94,8,87,39.6
11026,0,71,183,83,10,89,39.9
2132,1,38,155,59,28,115,40.4
9544,0,38,201,102,18,104,40.2
14600,0,57,181,84,4,88,38.9
14180,0,44,201,102,10,88,39.8
360,0,49,181,79,29,108,40.7
11685,0,45,200,97,24,106,40.7
13251,1,26,167,65,16,89,40.4
9987,1,22,176,77,5,77,39.4
5437,0,47,185,85,8,97,39.9
7260,0,52,180,82,14,95,40.2
11832,0,76,170,78,15,95,40.0
8880,0,60,195,102,25,104,40.5
12293,1,70,152,56,25,105,40.9
11119,1,41,174,74,20,109,40.9
464,0,71,183,80,6,84,39.0
5876,1,48,152,53,20,95,40.2
11820,0,38,177,84,28,106,40.9
11867,0,54,190,90,15,91,40.0
8069,0,20,168,67,15,101,40.2
14717,1,74,151,50,25,109,40.2
8611,0,72,193,103,13,87,39.9
7185,1,32,163,63,26,109,40.7
8513,0,38,179,86,15,108,40.3
13621,0,39,180,87,24,107,40.4
991,1,50,153,56,26,108,40.7
12210,0,26,164,71,25,110,40.7
2802,0,39,197,106,8,95,39.3
1849,0,21,184,87,10,96,39.9
6769,0,34,192,92,21,105,40.4
6772,1,49,167,67,3,79,38.6
12793,0,57,186,90,3,82,38.1
10498,1,55,158,60,4,94,38.4
6046,0,53,170,73,16,96,40.0
1608,0,37,168,68,25,97,41.1
88,1,46,166,68,12,101,40.1
6721,1,49,181,75,8,88,40.0
8930,0,71,189,97,9,86,39.9
686,1,42,148,48,15,94,40.5
6110,1,69,159,63,26,106,40.6
3518,1,21,171,66,16,97,40.2
4260,0,70,198,108,9,85,39.8
13511,0,55,167,75,12,90,40.1
9270,0,24,171,75,17,101,40.2
14445,1,59,151,52,25,104,40.8
7025,0,74,195,99,7,86,39.8
7981,0,73,194,100,17,96,40.2
14939,1,23,162,59,2,83,38.4
432,0,64,178,82,25,111,40.8
3325,0,43,167,71,16,100,40.3
3225,0,38,186,89,23,99,40.4
6808,0,38,203,107,7,98,39.4
6625,1,24,156,58,8,85,39.6
2217,1,70,161,62,6,90,39.2
7232,1,38,150,50,25,99,40.6
5343,1,26,154,54,24,102,40.6
1525,0,22,198,95,23,109,40.5
10445,0,28,199,95,29,109,41.2
12511,1,24,188,74,9,90,39.6
1457,0,57,189,91,27,108,40.8
1990,1,52,169,70,14,99,40.4
11986,1,32,163,60,13,100,40.0
8145,1,42,161,57,6,81,39.4
2254,1,44,172,67,17,86,40.5
2746,1,58,161,65,17,92,40.7
10243,1,67,161,60,12,86,40.4
11994,0,78,189,91,10,97,39.6
8601,1,30,159,58,10,87,39.9
6272,1,39,144,47,20,101,40.1
1008,0,40,169,70,22,101,40.5
11585,0,49,180,84,26,108,40.8
7719,1,26,150,56,25,106,40.4
9002,1,29,183,75,20,98,40.5
7650,1,68,172,72,10,89,40.2
4156,0,23,189,91,23,107,40.8
9621,0,69,189,93,10,92,39.9
14343,0,39,179,79,18,97,40.0
1331,1,78,169,64,12,88,40.1
10125,0,53,199,95,13,93,40.1
14929,0,59,179,84,29,116,40.7
2753,1,37,160,63,18,101,40.4
3056,1,35,178,72,14,93,40.2
4999,0,48,171,79,25,102,40.2
8534,0,35,189,97,10,102,40.2
12558,0,24,196,94,23,102,40.7
5356,0,61,199,112,23,99,40.6
13855,0,78,175,83,22,93,40.8
2662,0,36,205,112,22,107,40.9
6500,0,55,194,96,19,94,40.7
9034,1,54,181,81,19,95,40.4
5221,1,23,171,67,11,94,40.2
11604,1,36,152,55,26,121,40.9
5407,0,29,182,80,9,93,39.5
11721,0,38,192,92,7,90,39.1
12201,1,36,166,68,26,102,40.4
1344,1,58,167,64,26,105,40.5
2218,1,20,149,52,16,91,40.4
13120,1,40,176,72,1,84,37.9
7903,0,37,196,102,26,104,40.4
11421,1,21,175,74,8,85,39.5
11761,0,25,189,85,17,95,40.4
359,1,27,183,79,3,80,38.9
4244,0,24,174,76,21,98,40.6
8087,0,76,190,94,8,95,39.4
3026,0,22,176,79,9,90,39.6
8264,1,29,172,71,4,86,38.8
6133,1,63,157,61,10,87,39.8
1448,1,25,152,56,9,90,39.5
6208,1,78,174,73,24,95,40.7
7323,1,34,171,62,25,112,40.7
880,1,54,169,66,6,85,39.4
11847,1,32,170,71,17,105,40.3
11418,1,57,157,57,14,89,39.9
9376,0,75,168,73,16,95,40.1
4998,0,76,188,93,8,93,39.7
8893,0,27,198,103,29,107,41.0
2858,0,29,194,95,16,99,40.1
4271,0,23,182,83,20,104,40.2
2397,0,68,179,85,13,91,40.0
1065,1,20,161,55,8,86,39.5
11022,0,25,166,68,23,106,40.5
11222,0,20,177,79,4,81,38.9
14978,0,51,183,81,10,86,39.9
2349,1,30,176,73,9,80,39.6
4490,0,55,193,100,21,100,40.6
8357,0,20,190,88,13,84,40.3
2416,0,27,186,86,12,102,40.2
12644,1,31,150,51,8,80,39.5
1135,1,31,151,52,5,79,39.1
10621,1,27,163,55,16,91,40.0
9702,1,21,158,54,19,84,40.4
8768,1,30,161,57,16,95,40.2
4280,0,53,181,84,16,90,40.1
3960,1,22,154,49,16,95,40.3
11381,1,74,163,64,25,103,40.7
12858,1,33,176,72,13,91,40.4
7503,0,71,191,91,12,87,39.8
1103,0,21,181,79,19,103,40.4
9167,1,57,160,62,16,95,40.2
6420,0,23,195,93,5,85,38.8
4546,1,33,179,73,23,104,40.8
12634,1,22,155,56,24,109,40.8
12979,1,48,159,60,18,89,40.6
12167,0,25,182,84,17,93,40.4
2589,0,62,180,83,27,99,40.8
2024,1,44,148,53,8,87,39.8
188,0,25,179,78,17,101,40.3
8936,1,22,188,81,16,97,40.3
7408,1,43,162,64,6,87,39.5
4020,1,56,158,54,8,90,39.3
5209,0,61,177,79,4,86,38.8
14193,0,20,176,81,27,104,40.7
9483,0,20,186,86,16,90,40.3
13710,1,40,162,60,14,91,39.9
8021,0,21,181,76,17,100,39.9
7097,1,66,176,74,27,116,40.8
8498,1,64,158,57,4,83,38.7
11390,0,26,194,89,29,110,40.6
6605,1,31,170,69,9,93,39.8
14471,1,58,149,55,5,85,39.1
10728,1,42,174,71,15,91,40.2
12929,0,23,171,68,23,100,40.5
6148,0,22,187,87,11,96,39.8
3398,1,34,176,76,18,95,40.3
642,1,22,161,62,29,99,40.8
11127,0,35,174,80,17,90,40.5
12164,1,69,147,51,20,96,40.1
14867,0,60,182,79,8,82,39.6
12039,0,37,194,102,15,95,40.2
9328,1,23,161,60,18,97,40.6
5797,0,34,200,98,13,89,40.1
8118,0,56,185,91,23,102,40.5
13846,1,24,164,65,14,98,40.4
1242,1,28,173,65,10,96,40.0
866,0,22,173,79,29,115,40.7
6361,0,32,192,91,1,88,37.6
772,0,31,193,97,15,92,40.5
13661,0,51,181,82,10,95,39.5
14096,1,22,153,53,3,82,38.5
3053,1,24,157,55,13,93,39.9
1324,1,59,150,48,23,100,40.5
5687,1,22,168,68,3,84,38.6
13125,1,42,164,57,20,99,40.7
1707,0,50,193,99,3,81,38.3
9891,1,68,173,68,13,91,39.9
9364,0,53,180,85,13,94,40.0
14340,1,40,162,61,5,84,39.3
6279,0,62,178,78,17,101,40.1
13523,0,37,189,87,30,120,41.2
466,1,65,158,61,26,111,41.0
2295,1,31,165,62,5,80,38.8
2200,0,29,175,73,9,91,39.7
7103,0,50,179,79,12,99,39.8
4178,0,58,180,86,12,92,40.3
10253,0,43,209,114,15,96,40.4
3324,0,31,178,77,21,97,40.3
6982,0,70,183,87,9,82,39.8
6664,0,39,200,99,5,86,38.9
5442,1,32,165,66,26,108,40.7
2238,1,20,143,48,27,107,40.6
8886,0,59,195,90,25,93,40.8
2929,0,24,205,99,18,94,40.7
8916,0,40,170,76,18,100,40.4
14645,1,46,171,74,8,95,39.6
13217,0,50,189,94,26,107,40.5
12455,0,71,185,86,7,82,39.4
12933,0,20,188,81,11,89,39.9
2389,0,21,188,93,14,91,40.3
10842,1,58,162,67,26,107,41.0
9345,1,55,165,63,11,89,40.0
13024,0,69,174,83,24,108,40.8
9943,0,23,189,91,24,101,40.6
3567,1,76,171,66,6,98,39.3
3600,0,26,202,104,13,103,40.0
11920,1,70,158,63,22,102,40.7
3447,0,21,173,72,25,106,40.5
9281,0,28,179,77,20,103,40.5
6976,1,40,176,70,18,96,40.6
8692,0,49,177,77,5,95,39.6
12076,1,22,168,60,10,87,39.7
3057,0,50,180,78,26,102,40.6
8265,1,33,158,61,21,107,40.8
8445,0,63,199,105,2,74,38.5
11075,0,46,179,80,25,108,40.7
7201,1,49,160,64,8,93,39.2
1080,0,70,178,80,14,83,40.2
6899,0,26,178,76,25,103,40.5
7123,0,25,200,95,12,93,40.1
7099,0,52,185,84,6,80,39.2
14292,1,32,153,54,8,92,39.8
14035,1,59,167,66,29,112,41.0
10395,1,35,175,63,3,76,38.8
13731,0,42,174,81,9,93,39.7
6944,1,73,163,62,19,105,40.5
6256,1,35,157,61,7,88,39.7
14979,1,25,167,65,17,96,40.7
11869,1,34,174,67,18,95,40.6
2463,1,24,157,52,11,85,40.0
9030,0,38,168,70,27,108,40.7
8858,0,43,177,80,27,103,40.9
10824,1,68,151,59,14,91,40.4
6324,0,52,197,100,26,96,40.5
11566,0,38,198,106,26,99,40.8
14446,1,24,179,76,20,114,40.3
13826,1,24,169,63,26,104,40.8
3500,0,65,197,102,13,83,40.1
13564,0,25,167,72,5,91,39.3
6575,0,36,174,78,13,92,40.1
318,1,37,166,61,25,103,40.7
13981,0,37,177,84,11,96,40.0
13497,1,27,161,59,16,89,40.7
7297,1,26,164,61,17,94,40.5
4303,1,30,159,60,16,89,40.4
1383,1,47,162,64,18,94,40.7
9790,0,32,187,93,11,90,39.9
11488,0,24,196,93,8,82,40.0
6810,1,27,168,64,27,110,40.8
4545,0,63,172,79,15,101,40.5
14594,0,34,171,68,14,87,40.5
14120,0,36,187,95,15,98,40.2
3579,1,26,144,52,11,96,39.8
2131,0,55,184,88,1,78,37.8
3953,1,21,151,49,14,101,40.3
1915,0,36,185,79,6,89,39.1
10808,0,64,192,96,23,99,40.2
4703,1,75,174,77,1,73,37.3
2139,0,47,210,110,12,88,40.1
11386,1,26,170,70,3,82,38.5
3457,1,23,170,60,19,100,40.4
3521,1,54,153,51,8,87,39.5
13866,1,58,170,68,12,95,39.7
4614,0,35,200,98,5,93,39.4
5378,0,37,182,83,29,104,40.8
10437,0,33,194,100,6,92,39.4
3578,1,36,175,70,5,92,39.0
4565,1,29,152,56,25,94,40.7
2927,1,28,166,68,28,111,40.8
12036,0,40,179,77,17,100,40.5
2683,1,74,164,63,29,104,40.8
5763,1,79,167,63,12,97,40.2
13469,1,78,172,72,9,96,39.7
529,1,35,132,38,30,112,40.5
2047,0,62,185,86,3,90,38.5
10413,0,24,195,97,9,83,39.3
13715,0,31,173,73,30,106,41.0
4135,0,52,189,93,24,111,40.7
14736,1,50,155,58,24,104,40.6
5118,1,21,165,61,21,92,40.8
3375,1,63,172,70,3,85,38.6
803,1,61,171,66,8,85,39.5
11301,1,25,148,44,29,110,40.7
12308,1,23,175,68,11,92,40.1
7205,0,64,180,83,22,105,41.0
3735,0,60,184,89,12,89,40.2
8232,1,29,141,48,13,82,39.7
1583,1,23,154,51,9,91,39.7
8073,0,22,189,85,5,83,38.8
2712,0,42,194,91,3,79,38.6
3812,0,21,191,95,25,110,40.8
5242,1,77,169,67,28,109,40.7
617,1,46,164,62,13,94,39.9
109,1,55,160,62,4,87,39.1
1815,1,31,168,69,6,86,39.0
5709,1,42,166,68,8,86,39.6
899,1,50,165,66,7,98,39.6
7766,0,25,197,97,14,92,40.4
2869,0,50,179,79,27,101,40.7
2091,0,33,177,80,25,102,40.5
8461,1,71,164,64,14,94,40.4
14798,1,60,142,52,3,82,38.5
11271,1,64,143,49,20,99,40.5
11212,1,48,167,68,18,98,40.3
5012,0,20,197,93,11,97,39.8
12449,1,34,149,51,25,105,40.7
1504,0,49,176,73,4,89,38.8
6267,0,64,164,70,25,105,40.2
9507,1,20,170,69,25,106,40.6
13784,0,24,186,83,10,92,39.6
1395,0,46,187,89,13,101,40.3
10671,0,30,172,75,28,103,40.6
1275,0,71,193,97,8,88,39.4
2361,1,30,153,56,20,91,40.4
7240,0,33,172,75,13,95,39.7
862,0,35,182,89,24,108,40.8
1016,1,28,173,71,1,83,37.7
6025,0,21,183,82,8,86,40.0
6482,1,40,168,65,8,88,39.5
13914,1,34,175,65,5,85,38.7
14914,0,29,193,99,2,83,38.2
9951,0,64,189,99,25,109,40.8
13086,1,48,166,61,20,100,40.6
8093,1,70,183,82,17,101,40.3
13474,0,61,188,94,18,97,40.3
11735,0,29,188,89,23,113,40.4
4815,0,30,168,70,4,78,38.8
2916,1,33,142,45,12,97,40.0
2069,1,38,166,61,28,115,40.8
6408,1,59,160,64,13,98,40.4
3316,1,49,153,52,24,104,40.7
13071,1,78,189,84,10,85,40.0
1460,1,63,168,69,12,89,40.0
8971,0,68,184,87,11,92,40.1
7199,1,39,159,59,5,88,39.3
6797,1,44,181,79,25,100,40.8
10222,1,25,163,64,12,96,39.5
8614,1,21,155,58,25,105,40.7
8526,0,53,177,80,15,98,40.0
9652,1,34,169,62,4,78,38.9
2531,1,27,169,66,9,87,40.0
4351,1,27,147,52,13,87,39.9
7489,1,57,178,75,7,91,39.4
12152,0,27,172,71,13,96,40.2
4920,0,36,192,90,10,83,40.2
4217,0,27,181,81,14,86,40.5
10816,0,45,186,95,7,84,39.6
9815,0,22,183,83,13,99,40.1
646,0,32,196,96,28,110,40.9
4289,1,30,144,42,24,105,41.0
3198,1,39,176,76,28,111,40.7
1563,0,31,174,77,24,105,40.6
13038,0,45,171,79,11,87,40.0
9150,1,26,180,81,28,105,40.7
4419,1,27,164,63,22,102,40.9
2852,0,31,179,84,5,86,38.9
7986,0,38,194,101,18,95,40.4
13601,1,70,163,64,24,105,40.7
9585,0,57,175,78,4,77,38.8
10883,0,20,194,86,20,106,40.2
4686,1,57,161,61,30,116,41.0
10078,0,36,201,99,28,106,40.8
6920,0,36,178,76,28,101,40.7
4062,0,30,187,92,14,95,40.3
5159,0,38,174,77,25,103,40.7
14903,0,55,173,74,24,105,40.6
2179,1,39,148,48,2,85,38.2
14095,1,67,170,74,6,85,39.2
8453,0,37,189,88,5,88,38.9
13296,0,34,195,101,13,88,39.6
8077,0,62,155,61,14,90,40.2
11359,1,41,161,61,11,84,39.9
8036,0,39,190,93,28,106,40.7
1282,0,54,193,95,16,100,40.3
8212,0,33,210,117,25,112,40.7
13095,0,49,188,94,5,85,39.0
8978,0,41,194,100,19,102,40.4
6286,1,55,159,59,7,86,39.1
34,0,22,182,84,29,114,41.0
1526,1,39,156,61,14,96,40.1
11414,0,55,184,86,2,83,37.6
4292,1,28,189,86,22,104,40.7
6285,1,37,161,57,10,86,39.8
4781,0,23,191,82,4,76,38.9
1807,0,67,177,77,3,77,38.3
8522,0,37,176,83,3,88,38.6
3291,1,22,149,50,8,97,39.1
11795,0,26,196,95,2,88,38.5
13634,1,24,152,55,10,94,40.0
11401,0,32,177,77,29,102,40.6
10597,0,59,182,84,11,97,39.9
972,1,50,170,68,3,84,38.4
7565,1,64,182,78,8,97,39.4
5237,0,35,160,67,4,81,38.8
10271,0,25,197,103,15,94,40.1
8115,0,27,184,87,8,93,39.9
10909,0,36,175,82,22,108,40.5
6103,1,28,163,59,3,85,38.9
1956,1,40,160,59,7,81,39.8
11426,1,42,158,60,24,99,40.7
1628,0,26,189,91,6,87,39.0
3036,1,37,152,51,17,96,40.4
6125,0,30,193,89,21,100,40.7
1298,1,55,179,74,16,105,40.5
6717,1,62,176,69,8,91,39.8
2601,1,37,159,62,25,101,40.6
11013,1,72,168,66,26,102,40.7
10911,0,33,175,70,26,103,40.6
1182,1,60,157,61,12,93,40.1
4747,1,34,149,47,25,100,40.9
3229,1,35,172,65,6,92,39.3
822,1,42,157,55,27,113,40.9
11194,0,24,186,86,22,99,40.7
3819,0,50,181,84,5,92,39.0
2912,1,50,176,73,10,85,40.0
1325,0,53,171,81,8,96,39.2
13034,1,31,176,69,12,98,39.5
4757,0,26,204,107,30,106,40.6
8,0,60,186,94,21,97,40.4
1672,1,21,158,57,17,96,40.4
2005,1,43,152,56,25,105,40.6
12853,1,75,164,61,17,93,40.3
5590,0,58,187,87,8,93,39.3
7674,0,61,194,91,26,102,41.3
4203,1,40,174,68,5,87,38.9
781,1,53,159,57,23,105,40.7
6416,0,61,209,117,28,110,40.7
8892,1,39,141,50,27,96,40.5
10721,0,73,182,83,2,85,38.4
9744,0,61,186,88,21,101,40.7
10937,1,23,158,56,9,91,39.9
3710,1,23,160,57,7,85,39.3
7690,1,44,152,58,2,76,38.3
12663,0,41,191,92,15,97,40.6
14078,0,55,189,97,8,91,39.4
14456,1,53,157,56,21,98,40.2
1816,0,42,180,83,28,114,40.8
4579,1,77,166,63,19,107,40.5
6814,0,42,184,83,30,110,41.1
12302,0,51,201,98,24,96,40.3
11776,1,29,165,64,11,93,40.0
8990,0,59,177,82,13,84,39.8
640,1,47,173,74,10,97,39.8
8585,1,52,182,77,4,86,38.8
5620,1,78,168,70,26,111,40.5
4940,0,20,198,104,30,106,40.8
14413,0,72,200,107,15,96,39.9
2323,1,40,149,53,27,106,41.0
427,1,37,178,74,24,104,40.8
10830,0,52,184,87,18,101,40.5
6248,0,32,183,91,5,91,39.0
4945,0,28,195,94,17,100,40.5
11375,1,45,174,68,24,103,40.4
8205,1,67,163,67,15,99,40.4
10326,0,38,190,95,7,79,39.4
5493,0,27,184,79,21,99,40.6
7773,0,68,189,92,20,101,40.5
4783,0,55,181,78,23,108,41.0
1484,0,23,162,65,29,107,40.9
383,1,37,187,84,11,99,39.9
8780,0,49,195,106,24,111,40.5
5361,0,24,174,78,10,82,39.7
4511,0,32,178,77,29,112,40.5
8190,1,31,175,73,10,87,39.3
2435,1,40,180,76,4,80,38.7
13989,0,60,170,76,10,81,39.2
5000,0,33,200,98,30,108,40.8
802,0,33,181,82,4,89,38.6
8769,1,30,171,65,19,102,40.7
2264,1,46,162,68,5,92,38.8
3678,0,27,193,92,25,111,40.6
12970,1,66,153,60,28,108,40.8
11711,0,21,182,75,30,113,41.0
3131,0,30,188,93,24,105,40.8
9698,1,53,173,68,7,96,39.3
14741,1,79,159,63,25,104,40.7
7884,1,33,153,51,14,102,40.2
9708,1,79,159,57,24,104,40.3
5947,1,32,172,66,29,105,40.8
12413,0,59,191,93,25,102,40.9
5405,0,31,184,83,2,83,37.9
2220,1,44,172,75,14,101,40.0
9654,1,47,163,58,11,85,39.9
7629,0,23,193,93,6,84,38.9
1948,1,28,159,56,11,93,40.0
2411,1,39,158,60,12,91,39.9
11789,1,33,151,44,16,89,40.0
3889,0,32,190,89,15,98,40.3
1718,1,37,159,62,9,89,39.6
1911,1,75,157,61,5,77,39.2
4953,1,61,154,55,14,95,40.2
14278,0,51,206,112,25,103,40.5
1171,1,63,150,54,15,99,40.0
14889,1,44,178,71,24,99,40.6
1678,1,39,156,59,26,104,40.7
13718,1,29,161,61,9,87,39.4
14669,1,30,154,55,1,86,37.5
3165,1,29,174,73,6,91,39.1
14532,1,25,160,61,3,81,38.3
11591,1,27,170,66,10,92,40.0
502,0,63,203,115,14,106,40.0
981,0,64,209,112,18,100,40.4
7684,0,27,188,95,4,87,38.7
1064,0,35,178,82,23,104,40.6
11704,0,24,191,83,8,81,39.7
12107,0,23,189,93,12,98,39.9
4090,0,22,184,88,24,104,40.2
259,0,24,183,80,27,116,40.6
9194,1,28,163,58,7,82,39.5
1818,1,27,163,60,4,82,38.7
10654,1,45,156,59,5,83,38.8
7056,0,53,178,82,18,102,40.3
333,0,22,165,67,27,119,40.4
1352,1,34,169,67,18,102,40.5
2942,0,30,162,68,4,80,38.8
2755,0,77,176,79,2,85,38.5
6581,1,65,183,83,27,112,40.8
4699,0,48,191,88,8,84,39.6
11154,1,29,159,60,20,106,40.5
11992,1,39,166,65,18,99,40.7
5277,0,20,197,102,4,91,39.1
5716,1,37,168,66,19,94,40.6
16,0,39,182,82,4,82,38.6
1346,0,22,180,79,13,87,40.1
9848,1,32,146,43,3,88,38.5
659,0,48,193,93,8,87,39.5
3985,0,68,184,91,16,90,40.1
14847,0,72,202,111,20,94,40.5
11482,0,31,183,90,8,89,39.5
3685,0,41,192,90,28,113,40.8
740,1,45,156,57,27,104,40.6
610,1,66,151,57,21,100,40.7
472,1,53,175,75,13,90,40.2
13137,1,51,151,55,10,93,40.3
5703,1,35,160,63,9,90,39.6
9751,1,69,172,73,19,103,40.2
113,1,79,152,60,29,107,40.8
14677,0,52,193,96,29,108,40.9
12871,0,34,191,96,29,111,40.7
895,0,32,170,73,19,99,40.5
10600,0,48,174,76,25,106,40.3
13572,1,43,163,61,20,105,40.6
9404,1,41,174,71,23,111,40.6
6924,0,23,186,82,11,92,39.9
14712,1,58,170,68,25,111,40.9
584,0,28,176,77,25,96,40.9
10953,1,59,153,56,23,105,40.6
14995,1,20,193,86,11,92,40.4
10312,0,32,179,83,3,86,38.7
11429,1,63,170,71,3,74,38.7
8066,1,36,160,63,3,78,38.3
5616,0,79,201,110,8,86,40.0
2484,0,25,196,88,13,94,39.9
7173,0,22,187,89,23,98,40.8
7318,0,44,191,88,2,80,37.9
14786,1,28,174,69,2,75,38.2
3088,0,52,191,85,2,81,37.9
13378,1,34,163,66,27,107,40.6
5736,0,21,195,90,21,95,40.7
2848,0,76,197,97,27,109,41.1
2150,1,39,165,59,28,114,40.9
11772,0,27,184,93,10,88,39.6
3179,0,53,195,102,17,103,40.4
9224,1,22,168,63,29,110,41.2
13297,0,22,162,63,30,107,40.9
11319,1,67,153,54,13,90,39.9
10315,1,22,145,43,9,77,39.9
12772,0,36,179,80,21,105,40.4
3852,0,20,171,77,3,86,38.6
12678,0,36,184,84,23,105,40.8
7220,0,35,175,79,10,81,40.0
6567,1,38,182,71,3,78,38.8
5444,0,78,196,105,4,89,38.9
3906,1,47,154,53,25,103,40.6
10629,1,50,167,62,22,100,40.8
4056,1,32,151,51,8,91,39.6
10391,1,60,170,71,9,91,39.5
12695,1,48,155,54,2,78,37.7
3079,0,35,193,98,10,85,39.7
11676,1,35,163,62,12,91,40.2
5571,1,70,166,66,13,98,39.7
6274,1,22,161,61,27,106,40.8
90,0,68,171,80,22,95,40.5
12862,0,29,173,76,10,96,39.9
7786,1,37,148,51,3,90,38.9
1382,0,48,180,84,2,77,38.3
9370,0,42,196,95,18,94,40.4
3760,1,71,174,74,4,86,39.0
5710,0,64,170,76,1,79,37.9
10929,0,24,176,80,9,91,40.1
14689,1,62,166,68,15,96,40.3
8090,0,58,195,103,22,99,40.4
13056,1,69,169,67,15,90,40.2
10950,0,21,176,75,22,107,40.8
7702,0,62,196,97,29,108,40.6
2037,1,50,155,59,18,113,40.3
4126,1,36,168,62,27,117,40.6
14290,0,71,179,84,11,89,39.9
13177,0,36,187,89,16,90,40.4
6688,1,41,153,56,12,92,40.2
6473,0,68,158,67,26,113,40.9
10084,0,27,175,79,16,93,40.1
4972,1,59,157,58,18,96,40.2
2607,0,25,187,91,13,89,40.0
8431,1,54,145,46,5,82,39.0
8642,0,34,164,74,6,85,39.3
5408,0,42,182,87,10,99,39.6
9211,1,55,162,60,20,94,40.1
2859,1,45,174,69,21,108,40.4
3044,1,20,170,63,10,91,40.0
2303,1,62,172,75,9,87,39.3
1722,1,26,170,63,22,106,40.4
9757,1,33,159,60,20,94,40.5
8222,1,28,160,60,16,94,40.0
1224,1,24,171,63,17,95,40.9
5045,0,51,178,81,8,85,39.4
9583,0,38,185,88,5,86,38.8
6262,0,42,197,97,12,95,40.0
8007,0,47,191,95,4,80,39.1
9105,0,22,182,84,13,92,40.1
8834,1,52,161,63,14,96,40.0
12931,1,44,169,69,18,97,40.7
11705,0,29,181,77,13,97,40.1
9559,1,67,155,58,9,92,39.4
7704,0,54,195,92,11,84,40.3
4663,0,61,195,105,11,96,39.7
1805,1,76,174,69,12,86,39.9
4695,0,24,178,81,6,85,39.7
7896,0,39,174,78,13,102,40.2
13129,0,29,180,78,18,97,40.2
11521,0,22,179,83,4,90,38.8
6168,1,25,168,65,21,107,40.3
4483,1,65,158,58,24,105,40.8
3246,1,60,159,53,6,87,39.5
13117,1,73,170,71,16,91,40.2
4227,0,27,183,80,13,94,39.8
6789,1,21,150,53,23,103,40.6
1605,0,61,194,92,24,99,40.5
11905,0,21,172,69,3,92,38.6
12014,1,26,174,73,22,94,40.6
6675,0,32,193,90,24,107,40.3
11326,1,56,174,72,25,108,40.5
6054,1,50,159,57,28,107,41.4
14426,1,43,179,75,18,98,40.5
12093,1,25,158,54,24,100,40.3
1734,0,32,186,86,3,80,38.5
11309,1,26,177,75,15,94,40.6
11176,0,38,195,93,26,108,40.7
1040,1,53,164,65,13,98,40.3
6877,0,45,190,94,19,100,40.4
1764,1,32,162,63,14,88,39.9
11727,0,75,187,96,11,93,40.0
5387,1,76,160,58,5,82,39.0
3248,1,45,169,66,19,97,40.5
12390,1,39,163,62,11,95,39.9
4342,0,54,199,97,11,96,39.9
723,0,46,184,89,10,95,39.9
4204,1,21,172,71,10,88,39.8
6854,0,53,182,85,26,110,40.6
5516,1,71,174,73,5,82,39.2
1829,0,28,168,75,25,101,40.9
3577,0,23,172,78,20,97,40.3
13825,0,56,190,97,2,79,37.9
11160,1,30,146,47,15,96,39.8
6835,1,73,137,47,22,100,40.8
6224,1,28,162,67,26,109,40.8
10167,0,57,181,89,16,95,40.5
2944,0,21,178,75,16,94,40.3
6280,0,37,177,77,21,98,40.4
7953,0,26,197,101,7,87,39.3
2404,1,32,170,70,18,96,40.3
3714,1,22,154,55,20,100,40.3
6029,0,21,183,81,5,87,38.7
3978,0,64,177,81,15,93,40.0
5263,1,39,152,53,6,85,39.4
10506,0,44,195,92,6,83,39.4
4854,0,50,171,77,29,111,40.8
14404,1,39,163,59,5,82,39.1
4360,1,26,163,65,14,92,40.2
10791,1,39,166,63,20,102,40.6
5902,0,38,188,89,4,82,39.0
7290,0,69,188,91,25,105,40.6
9952,1,26,156,55,9,89,40.1
11413,0,72,208,110,16,97,39.9
6166,1,65,158,62,23,97,40.6
2130,1,25,159,58,17,96,40.2
5844,0,43,168,73,5,83,38.7
6723,0,41,184,91,27,111,41.2
6576,1,33,145,49,13,95,40.3
7216,1,35,168,58,20,97,40.3
4866,0,66,199,100,17,98,40.5
12166,1,64,152,52,2,92,38.1
10857,0,29,179,80,28,108,41.0
12618,1,75,168,66,18,103,40.0
11936,0,21,180,77,14,92,40.2
1835,0,59,187,93,6,85,39.3
6908,0,36,186,85,20,98,40.3
3804,0,61,185,81,4,81,38.9
4745,0,70,167,76,19,97,40.6
12661,0,33,182,85,29,107,40.8
4272,1,39,170,71,12,95,40.4
7289,1,53,167,72,20,96,40.4
700,0,21,182,87,22,107,40.6
12660,1,26,168,64,3,84,38.6
54,1,69,174,69,2,80,38.1
10073,1,58,159,65,4,77,38.8
10065,1,39,166,56,16,100,40.3
2861,0,74,184,88,16,97,40.0
9409,0,26,193,94,12,96,40.1
4206,0,29,204,98,18,97,40.3
9766,0,70,178,89,26,112,40.6
1380,1,38,168,66,22,97,40.6
9555,0,29,199,102,21,102,40.3
14383,1,35,160,61,11,98,40.3
8816,1,22,149,52,22,103,41.0
13156,1,48,159,60,17,99,40.6
7286,0,22,194,92,19,97,40.5
9149,1,41,173,65,13,100,40.2
5460,1,28,177,70,14,93,40.0
7504,1,38,167,65,23,97,40.6
10277,0,55,163,66,3,79,38.6
11845,1,41,175,72,29,109,41.3
13035,1,43,161,61,5,88,39.0
11302,0,34,172,77,25,105,40.7
10386,1,34,156,49,28,110,40.5
14303,0,35,191,93,25,98,40.7
10045,1,26,156,60,8,86,39.5
7722,0,51,198,92,19,102,40.5
144,0,20,188,84,27,104,41.0
13104,1,46,160,61,25,101,40.6
13387,0,25,179,86,8,81,39.4
13269,1,40,174,69,2,85,37.7
7718,0,56,194,97,8,91,39.9
6943,0,28,185,88,19,98,40.5
9841,1,29,168,62,6,89,39.8
2319,1,33,159,55,27,105,40.7
594,0,68,186,98,28,105,41.1
8045,1,60,162,61,12,86,39.9
761,0,65,172,80,14,96,39.9
11259,1,52,158,60,23,109,40.8
3456,1,25,152,49,26,108,40.7
3181,1,79,156,54,13,91,40.3
3276,0,65,192,90,26,109,40.9
9496,0,79,177,77,7,92,39.3
14443,0,31,182,85,3,85,38.4
10244,1,33,147,51,14,84,39.9
9121,0,56,189,95,14,92,40.0
3241,0,27,171,77,2,77,38.0
14414,0,47,176,78,3,81,38.6
7781,0,70,186,92,18,100,40.5
1354,0,22,194,95,9,83,39.8
4026,0,27,194,90,7,89,39.5
14452,1,40,164,66,10,91,39.6
12170,0,23,182,83,17,96,40.2
12342,1,37,180,76,19,86,40.5
5822,0,26,182,79,4,83,38.8
7334,1,47,164,60,2,84,38.5
5775,1,52,161,60,30,109,40.8
5084,1,24,173,70,2,79,38.2
9117,0,28,186,82,12,94,39.6
12090,0,29,192,92,26,112,40.8
7132,1,43,183,75,21,99,40.9
12288,0,28,172,74,24,104,40.9
14950,0,23,178,81,23,105,40.5
6677,0,52,177,81,9,85,39.5
2623,1,36,154,52,21,100,40.5
9581,1,47,171,70,8,93,39.6
13417,0,52,174,78,1,83,37.5
11439,0,23,197,96,4,85,38.7
9662,0,26,193,89,29,111,40.9
13984,1,64,157,60,13,94,40.1
11643,0,30,177,80,25,117,40.7
13893,1,71,166,66,29,108,40.9
4282,0,25,176,74,19,107,40.5
1422,0,22,179,81,15,94,40.1
4316,1,48,181,74,26,102,40.9
307,0,25,185,89,27,104,40.8
3646,0,58,177,78,16,98,40.4
7043,0,42,172,71,13,93,40.6
13273,1,44,151,56,4,91,38.9
7941,0,29,181,83,20,109,40.7
10013,0,40,173,71,16,93,40.4
6202,1,51,158,61,11,89,40.4
11102,1,67,150,51,26,108,40.6
6543,1,24,163,59,8,90,39.6
2375,0,48,196,101,16,97,40.2
7960,0,51,189,88,16,101,40.0
7944,0,22,188,93,26,112,40.8
5020,0,73,172,76,4,85,38.9
11207,0,57,179,77,17,95,40.4
10199,1,24,161,61,4,83,38.7
14402,1,63,157,58,28,100,40.6
7217,0,71,183,87,26,111,40.9
3638,1,21,166,62,26,113,40.7
10381,0,54,181,87,17,98,40.4
9389,0,35,189,86,28,110,40.4
12010,1,52,168,66,16,101,40.5
10931,1,23,146,48,7,91,39.7
1606,1,65,148,54,13,85,40.3
12762,1,42,159,64,15,87,39.8
10979,1,27,178,77,19,104,40.7
8748,1,34,178,79,19,96,40.6
586,1,36,169,65,14,92,39.7
11611,1,40,152,49,23,106,40.5
1508,1,20,175,72,10,93,39.6
11979,1,41,160,60,28,101,40.9
9824,0,41,187,87,2,82,38.3
3399,0,52,173,77,14,88,40.4
6634,1,40,172,71,26,105,40.9
2822,0,24,199,97,6,87,39.2
9799,1,30,163,62,13,97,39.9
8984,1,65,157,54,23,97,40.4
12764,1,56,171,70,2,79,38.1
11131,0,23,194,92,9,95,39.6
810,1,23,158,54,9,92,39.4
8595,0,48,179,78,10,85,40.1
3481,1,72,160,62,11,94,39.8
1855,0,29,180,82,19,103,40.5
11720,0,28,195,94,4,83,38.8
14210,1,43,167,71,19,97,40.4
12582,1,62,148,54,20,97,40.1
4456,1,62,161,57,27,98,40.6
2265,1,49,156,56,29,115,40.9
422,0,68,166,75,28,112,40.8
11955,0,46,171,73,10,97,39.4
13560,1,54,145,49,17,98,40.5
10267,1,31,169,63,12,81,40.1
1594,0,75,190,98,26,103,40.9
9594,1,69,167,68,5,85,39.2
11690,0,25,187,81,15,101,40.3
3869,1,28,163,66,21,99,40.8
5698,1,28,166,62,22,99,40.5
8715,0,42,159,69,5,88,39.2
9374,0,37,187,85,26,103,40.5
790,0,61,197,104,28,108,41.1
12857,0,62,198,105,28,110,40.6
10324,0,50,184,92,8,90,39.6
1023,0,60,199,107,26,112,40.6
11771,1,26,168,66,16,102,40.2
11631,0,75,190,96,28,102,41.0
11130,0,21,166,69,27,101,40.8
310,1,55,176,72,5,84,39.3
10723,0,34,186,79,10,84,40.2
4374,0,63,193,99,7,87,39.7
2988,0,63,181,86,4,86,39.1
3828,0,32,167,66,11,93,39.8
11457,1,57,171,65,15,88,40.3
12774,0,74,173,80,14,90,40.0
5329,1,67,160,57,10,84,40.0
12168,0,22,184,89,11,87,40.3
11123,0,67,187,94,14,97,40.1
11540,1,51,169,63,3,80,38.6
10288,0,63,191,94,5,87,39.1
1562,1,77,150,55,5,80,39.0
13748,0,56,179,87,20,107,40.4
5301,1,38,156,56,7,83,39.2
8244,1,20,150,49,6,89,39.2
7849,1,78,165,64,24,97,40.7
10390,0,30,197,97,25,108,40.7
873,0,33,170,76,20,100,40.4
10090,0,28,179,75,17,100,40.3
7621,1,72,145,49,25,109,40.6
11550,1,57,160,67,27,109,40.6
13902,1,33,150,52,30,112,41.2
13849,0,69,176,78,18,100,40.3
13656,0,51,192,96,2,77,37.8
11186,0,54,186,84,28,110,40.9
5787,1,46,171,68,15,86,40.3
6052,1,30,173,68,24,105,40.8
12017,0,76,189,93,28,111,41.0
8003,1,45,159,53,22,97,40.5
904,1,23,148,52,25,108,41.1
14269,1,30,172,68,28,107,40.8
1462,0,28,186,91,18,100,40.3
14472,0,34,167,74,20,93,40.4
4706,1,50,154,62,22,100,40.6
10972,0,68,167,72,15,101,40.4
2672,0,77,190,90,9,88,39.4
6691,1,37,178,74,20,103,40.4
1711,1,33,140,45,12,90,39.5
10461,0,56,189,100,5,84,39.2
10540,1,75,139,44,11,86,39.9
10801,1,77,160,61,9,82,39.3
5035,1,51,149,48,28,107,40.9
491,1,30,162,57,15,88,40.3
5769,1,40,145,53,18,96,40.3
5098,1,67,167,71,21,98,40.3
2743,0,24,201,94,14,99,40.5
1007,1,63,171,73,8,88,40.2
4281,0,49,183,92,16,103,40.3
2597,1,75,161,69,19,93,40.3
13226,0,28,195,100,22,107,41.0
6973,0,31,197,105,21,99,40.7
14389,0,46,196,92,19,98,40.4
1830,1,20,170,59,6,83,39.3
6834,1,58,175,74,8,80,39.8
7587,1,26,161,57,3,92,38.3
12343,1,21,169,66,10,98,40.1
4547,0,22,170,68,21,103,40.4
2572,1,29,169,68,26,108,40.3
3695,0,64,195,101,30,109,41.0
11846,1,58,156,56,27,117,40.7
13618,0,61,194,103,9,88,39.9
159,1,26,170,68,23,105,40.7
7537,1,38,156,57,11,87,39.9
13724,1,41,154,51,5,87,39.4
4668,1,21,162,60,26,98,40.6
1616,1,71,162,61,21,102,40.6
12029,1,26,163,66,10,96,39.8
9932,1,27,166,62,15,88,39.9
6162,0,34,178,77,14,96,40.5
3103,1,63,157,57,8,94,39.9
10691,0,44,171,75,13,94,39.9
1407,1,23,161,60,22,111,40.7
12557,0,58,178,80,23,97,40.8
14513,0,52,189,98,3,85,39.0
14975,1,47,165,67,17,96,40.4
758,0,24,187,87,5,82,39.2
12179,0,25,174,80,29,109,41.3
8408,1,65,169,65,30,105,40.8
10115,1,30,161,61,26,116,40.8
6580,1,66,165,71,13,92,40.0
4049,0,41,184,82,19,104,40.4
254,0,33,200,101,17,98,40.5
875,1,70,164,63,12,94,40.4
573,1,25,173,71,14,86,40.3
14486,1,28,159,61,29,109,40.3
10035,0,33,183,88,9,89,39.7
3938,1,45,170,70,20,100,40.7
690,0,28,184,84,16,98,40.1
11214,0,28,189,84,6,81,39.1
4055,1,63,172,66,26,104,41.1
11264,1,36,177,73,30,109,40.9
12320,1,73,176,78,17,99,40.4
2348,0,53,196,97,27,108,40.9
3513,1,21,170,68,27,109,40.9
14719,0,37,186,91,9,89,39.1
11870,1,62,175,70,17,94,40.3
8235,1,61,151,55,11,90,39.3
3267,1,31,163,67,3,89,38.8
9415,0,79,181,90,27,114,40.7
14647,1,23,179,76,13,99,39.9
14058,1,37,161,60,26,99,41.1
4214,1,36,159,61,13,91,39.9
8754,0,73,203,106,27,101,40.4
7999,1,37,171,66,10,88,39.9
3604,0,20,186,83,5,102,39.1
11618,0,20,178,80,27,112,40.9
7011,1,21,173,70,4,87,38.9
9135,0,62,185,92,24,105,40.4
11249,0,57,189,89,13,95,40.1
3454,0,38,180,80,24,98,40.8
13742,1,56,174,69,5,85,39.1
11139,1,43,180,80,21,99,40.6
8733,1,33,153,60,8,84,39.4
11569,0,33,180,83,20,103,40.6
5226,1,56,162,56,19,97,40.5
5823,0,38,183,81,12,90,39.8
2055,1,75,143,49,15,86,40.3
5189,0,45,176,76,4,91,38.4
14931,1,53,152,53,25,109,41.0
14788,1,21,158,59,19,95,40.6
8370,0,59,190,90,27,100,40.6
304,1,40,160,70,8,88,40.0
12937,0,47,180,80,26,101,40.7
6423,0,55,183,83,6,84,39.2
6024,0,31,192,89,6,79,39.0
12932,1,27,155,55,6,88,39.2
10100,1,29,157,57,28,101,40.8
5883,0,45,191,92,23,107,40.5
9354,0,68,198,98,28,106,40.8
2758,0,26,183,85,22,107,40.4
2117,0,66,178,85,26,112,40.7
12414,0,71,196,99,15,87,40.0
2504,1,23,145,48,8,90,39.7
623,0,58,184,84,16,97,40.3
5052,0,60,191,95,2,72,38.1
2014,0,36,184,93,11,93,39.8
8471,1,66,172,71,25,99,41.0
4717,0,27,174,81,8,77,39.7
11914,1,31,154,57,7,84,39.2
9417,1,20,160,56,6,90,39.2
2992,1,58,169,72,27,101,41.2
13681,1,27,180,80,28,112,40.8
12072,0,25,178,77,9,89,39.4
4845,0,42,190,88,2,79,38.7
13192,1,56,146,49,6,91,39.4
5791,0,23,192,84,10,85,39.8
12448,1,22,153,50,29,110,41.1
13633,0,20,176,72,22,102,40.6
14549,0,25,178,81,23,106,40.6
172,0,49,183,89,25,111,40.8
3625,1,24,172,67,16,97,40.2
12162,0,29,182,90,11,96,39.8
13373,1,52,169,69,14,92,40.4
14006,0,39,177,77,7,88,39.4
4676,1,56,158,57,6,81,38.9
9473,1,34,175,75,18,95,40.0
7338,0,59,176,82,1,69,38.0
7968,0,28,187,88,4,77,38.5
11424,0,44,178,87,2,84,38.2
12490,1,41,143,48,2,74,37.9
8735,1,72,158,59,2,71,38.6
6343,0,20,191,89,8,87,39.3
6613,0,70,194,95,2,76,38.6
1068,1,75,171,68,22,94,40.8
12622,0,50,157,62,6,90,39.4
6076,1,74,140,46,5,87,39.3
9301,0,26,162,66,16,88,40.1
11922,0,40,176,75,21,100,40.6
8518,1,46,163,60,11,93,39.9
11706,1,57,186,84,17,100,40.5
3531,0,38,186,81,2,84,38.0
12637,0,22,177,78,25,102,40.7
5932,1,33,150,48,15,89,40.4
3217,1,72,146,51,18,93,40.2
12992,1,21,176,72,25,103,40.7
4667,0,40,180,84,28,101,41.1
13627,1,56,163,65,21,108,40.8
3124,1,56,156,55,2,76,38.8
4025,1,42,149,50,15,99,40.2
8806,0,70,184,84,26,110,40.7
57,1,69,164,65,23,113,40.4
4371,1,23,173,69,24,105,40.8
13193,1,42,169,65,3,78,38.7
5651,1,32,163,60,11,100,39.4
4935,0,66,184,86,25,106,40.4
6694,1,36,158,57,6,91,39.0
13005,0,35,201,99,3,87,38.7
2787,0,35,188,89,5,83,39.0
11699,1,58,177,74,28,110,41.0
5591,0,73,185,93,27,105,40.9
6368,1,30,165,61,4,90,38.8
8952,1,31,154,59,4,73,39.1
2998,1,24,141,43,11,100,40.3
5879,0,48,175,75,17,95,40.3
4064,1,53,177,76,12,95,40.0
5733,1,26,161,60,21,98,40.8
12616,0,42,169,66,21,108,40.3
14323,1,28,164,68,20,103,40.3
10004,0,35,170,76,11,95,39.8
7579,1,31,159,59,2,81,38.2
7274,1,43,166,62,8,86,39.4
10658,1,51,168,66,25,104,41.1
12439,1,73,156,59,2,81,37.7
10470,0,42,194,100,13,98,40.1
5308,0,46,177,76,21,100,40.4
5031,0,56,187,90,25,99,40.5
11523,1,22,151,52,3,79,38.6
11688,0,68,177,85,23,94,40.8
4037,1,42,145,44,9,89,39.4
5509,1,20,167,59,13,95,39.9
14732,0,44,175,74,1,74,37.9
10070,1,36,154,51,14,91,40.2
1038,0,62,190,95,11,93,40.1
12052,0,23,190,91,20,100,40.6
7538,0,45,184,85,16,91,39.9
5173,0,26,177,71,4,82,39.2
6925,0,26,194,94,8,84,39.3
6870,1,39,161,63,16,94,40.1
13607,0,79,194,101,17,105,40.2
13775,1,60,160,61,27,109,40.5
2427,1,24,154,56,26,106,40.9
11,1,21,157,56,17,100,40.0
13078,0,29,182,81,21,106,40.3
849,0,51,177,76,1,76,37.8
7600,1,33,173,66,19,99,40.4
7058,1,64,158,63,16,96,40.5
12507,0,73,174,81,28,110,40.7
10346,1,25,172,69,18,96,40.5
10945,0,23,187,87,15,92,39.8
11185,1,77,153,54,22,102,40.7
2006,1,50,165,71,21,101,40.4
3175,1,39,173,69,3,92,38.6
11762,1,56,151,53,24,101,40.4
11983,1,23,172,68,16,98,40.4
4445,1,21,187,81,16,89,40.2
10192,1,52,160,58,18,94,40.3
853,0,32,187,90,7,90,39.4
11403,1,32,161,61,3,78,38.6
12860,1,27,171,63,24,107,40.7
11892,1,20,175,72,13,85,40.0
10290,1,46,165,68,2,85,38.3
13901,0,43,178,78,16,94,40.1
8219,1,34,161,62,1,80,37.4
8400,1,37,170,65,2,79,38.3
3002,0,67,179,83,10,89,39.9
2280,0,22,187,90,4,73,38.9
13230,1,31,175,66,1,79,37.4
8887,0,45,193,97,8,93,39.4
5503,1,72,186,84,13,93,40.0
2431,1,30,168,70,28,103,41.1
7224,0,53,182,86,18,96,40.5
1246,0,51,169,69,20,100,40.1
8744,0,24,173,75,13,97,40.2
5863,0,39,194,99,17,95,40.2
6701,1,23,152,51,19,100,40.4
7959,1,63,161,61,11,91,40.4
7627,0,79,179,85,8,89,39.6
11235,1,53,167,61,9,84,39.5
6640,1,74,162,69,8,97,39.7
1801,1,54,179,72,28,110,40.9
10510,1,44,164,59,20,98,40.7
2725,0,51,175,81,6,83,39.3
10208,1,25,190,85,13,82,39.9
2085,1,48,166,70,4,87,38.8
3205,0,76,175,77,18,98,40.4
2138,0,21,177,77,24,104,40.6
10775,0,41,168,73,29,101,40.3
5866,1,47,169,67,26,108,40.8
5569,1,20,153,48,14,94,40.2
3892,1,71,165,60,28,115,40.7
3792,1,35,165,61,20,99,40.3
12955,0,23,177,79,29,106,40.9
3492,0,51,193,91,15,104,40.4
12286,0,29,180,82,14,86,40.2
13155,0,44,183,91,15,90,40.4
8272,1,24,157,56,11,95,40.0
12754,1,48,175,73,10,87,39.8
958,1,34,135,41,14,92,40.2
13180,0,58,181,85,5,84,39.0
13172,0,39,202,104,19,100,40.3
5528,0,48,181,84,25,99,41.1
13597,0,32,184,93,11,84,39.7
13777,0,29,171,70,16,96,40.2
14489,0,35,174,73,30,114,40.9
4398,1,61,175,78,8,82,39.4
5613,0,72,179,80,15,107,40.5
3844,0,65,174,81,21,103,40.6
4275,1,29,164,65,24,106,40.8
1379,0,54,191,88,23,113,40.2
5948,0,59,182,81,15,86,40.0
6595,0,32,189,94,7,83,39.2
9459,1,55,170,62,23,102,40.5
1712,1,72,165,69,4,86,38.7
7756,1,22,157,55,20,97,40.5
1396,0,43,171,76,14,95,40.2
6836,1,32,162,60,21,102,40.6
4715,0,65,186,93,13,97,39.9
11341,0,38,184,87,21,98,40.7
12363,1,20,183,81,5,87,39.2
6876,0,53,203,104,3,81,38.6
279,1,45,158,57,7,91,39.3
2452,1,20,171,69,9,99,39.6
2647,0,41,195,96,19,100,40.5
9745,1,25,162,60,4,84,38.9
10792,0,57,193,103,23,105,40.5
261,0,49,193,100,22,99,40.5
6697,1,57,173,71,19,97,40.8
11061,0,47,194,94,3,89,38.7
3344,1,32,167,63,5,91,39.2
12341,0,48,191,91,9,83,39.1
11237,0,26,180,83,11,89,39.5
8677,0,65,183,89,23,103,40.7
7455,1,41,150,52,13,92,40.5
10582,1,25,175,61,2,90,38.3
5023,1,59,185,80,15,87,40.6
3546,1,40,168,66,6,82,39.0
5385,1,25,174,66,4,82,39.1
11070,0,23,179,84,26,107,40.6
5360,0,44,152,54,20,96,40.5
9884,1,31,168,67,10,84,39.6
14739,0,27,182,79,3,89,38.9
668,0,35,187,92,19,100,40.5
143,1,25,157,57,23,107,40.8
1042,0,60,166,69,28,102,40.7
4948,0,30,205,114,22,114,40.7
12195,0,78,174,80,28,109,40.7
4554,1,23,146,45,18,96,40.2
13574,0,22,173,69,27,114,40.8
12880,1,78,156,60,18,96,40.7
7376,1,51,166,66,20,95,40.2
9993,1,66,158,53,19,103,40.6
11454,0,44,186,93,21,93,40.4
11311,1,63,165,61,8,91,39.6
9134,1,79,168,70,23,97,40.5
158,1,22,147,47,17,101,40.3
9620,1,32,164,59,7,90,39.9
1511,0,48,176,77,2,85,38.3
8993,0,45,193,92,17,97,40.3
9944,0,55,183,83,24,106,40.7
4593,1,77,170,75,7,87,39.8
9280,0,36,190,83,24,101,40.9
2481,0,20,174,74,28,109,40.9
3659,0,63,185,90,29,112,40.9
2654,1,65,149,50,25,105,40.4
7263,0,61,206,103,12,94,39.6
11344,0,42,208,108,9,86,39.5
678,0,78,176,80,13,98,40.1
4694,0,25,200,99,23,100,40.4
1266,0,26,181,81,4,79,39.1
7042,1,23,185,76,11,89,40.0
6755,1,46,161,54,10,88,40.2
13770,1,44,173,71,25,103,40.5
1333,0,20,178,76,11,97,39.7
4549,0,54,189,90,24,103,40.2
7460,1,37,179,71,19,99,40.8
2417,1,56,173,72,21,108,40.5
13063,0,78,187,88,22,98,40.8
12292,0,47,175,76,30,113,41.3
4150,1,30,154,52,22,97,40.7
10214,1,23,174,69,8,89,39.7
5217,0,59,190,93,8,93,39.8
1145,0,78,179,84,30,110,40.8
9445,1,32,163,57,16,91,40.1
10053,1,40,180,72,5,82,39.2
6048,0,29,184,93,8,88,40.0
12518,0,76,186,92,5,94,38.9
12144,0,23,198,96,14,96,40.0
6062,0,31,168,73,22,101,41.1
1568,0,40,174,79,23,101,40.5
2952,0,70,180,77,9,100,40.0
12980,0,41,178,81,3,81,38.4
12577,1,20,157,49,25,106,40.6
11143,0,29,187,87,28,108,40.9
5372,1,22,176,73,12,89,40.0
10748,0,31,196,93,2,83,38.6
10421,1,34,163,59,26,101,40.7
13690,0,52,193,94,24,103,40.8
4927,1,25,169,67,15,96,40.2
1432,0,22,176,71,7,88,39.7
826,1,38,178,70,13,89,40.2
4811,0,35,181,82,23,105,40.5
183,0,24,178,77,19,98,40.1
3704,0,66,174,81,14,87,40.2
2860,0,35,200,107,9,96,40.0
9453,1,72,169,64,27,113,40.8
5556,0,56,178,76,7,87,39.4
10077,0,32,197,95,6,85,39.5
3930,1,26,170,67,19,97,40.6
961,0,35,175,80,26,106,40.7
14477,1,73,156,57,3,80,38.6
7379,1,23,137,42,3,89,38.7
6604,1,36,159,60,10,90,39.7
4633,0,35,173,78,12,85,40.0
12005,1,40,162,64,6,88,39.0
7615,1,38,169,66,5,96,39.2
14730,1,65,187,79,28,108,40.7
2279,0,27,179,72,22,104,41.0
14507,0,34,198,103,25,99,40.8
9822,0,35,187,87,28,111,40.8
5927,1,52,178,74,22,98,40.4
12514,1,44,151,53,11,94,40.0
12131,0,20,187,85,12,81,40.1
12358,0,26,180,78,4,92,38.7
12935,1,26,161,51,28,109,41.0
4707,1,37,163,57,23,102,40.6
9981,0,32,188,91,30,128,40.9
482,0,21,206,105,15,96,40.1
11902,0,40,188,87,17,102,40.4
10438,0,74,184,88,7,88,39.4
14492,0,29,188,89,29,111,40.8
3550,0,28,174,73,28,104,40.9
1695,0,27,158,65,9,87,39.4
3952,1,35,150,53,19,101,40.8
3537,0,44,188,88,24,106,40.7
12918,0,49,170,76,23,110,40.2
14580,0,62,181,81,27,108,40.6
14965,0,79,190,95,20,101,40.6
4571,0,45,198,100,16,97,39.9
14519,1,77,178,77,29,108,41.3
1935,1,29,176,67,13,88,40.1
9584,1,27,164,59,4,86,39.1
570,1,20,151,54,18,92,40.2
12950,0,29,180,84,7,88,39.6
1058,1,60,170,68,25,102,41.3
11912,0,23,182,82,2,79,38.2
9238,0,48,199,101,11,95,40.0
12123,1,23,162,61,15,102,40.2
1304,0,40,191,88,18,101,40.3
11437,1,25,172,70,16,92,40.6
554,0,34,186,87,17,95,40.3
6598,1,22,170,64,13,99,40.3
1970,1,32,153,55,8,89,39.5
2922,1,75,182,82,22,99,40.5
5293,0,37,179,89,6,92,39.2
9274,1,21,151,55,30,106,40.8
5581,0,37,187,87,29,113,40.8
14138,1,53,181,77,9,82,39.8
4784,1,29,178,76,17,99,40.1
3902,0,21,191,89,9,85,39.5
9020,1,24,166,65,4,76,38.8
10110,0,73,186,96,20,103,40.4
13537,0,28,187,88,1,89,38.0
4537,0,31,178,80,27,107,40.7
2467,1,28,172,71,11,86,40.0
5505,1,40,159,56,27,103,41.0
8349,1,42,165,65,3,79,38.6
10553,1,35,171,71,25,91,40.5
9713,0,63,196,101,9,95,39.5
1688,0,61,185,85,2,73,38.2
4981,0,25,192,87,18,99,40.2
405,1,32,159,55,13,92,40.2
11655,1,25,161,61,17,99,40.5
5314,0,67,186,93,12,93,39.7
476,1,60,164,66,27,110,40.8
7519,0,36,195,94,3,86,38.7
3185,1,23,182,70,17,102,40.3
11226,1,33,169,70,24,98,40.7
4606,1,57,174,72,24,107,40.6
1632,1,46,179,73,5,85,39.1
67,1,22,177,71,10,93,39.8
14396,1,25,159,57,13,94,40.3
13578,1,25,162,60,2,80,38.1
12385,0,66,176,82,27,110,40.8
14744,0,79,194,101,14,90,40.0
11198,0,60,187,92,25,112,40.8
12765,0,33,197,93,9,85,39.6
3675,1,31,168,64,20,100,40.1
3114,0,64,196,95,26,103,40.3
6724,1,79,174,72,24,91,40.6
5027,1,23,169,66,16,97,40.0
8778,1,59,161,57,28,110,40.5
8004,1,64,170,67,2,90,37.9
5606,0,71,181,85,17,101,40.2
9405,0,45,178,74,28,105,40.9
2391,0,56,174,82,21,101,40.7
10502,1,44,158,57,28,111,41.0
10027,1,36,167,65,29,117,40.6
8628,0,38,178,81,26,110,40.6
9478,1,38,157,59,11,85,40.0
10860,0,54,182,92,28,106,40.8
11823,1,55,181,77,24,109,40.6
5013,1,21,146,49,8,90,39.5
840,0,74,184,87,20,101,40.5
14527,1,57,164,66,22,92,40.5
8838,0,20,180,81,26,110,40.8
8217,0,46,189,89,20,95,40.5
4975,0,31,182,87,27,115,41.0
3721,1,59,166,68,14,89,40.3
8661,0,26,190,87,23,100,40.7
4680,1,75,179,83,26,109,40.8
10849,1,30,141,45,14,95,40.4
1002,0,64,195,99,13,87,40.3
1799,0,36,171,75,13,90,40.3
10734,0,64,187,94,28,110,40.8
2450,0,49,195,98,28,110,40.8
13693,0,37,177,81,9,87,39.6
9735,0,42,182,78,20,95,40.6
339,1,36,174,68,19,108,40.1
1036,0,64,183,89,26,107,40.9
2342,1,25,181,70,21,108,40.2
1667,1,21,174,73,3,93,38.2
8372,0,46,173,81,13,88,40.2
8533,0,28,190,93,10,84,39.6
373,0,35,200,99,24,104,40.6
13576,1,44,191,89,28,99,40.7
11681,1,49,151,53,21,93,40.6
8070,0,20,185,82,15,102,40.2
10462,0,35,179,81,11,94,40.0
793,1,22,158,56,18,97,40.4
2975,1,50,152,48,13,87,39.9
3304,1,24,163,66,7,87,39.3
786,0,23,179,83,3,91,38.6
6142,0,39,170,75,22,91,40.8
11033,1,30,176,75,12,85,39.7
1683,1,23,161,60,26,112,40.5
7694,1,28,174,68,3,83,38.7
11273,1,25,165,63,26,113,40.8
1888,1,29,160,60,2,80,38.2
8410,1,56,183,80,20,102,40.8
4185,0,22,187,86,17,94,40.1
10444,1,21,161,58,8,88,39.9
8972,0,24,168,69,10,103,40.0
14253,1,51,153,56,27,102,40.8
7054,1,38,163,64,25,107,40.6
13160,1,35,148,53,5,84,39.2
9079,0,20,189,85,7,87,39.6
7051,0,41,177,79,5,91,39.4
271,1,41,150,51,22,95,40.2
5426,1,62,170,67,21,102,40.6
13783,0,22,190,94,2,82,37.9
2573,0,32,179,81,26,110,41.0
9334,1,70,160,64,15,99,40.0
8440,0,37,195,97,18,97,40.4
2630,1,24,182,74,7,88,39.3
8569,1,34,168,66,17,100,40.5
62,1,32,167,63,9,99,39.7
12821,0,22,181,83,22,108,40.6
148,0,40,184,87,5,88,39.5
5728,1,58,166,73,19,99,40.5
920,0,29,188,86,4,85,39.1
3487,1,33,167,64,3,78,39.0
3899,0,20,193,98,8,92,39.8
2143,1,46,184,79,17,97,40.1
7901,1,66,173,75,25,98,40.5
669,1,28,172,68,3,85,38.6
10966,1,45,161,65,7,80,39.5
6222,1,42,179,72,7,96,39.4
7572,1,38,176,67,3,87,39.0
8881,1,34,160,60,4,78,39.0
6310,1,44,151,52,2,79,38.1
2503,0,41,181,82,23,106,40.5
14861,0,59,192,92,13,95,40.1
763,0,59,199,104,20,102,40.5
3421,1,34,155,55,28,108,40.9
10275,1,24,148,52,13,79,39.8
13138,1,21,146,44,4,81,38.4
590,1,50,170,70,26,100,40.6
6986,1,55,163,63,24,96,40.7
8997,1,20,180,78,24,110,40.8
545,1,49,164,59,27,104,40.8
13426,1,33,159,54,16,94,40.1
5828,1,54,158,63,23,101,40.7
4522,0,75,171,73,22,97,40.6
11879,0,32,203,111,17,93,40.1
367,1,56,160,63,4,84,38.7
9632,0,26,174,79,1,74,37.7
4883,0,28,185,87,24,95,40.5
10497,0,36,186,82,24,106,40.5
2083,1,52,161,64,16,86,40.3
10706,0,49,187,88,23,94,41.0
207,0,72,197,102,25,106,40.9
5913,0,22,191,93,2,89,38.4
6300,0,45,179,85,11,88,40.2
14231,0,57,181,76,13,92,39.8
2854,1,45,167,62,30,118,40.9
9827,1,69,152,57,21,99,40.4
11258,0,37,180,77,24,104,40.5
12306,1,25,156,60,28,110,40.8
838,1,43,146,51,9,94,39.2
9972,0,33,165,67,27,106,40.5
100,0,74,201,107,14,96,40.1
9365,0,27,196,93,18,99,40.3
4395,0,36,179,77,23,110,40.7
5312,0,35,171,78,8,86,39.7
4016,0,51,189,88,15,104,39.7
4826,0,71,174,79,19,98,40.4
5722,0,31,199,109,21,95,40.5
3251,1,78,175,73,21,107,40.6
5843,1,48,165,67,21,106,40.8
8457,0,51,172,72,14,102,40.5
12919,1,60,172,65,10,92,39.2
2801,0,65,196,98,21,103,40.2
8439,0,35,203,109,12,94,40.1
8131,0,39,188,90,26,117,41.0
10251,0,37,169,69,23,93,40.6
3352,1,34,180,73,26,89,40.5
5449,0,43,183,82,21,98,40.7
9791,0,33,195,94,12,81,40.3
1980,0,68,190,99,19,98,40.4
6695,1,69,167,70,4,77,38.9
13569,0,29,166,68,21,96,40.6
7763,1,69,152,55,18,99,40.5
12059,0,33,177,78,10,92,39.9
1351,1,23,167,67,14,96,39.9
10569,0,49,183,84,9,84,39.7
11709,0,39,185,81,12,101,40.0
11497,1,79,191,87,18,98,40.1
14043,1,36,157,63,24,108,40.8
515,0,22,184,82,14,87,39.9
3339,1,56,174,69,9,91,39.7
10651,0,37,187,88,4,78,39.1
14716,1,25,166,61,15,104,40.2
11274,1,38,162,60,17,102,40.3
5577,0,54,182,91,14,102,40.1
4802,0,36,180,85,23,109,40.6
9928,0,49,184,91,14,96,40.1
7223,1,22,160,61,29,98,41.0
13988,0,26,201,94,10,87,39.7
4903,0,53,183,84,22,103,40.5
6111,1,36,165,66,8,98,39.6
5496,0,26,193,92,29,101,41.0
7951,0,42,204,105,13,91,40.2
14376,0,55,185,88,18,103,40.4
10195,0,36,187,88,25,106,40.9
1843,1,42,152,58,9,97,39.8
1512,1,42,157,59,22,95,40.5
1536,1,50,174,76,25,104,40.6
12240,1,36,166,65,12,95,40.2
980,1,20,172,60,20,102,40.7
13441,1,26,161,61,15,93,40.2
1412,1,54,169,68,14,94,40.0
5252,1,55,161,63,9,93,39.9
8164,0,55,191,89,9,91,39.6
13738,1,25,157,58,1,82,37.7
14437,0,53,186,91,12,88,40.0
6158,1,30,164,69,4,80,38.7
3989,1,69,170,71,25,99,40.7
5900,0,33,174,82,24,106,40.4
10173,0,66,183,87,13,95,40.0
7808,0,37,172,74,9,94,39.3
11519,1,32,164,64,3,81,38.5
6515,0,22,188,87,9,86,39.9
6364,0,53,193,94,23,101,40.8
6570,0,26,196,96,3,84,38.5
13684,0,22,195,97,2,84,38.2
14566,0,29,197,94,29,111,40.8
684,0,51,198,94,17,87,40.1
6294,1,54,161,62,8,82,39.8
9736,1,79,150,51,24,110,41.0
4369,0,20,182,86,4,86,38.6
4679,1,50,175,77,2,77,38.4
1314,0,66,190,94,25,101,40.8
585,1,20,170,64,23,96,40.5
3862,1,20,174,77,21,110,40.7
11009,1,26,147,51,19,96,40.3
30,0,20,183,88,16,97,40.5
11748,1,67,188,83,18,94,40.7
12364,1,23,166,59,2,82,38.1
9001,0,21,185,87,12,88,39.9
4104,1,76,186,89,11,98,40.0
10838,0,48,181,91,28,104,40.9
12630,0,28,179,78,3,89,38.9
22,1,33,157,60,3,80,38.7
1927,0,57,182,84,28,108,40.9
2535,0,28,171,70,17,103,40.4
6711,0,40,218,132,1,88,37.8
13260,1,60,164,61,5,83,39.1
14026,0,22,166,64,14,98,40.2
7150,0,37,183,80,12,94,39.5
9382,1,26,168,67,29,93,41.2
140,0,59,166,73,23,101,40.4
5019,0,34,178,81,9,95,39.7
4336,1,48,176,76,21,92,40.3
7974,0,52,182,86,28,104,40.3
8086,1,63,163,60,19,98,40.2
12023,1,61,144,47,4,79,38.7
501,1,36,152,54,10,86,39.7
3272,0,20,187,90,25,105,40.7
8423,1,30,169,64,18,97,39.9
12238,1,70,156,56,23,113,40.8
6098,0,43,185,82,5,83,39.0
7102,1,46,164,60,8,87,39.5
3323,1,41,161,62,8,90,39.5
4800,1,55,161,64,29,104,40.3
1447,0,43,169,73,9,84,39.9
681,0,47,200,108,15,98,40.2
5235,1,60,186,87,13,95,40.1
9868,1,29,160,62,19,98,40.6
6787,1,34,146,53,7,93,39.8
7444,1,51,164,65,17,107,40.4
9510,1,48,154,55,19,91,40.3
2018,1,78,152,57,12,83,40.0
5641,0,27,184,79,5,89,38.9
6665,0,71,183,89,22,109,40.8
12547,1,43,165,65,16,93,40.4
3594,1,43,178,78,16,96,40.3
4672,1,56,164,68,10,96,39.8
2356,1,21,165,65,12,88,40.1
3795,1,65,166,64,27,114,40.7
6069,1,45,164,67,15,88,40.2
7899,0,72,186,94,9,88,39.9
13148,0,29,181,78,23,104,40.8
3150,1,32,174,70,28,96,40.6
759,0,43,178,83,13,83,40.3
1140,0,76,189,91,22,103,40.8
1540,0,32,195,102,15,100,40.4
5443,1,28,166,58,10,93,39.5
8042,1,29,162,65,11,99,39.9
11819,1,40,169,69,23,110,40.7
8634,1,26,167,63,24,99,40.9
7055,1,39,174,72,20,93,40.6
8386,0,24,171,77,5,86,39.1
12503,1,54,161,60,14,96,40.4
12746,0,31,175,76,16,89,40.2
3279,0,76,179,79,19,105,40.5
13583,0,34,178,82,10,90,39.5
13504,0,67,180,81,4,82,39.0
14908,1,20,158,54,10,99,39.8
5307,0,28,195,99,18,101,40.7
6151,0,26,198,95,5,88,39.3
6261,0,39,173,72,21,99,40.4
1700,0,21,197,89,9,83,39.8
7411,0,22,185,85,24,107,40.4
11919,0,37,182,82,20,99,40.8
12713,0,70,194,94,5,91,38.6
877,0,27,192,90,16,88,39.8
1160,0,39,183,83,20,91,40.2
5922,0,28,165,68,25,98,40.5
13395,0,34,206,103,22,100,40.8
9529,0,33,174,81,12,96,39.9
10941,0,29,164,65,2,93,38.1
9603,1,30,164,61,5,79,38.8
7668,1,23,148,53,8,96,39.6
9903,0,21,197,103,14,99,40.0
14984,0,31,182,86,22,101,40.6
9643,1,39,156,53,17,103,40.2
14802,0,77,189,88,21,104,40.6
11118,0,24,196,97,4,83,39.3
10419,1,44,166,68,22,99,40.4
3286,1,39,179,76,6,82,39.4
8536,0,76,211,116,25,110,40.8
6035,1,43,183,85,10,94,39.8
4494,1,31,158,53,10,91,40.0
4133,0,61,183,85,15,101,40.0
2377,1,59,181,78,29,103,41.0
1221,1,43,176,75,6,81,39.2
6433,0,65,176,88,30,110,40.4
11785,0,43,200,104,8,90,39.9
12399,0,38,164,67,11,83,39.6
10851,0,30,179,77,26,108,40.6
10200,1,38,178,79,4,85,38.8
5499,0,20,196,99,21,108,40.7
10293,1,21,157,59,5,71,39.1
9317,1,32,158,57,23,101,40.6
13186,1,42,170,70,25,111,40.5
6439,1,53,160,64,27,103,41.0
11882,1,47,159,60,27,104,40.8
2114,0,21,178,78,20,99,40.5
11458,0,34,183,83,5,86,39.2
11428,1,58,177,68,9,88,39.9
14076,1,32,170,68,6,81,39.5
12879,0,68,186,90,5,87,39.0
1371,1,68,164,61,19,100,40.6
11524,1,52,164,59,24,101,40.9
6939,0,41,173,79,29,105,40.8
9648,0,49,188,93,25,105,40.7
7000,0,51,185,90,15,99,40.4
1368,1,29,164,64,27,106,41.0
900,1,20,148,52,9,93,39.7
4334,0,40,189,92,26,116,40.9
3113,0,60,194,93,5,87,39.1
3,1,34,179,71,13,100,40.5
7402,0,41,170,69,18,101,40.2
6593,0,22,192,96,20,100,40.7
2687,1,41,177,70,27,116,40.6
4688,1,28,162,65,17,96,40.2
745,0,26,180,75,4,77,39.2
8083,1,32,153,56,1,68,38.2
10697,0,20,173,77,12,84,39.8
10821,0,48,188,90,1,87,37.6
12154,0,39,191,87,29,111,41.2
11089,0,26,189,93,24,104,40.9
6084,1,59,149,54,26,104,40.8
13856,1,68,172,74,8,93,39.7
7265,0,32,191,93,14,91,40.0
7604,1,57,175,70,18,94,40.3
1602,1,74,161,59,7,89,39.3
3094,1,29,169,72,15,88,40.3
10694,0,38,189,93,13,95,39.9
7222,1,40,150,49,22,92,40.2
76,0,57,178,83,2,79,38.1
5172,0,44,195,96,16,95,40.4
8254,1,49,175,70,17,101,40.5
7577,1,25,157,55,15,100,40.3
10918,0,52,197,102,30,107,41.0
365,0,29,176,76,13,91,39.8
7499,0,29,183,78,22,93,40.6
5305,0,59,173,79,27,107,40.4
3778,0,21,185,84,3,85,38.6
14541,0,45,191,91,26,110,40.7
4915,1,22,153,57,1,81,38.0
13341,1,50,172,71,15,84,40.3
14841,1,33,164,64,4,85,39.2
10526,1,44,182,83,28,108,41.1
8183,0,29,174,76,25,97,40.5
8863,0,28,196,95,2,89,38.6
1846,1,30,157,55,17,95,40.3
5865,1,24,169,65,30,112,41.3
13946,1,73,174,72,28,113,41.2
3440,0,22,197,94,25,108,40.6
8450,1,20,156,53,28,102,41.0
13314,0,31,193,95,2,86,38.6
13709,0,32,173,78,8,94,39.6
4279,1,23,169,60,21,99,40.5
10919,0,37,181,88,22,97,40.8
11507,1,30,176,71,4,82,38.6
5262,1,23,184,75,12,93,39.6
14884,1,37,174,75,19,98,40.6
6855,0,28,167,65,12,90,40.2
273,0,52,188,93,21,107,40.6
894,0,60,207,114,1,87,37.7
10499,0,25,170,74,4,90,39.2
10897,1,71,156,56,15,98,40.2
10191,1,39,181,76,7,84,39.4
10547,0,31,200,99,17,89,40.6
14765,0,73,180,88,8,75,39.3
9895,1,57,176,73,26,105,40.8
13857,0,57,177,83,12,91,39.7
8804,0,33,177,82,23,102,40.8
3977,0,75,169,72,16,98,40.0
11394,1,31,169,66,19,102,40.1
6470,1,44,162,60,5,88,38.9
10624,1,44,169,64,15,94,40.4
12223,0,54,177,80,10,90,39.9
14824,0,23,200,107,8,93,39.4
7695,1,47,172,66,9,92,39.6
14118,1,24,155,60,18,99,40.6
5398,0,59,192,98,14,92,40.2
11661,0,52,171,81,17,102,40.6
6757,1,53,153,52,17,104,40.5
9961,1,23,167,63,11,89,40.0
7819,0,29,177,79,2,82,37.7
2187,1,62,167,65,22,103,40.9
9771,1,60,174,77,5,92,39.2
2690,1,51,179,76,21,88,40.4
911,1,24,175,67,24,105,40.6
13956,1,56,150,54,5,94,39.2
7593,1,27,158,56,14,96,39.8
3602,1,35,177,71,14,103,40.0
7320,0,22,165,68,18,94,40.1
9366,0,29,179,83,20,98,40.5
8315,1,71,176,72,11,92,39.4
11448,0,61,200,99,9,78,39.7
3690,0,27,167,67,14,91,40.1
9210,0,20,181,87,30,110,40.9
11610,1,41,164,67,24,109,40.6
2713,0,34,175,72,22,105,40.7
13116,0,59,191,91,2,85,38.0
7425,0,42,176,78,4,88,39.1
9834,1,74,148,50,30,113,40.7
9605,0,35,194,100,18,100,40.3
10543,0,46,183,84,15,96,40.7
8899,0,79,207,119,14,94,39.9
3542,1,32,176,70,24,101,40.6
8847,1,20,179,76,26,108,41.2
7333,0,46,183,82,24,113,40.7
1187,0,62,209,110,8,87,39.4
12823,1,45,151,50,20,93,40.5
6354,1,28,164,60,19,103,40.3
7341,0,69,193,99,7,90,39.4
6291,1,70,166,66,11,89,39.9
8303,1,55,165,67,11,97,40.1
12118,1,47,161,58,11,99,40.1
5888,0,61,193,99,18,104,40.1
13931,0,20,184,86,11,91,39.8
592,1,52,171,70,28,115,40.6
10307,1,36,177,73,5,87,39.0
9029,1,26,173,66,26,104,41.0
9566,1,28,148,47,13,95,40.2
14419,0,27,184,84,16,101,40.3
10469,1,41,173,71,25,109,40.7
13058,1,34,178,77,23,93,40.3
6597,0,38,173,80,4,86,38.9
14191,0,67,199,106,29,108,40.8
14942,1,29,175,74,1,71,38.1
11926,0,24,181,86,9,75,39.8
10799,1,56,164,63,13,94,39.9
3349,0,61,182,87,26,104,40.7
8297,1,71,158,59,23,110,41.0
6806,1,42,160,61,8,92,39.5
1296,0,52,203,107,20,100,40.4
1648,0,74,185,93,9,89,39.7
10064,0,62,183,86,19,97,40.9
4459,1,28,162,61,12,92,39.9
1776,0,55,182,87,12,95,39.8
14033,1,39,166,68,14,94,40.3
6488,1,66,160,58,18,96,40.1
5777,0,56,184,88,7,89,39.4
12373,1,24,175,72,4,87,38.7
2719,0,32,182,86,29,110,40.8
5283,0,33,187,86,30,106,40.5
3475,1,33,171,70,10,92,39.8
9138,1,58,147,49,27,106,40.8
9176,1,55,183,82,27,109,40.7
9133,1,66,157,61,23,102,40.6
2380,1,43,154,54,6,83,39.0
8613,0,28,207,103,10,96,40.1
2073,0,30,178,76,8,81,39.9
5422,1,68,161,60,16,95,40.4
6556,1,20,166,60,3,77,38.4
4567,1,51,180,83,15,87,40.5
14998,0,63,173,79,18,92,40.5
6696,0,27,198,93,25,112,40.5
7215,1,52,172,65,3,80,38.4
4116,0,40,176,77,6,92,39.2
11716,0,21,195,93,19,104,40.4
11860,0,72,175,81,19,96,40.6
2972,1,24,161,57,12,96,40.1
6065,0,60,171,76,10,84,39.6
10092,0,30,183,88,23,104,40.7
2184,1,54,161,57,7,94,39.2
14560,1,45,160,55,2,83,38.2
5539,1,23,161,58,9,92,39.7
11541,0,46,184,84,3,80,38.7
8638,0,30,171,72,18,101,40.5
12834,0,35,179,83,16,93,40.3
889,1,21,166,63,5,81,39.3
5523,1,27,159,54,10,97,40.0
6394,1,75,158,60,16,101,40.3
14188,1,37,163,58,28,117,41.0
8112,1,53,167,68,27,117,40.8
13533,1,42,176,71,17,97,40.1
13039,1,74,174,79,4,90,38.8
14808,1,28,184,76,6,91,39.3
831,1,56,160,60,5,89,39.0
1072,1,27,160,55,19,102,40.5
1613,0,46,184,85,16,96,40.5
3374,1,61,164,62,13,95,40.1
12022,0,32,189,89,19,104,40.0
2089,0,52,187,95,10,89,39.8
5099,1,21,155,58,24,106,40.7
13636,1,38,152,57,9,79,39.6
14601,1,44,177,78,26,105,41.2
10374,0,48,176,79,24,100,40.4
11613,0,21,175,74,29,109,41.2
5686,0,22,194,91,28,108,40.6
6812,0,25,169,69,19,93,40.4
5557,1,47,153,57,26,104,40.9
7148,0,47,184,88,6,81,39.4
656,0,38,170,77,19,112,40.3
4850,1,32,153,51,12,101,40.4
1944,1,38,162,60,19,96,40.5
2655,0,41,177,84,8,84,39.7
9039,1,43,149,53,4,84,38.8
1619,1,71,178,77,16,100,40.1
12533,1,53,165,70,21,89,40.4
1560,0,20,183,80,26,112,40.8
1399,0,60,173,73,22,108,40.8
3667,0,29,196,100,24,106,40.6
13983,1,55,159,63,6,85,39.2
613,1,24,159,58,3,88,38.5
12877,1,39,172,72,3,87,38.7
12502,1,42,173,68,5,79,38.7
13561,1,48,171,68,16,96,40.4
11006,1,79,156,55,16,89,40.4
11670,1,20,173,67,29,111,40.6
12917,0,25,174,74,8,87,39.4
10335,1,27,170,65,10,90,39.5
3245,1,32,157,50,28,104,40.6
6397,0,74,186,93,9,85,39.6
3224,0,27,186,93,25,114,40.9
4151,1,37,167,70,29,113,40.7
11322,0,46,191,87,5,89,38.7
11080,1,20,153,56,18,95,40.4
7069,1,64,161,62,15,102,40.5
12566,0,27,195,90,9,92,39.9
4582,0,33,183,87,23,100,41.3
2791,0,53,202,107,26,100,40.6
13130,1,64,168,65,20,105,40.4
13332,0,28,194,98,9,86,39.7
11658,1,21,169,60,24,111,40.7
6146,0,47,206,109,21,101,40.5
4215,1,53,172,73,6,75,39.5
9401,1,58,139,43,26,113,40.6
4530,1,29,165,58,9,84,39.5
3772,1,52,150,51,3,83,38.2
11723,1,21,154,53,26,103,40.9
665,0,34,184,88,5,82,39.1
1006,1,40,154,59,14,90,40.3
10361,0,78,187,95,26,110,40.7
12766,0,37,180,80,17,102,40.4
4641,1,49,156,57,25,112,40.9
14312,1,34,166,67,19,103,40.5
4518,1,30,158,57,29,117,40.7
14382,1,34,175,71,1,86,37.4
4278,1,22,172,65,25,109,40.6
6742,0,42,212,112,12,93,40.0
13233,0,28,193,96,11,85,40.1
2076,1,47,149,54,6,87,39.5
13592,1,63,153,49,22,101,40.9
7033,1,55,174,69,27,110,40.6
774,1,75,156,57,27,114,41.0
1655,1,65,165,65,14,94,39.9
11568,1,31,152,54,16,92,39.8
5134,0,33,197,101,1,80,38.2
3794,0,65,190,95,9,88,39.8
987,1,37,170,64,20,105,40.3
7643,1,22,164,58,27,107,40.8
2874,0,38,176,77,10,91,39.9
1727,1,23,161,55,3,83,38.3
13957,0,42,188,89,16,96,40.2
2663,0,23,183,84,29,112,40.9
8432,1,20,166,58,8,88,39.9
8622,1,24,166,68,18,92,40.4
8339,1,34,156,56,17,93,40.3
14805,1,35,156,55,8,94,39.4
6956,1,39,181,75,18,95,40.4
7667,1,61,157,62,5,83,38.8
3448,1,35,167,63,24,100,40.7
3924,1,65,157,59,13,91,40.0
10563,0,47,194,99,29,102,40.7
470,0,20,182,74,12,80,39.9
4032,1,72,168,70,12,85,39.8
13877,0,57,187,88,25,113,40.9
10184,0,34,170,77,13,100,39.9
2692,0,44,180,82,3,86,38.9
8740,1,21,174,67,5,89,39.2
1920,0,21,179,74,3,81,38.6
8720,0,23,200,101,27,106,41.0
9953,1,62,168,65,7,86,39.4
9067,0,42,164,61,20,111,40.9
8665,0,39,200,105,18,99,40.5
1715,0,75,188,96,21,103,40.4
2830,0,51,182,85,12,90,39.8
3193,1,50,159,59,4,86,38.8
13610,0,69,193,98,6,82,39.1
4607,0,37,194,96,11,94,39.7
5770,0,45,183,87,17,99,40.0
2674,1,31,171,68,28,107,40.7
13150,1,20,162,56,29,113,40.7
12457,1,74,189,83,29,103,41.3
4681,0,31,182,89,18,103,40.1
11822,1,29,146,47,12,94,39.9
1787,0,26,197,99,30,118,41.1
3067,0,58,193,96,23,108,40.5
955,0,37,195,99,6,82,39.1
8911,0,32,182,81,5,92,39.1
14850,1,36,173,68,6,85,39.2
9500,0,25,187,86,26,95,40.5
2186,0,20,177,77,10,98,39.8
11560,1,34,159,60,17,96,40.7
8913,0,42,189,93,22,105,40.6
12899,1,36,155,56,18,104,40.6
12226,0,20,187,81,16,91,40.1
12500,1,39,158,54,26,105,40.8
7852,1,60,153,57,16,99,40.4
375,0,32,176,83,10,99,39.7
11470,1,54,171,70,26,111,41.0
14082,0,24,192,92,27,105,40.7
10409,0,62,189,98,26,109,41.0
12415,0,25,180,79,4,92,38.8
11730,0,64,182,92,22,101,40.4
8607,0,78,195,104,18,96,40.7
13472,1,38,190,79,18,95,40.6
9936,0,41,185,85,2,79,38.1
2231,1,38,145,49,17,91,40.1
12378,1,46,171,65,5,95,39.1
7586,0,31,187,82,27,105,40.5
8927,1,43,174,71,12,91,40.1
9753,1,79,142,50,14,86,40.1
11087,1,79,160,64,26,109,40.5
8459,1,70,162,63,27,98,41.0
14211,1,50,158,55,24,105,40.7
7335,0,34,182,89,18,102,40.2
14531,0,21,199,99,20,108,40.3
3656,1,73,167,71,27,98,40.7
14723,1,29,155,54,11,84,40.1
11064,0,43,181,83,25,102,40.4
3370,0,45,191,99,14,96,40.0
5129,1,64,151,50,6,87,39.4
14166,0,70,186,90,6,84,39.3
4643,1,43,173,67,11,95,39.7
2621,1,70,164,63,7,86,39.6
11164,0,77,176,78,29,112,40.8
3343,0,21,196,95,22,107,40.6
11749,1,21,159,62,21,95,40.4
14572,0,79,205,105,6,86,39.5
12452,1,68,176,73,21,94,40.3
7838,0,53,185,88,3,84,38.4
2358,0,52,183,83,10,91,40.1
9356,0,32,190,91,24,117,40.4
5064,0,43,184,85,9,83,39.8
6237,1,66,149,55,25,99,40.2
11395,0,28,176,74,15,103,40.1
7230,0,76,183,82,19,101,40.5
12885,1,26,143,41,4,73,39.4
12844,0,27,181,86,30,112,40.8
8157,0,43,194,98,27,104,41.0
3681,0,26,199,96,26,101,40.9
6190,0,22,181,85,15,96,40.1
5868,1,40,135,42,14,94,40.2
11641,0,68,172,82,8,86,39.7
3773,0,51,173,73,21,112,40.6
294,0,62,193,100,8,90,39.4
13623,0,40,198,104,29,110,40.7
13436,1,72,157,53,6,82,39.2
6233,0,55,183,83,4,92,38.7
6288,0,35,196,88,7,88,39.6
6362,1,51,164,66,19,100,40.2
4266,1,36,165,62,6,83,39.3
2643,0,62,172,81,14,88,40.5
9130,0,23,186,88,4,84,38.7
3379,0,29,183,87,4,78,38.6
3191,0,70,195,102,15,93,40.1
8702,1,57,165,60,19,91,40.2
3215,0,23,170,70,29,110,40.7
9641,1,59,176,73,6,82,39.2
10549,0,26,191,91,16,99,40.0
9451,0,36,183,85,20,105,40.7
11968,0,54,188,87,2,80,38.1
11956,1,52,170,67,19,101,40.5
5044,1,64,167,69,12,95,40.3
13801,1,76,171,74,13,100,40.1
10659,0,21,191,95,8,89,39.6
9612,0,59,177,87,26,114,40.8
10511,0,73,182,92,3,88,39.0
798,0,21,187,84,27,97,40.8
9318,0,58,190,94,24,98,40.5
8998,0,57,182,88,28,101,40.8
7782,1,52,174,68,30,113,41.0
14280,1,24,170,64,8,90,39.6
563,1,42,157,56,25,106,40.8
9991,0,24,189,89,16,98,40.1
2293,1,49,164,66,23,101,40.5
13936,0,45,163,72,9,85,39.4
5352,1,40,158,60,17,95,40.1
12891,0,70,172,77,12,99,40.1
7166,0,26,187,88,18,94,40.6
3367,0,63,184,84,27,111,40.6
14295,1,72,186,89,24,100,40.9
1857,0,66,189,88,8,85,39.8
2298,1,74,167,71,20,100,40.6
13085,0,56,183,75,29,105,40.6
7919,1,78,182,79,7,84,39.4
10503,1,23,155,57,5,91,39.0
14638,0,25,194,89,2,84,38.1
1682,0,33,180,82,3,83,39.0
1410,0,43,182,90,21,102,40.4
3133,0,23,184,81,15,102,40.3
9789,1,58,177,72,25,113,40.7
3954,0,46,179,76,28,102,41.0
6273,1,56,167,67,3,85,38.9
5171,1,61,179,76,21,99,40.3
8175,1,48,181,72,6,89,39.4
123,1,35,182,70,2,83,38.4
1281,0,39,192,91,10,89,40.2
9436,0,73,182,82,27,107,41.3
14088,1,75,161,60,16,84,40.0
8064,1,26,163,61,17,97,40.2
9313,1,28,178,77,22,103,40.6
1789,0,34,170,68,23,103,40.5
10261,1,55,155,56,15,93,40.0
13445,0,49,177,84,9,86,39.7
5323,1,39,184,77,10,89,39.6
12830,0,23,187,84,16,97,40.4
6083,1,42,154,58,30,112,40.7
10973,0,32,187,84,11,82,39.9
2051,1,40,165,61,1,86,38.0
13514,1,22,173,64,15,94,40.5
9900,0,60,193,96,11,90,39.3
12676,0,38,201,109,23,108,41.2
13949,0,62,195,102,17,92,40.0
14916,0,31,164,68,3,78,38.8
2914,0,32,185,84,17,98,40.3
2250,1,40,159,63,12,93,40.2
2963,0,31,177,78,7,80,39.5
4233,1,47,168,69,7,90,39.5
14150,0,26,170,75,27,102,41.0
5833,0,67,195,94,28,100,40.8
12651,0,21,173,76,5,86,39.2
2729,0,20,179,75,17,109,40.3
4503,1,44,169,67,24,88,40.9
2510,1,31,166,65,5,90,39.4
181,0,41,178,76,28,104,40.8
11537,0,41,164,68,13,92,39.9
12999,1,71,172,69,21,108,40.3
7624,0,29,159,67,16,97,40.0
14849,0,25,188,93,23,98,40.4
5580,1,47,169,65,2,75,38.2
4153,1,37,176,70,25,108,41.0
4721,1,23,155,52,16,94,40.1
14528,0,37,179,82,28,101,40.7
1494,1,65,162,65,12,98,39.8
924,1,57,161,61,27,108,40.8
11032,0,42,177,76,5,89,38.9
9123,1,66,156,60,12,85,40.2
9758,1,33,171,64,3,81,38.7
6176,0,60,184,93,9,91,39.7
9748,1,75,166,72,28,105,40.7
13339,1,29,154,54,25,111,40.6
14835,0,41,183,88,16,96,40.3
9010,1,24,147,48,4,91,38.8
204,1,49,166,66,11,89,39.6
8165,0,53,194,97,19,105,40.3
202,0,60,193,90,15,95,40.0
12198,1,22,169,62,19,99,40.3
3880,1,53,169,64,11,96,39.7
1209,1,45,176,76,14,100,40.4
2346,1,42,166,69,8,81,39.4
7352,1,67,174,74,14,98,40.1
14958,1,32,163,64,11,94,39.6
10692,1,29,137,47,12,86,40.1
713,1,41,167,61,29,103,41.2
885,1,56,165,70,18,98,40.4
1129,0,55,179,81,21,105,40.7
2827,1,38,158,63,21,103,40.6
11565,1,20,164,63,22,113,40.5
680,0,68,195,98,21,105,40.4
7898,1,43,159,65,27,106,41.1
3614,0,67,190,87,10,90,39.9
7229,0,54,190,94,29,111,40.5
2453,0,21,186,86,28,107,40.7
5017,1,31,190,82,25,114,40.9
5778,1,40,170,70,29,109,41.1
3315,0,47,175,79,19,98,40.3
11623,1,29,172,67,19,95,40.3
6031,1,32,159,58,7,90,39.6
3523,0,37,191,90,12,98,39.7
11885,0,20,166,68,8,83,39.9
8671,0,20,182,81,1,75,37.5
8271,1,34,157,61,27,106,41.1
2541,0,21,193,88,15,90,40.4
13179,1,20,171,68,2,86,38.0
12586,0,46,169,72,25,108,40.7
1347,1,38,159,58,14,82,40.2
12428,1,29,171,67,22,103,40.8
8204,0,24,189,97,18,99,40.5
6034,1,20,158,58,22,94,40.5
6848,1,29,161,58,2,77,38.1
8074,1,70,174,76,6,88,38.7
12161,1,36,188,84,13,96,39.8
2136,0,24,175,70,8,90,39.3
7312,1,41,161,55,23,107,40.4
8309,0,21,183,83,3,73,38.7
12662,0,53,186,86,5,87,38.8
7874,0,21,190,93,6,80,39.3
7153,0,37,196,100,9,85,39.4
14081,0,38,200,104,13,86,40.1
12493,0,64,178,82,22,101,40.6
8866,1,48,160,59,1,79,37.6
7236,0,48,198,103,15,90,40.2
14778,1,48,170,64,17,99,40.3
7660,0,31,186,89,10,97,39.8
5829,0,34,194,93,12,89,40.3
9455,0,64,195,102,27,107,40.6
11254,1,37,167,62,3,78,38.8
1170,0,32,175,73,29,114,41.2
11508,1,24,152,55,11,88,39.7
9613,0,20,199,92,7,92,39.9
6393,0,21,193,89,14,96,39.7
11014,0,44,185,85,26,103,40.7
210,0,65,204,103,14,93,40.1
9721,0,24,183,81,12,91,40.1
11490,1,69,154,59,16,99,40.8
9298,1,28,152,53,13,98,40.1
6183,0,74,181,79,26,98,40.8
5813,0,24,179,83,10,91,39.8
3872,1,71,189,89,18,89,40.4
3540,0,33,193,98,2,77,38.1
2560,0,76,176,81,24,94,40.7
993,1,24,171,72,27,101,41.0
9527,1,37,177,67,29,109,41.1
5729,0,33,170,66,14,95,40.0
3767,1,47,158,54,26,113,40.4
8915,0,48,159,60,21,98,40.6
392,0,24,182,78,28,105,40.8
1834,1,58,149,54,24,107,40.4
7550,1,30,166,64,7,86,39.3
13753,0,62,194,101,17,100,40.2
2171,1,26,161,60,9,82,39.8
1896,1,59,135,38,17,98,40.4
87,1,49,164,64,19,105,40.4
5893,1,25,168,64,22,106,40.9
5239,0,20,178,79,10,92,39.5
3831,0,45,187,85,18,91,40.4
9994,1,42,166,63,20,98,40.6
8829,0,40,181,79,12,89,39.7
3318,0,63,199,101,14,81,40.1
8116,1,45,157,60,27,110,40.6
10630,1,58,173,77,26,103,40.6
606,1,53,166,64,9,87,39.5
12780,1,62,168,67,14,95,40.0
2980,1,54,162,63,13,101,40.0
7732,0,53,188,88,16,96,40.5
8940,0,76,179,86,18,100,40.5
1053,1,20,156,51,20,88,40.5
3907,0,56,179,87,5,95,39.1
8725,1,33,166,62,20,99,40.0
14002,0,26,189,87,26,104,40.7
13101,0,68,190,90,6,84,39.3
9107,1,25,158,62,10,90,39.7
8150,0,49,172,75,14,100,40.0
11392,0,29,187,84,16,93,40.5
13651,1,32,151,54,20,100,40.6
2244,1,37,170,69,25,118,40.7
696,1,32,171,68,26,103,40.9
11183,1,21,175,68,7,85,39.4
7508,0,45,177,85,7,89,39.5
5179,0,20,174,74,18,95,40.3
8385,0,51,175,77,18,96,40.5
6017,0,23,171,71,3,75,38.8
9772,0,25,175,75,18,104,40.3
10176,1,78,157,56,4,79,38.7
4870,0,60,173,82,24,104,40.2
8919,0,62,196,94,14,89,40.1
5241,0,22,196,91,9,92,39.7
9215,0,35,182,83,11,91,40.0
9505,0,30,158,62,21,106,40.4
8300,0,49,203,102,17,93,40.4
11573,0,39,173,78,7,89,39.4
9601,0,47,191,89,9,88,39.8
9430,1,58,171,67,6,82,39.4
1993,1,64,167,64,17,101,40.1
12649,0,51,190,87,20,96,40.9
8394,0,20,179,79,28,107,40.9
7956,0,74,178,87,4,74,38.9
11286,0,20,164,70,19,99,40.6
13382,0,63,179,81,6,88,39.2
4306,0,28,188,84,22,105,40.8
11491,0,33,197,100,3,90,38.5
13249,1,50,145,50,18,100,40.6
4448,1,57,167,63,21,100,40.5
4498,1,42,160,54,25,106,41.1
14655,1,34,170,70,9,89,39.4
256,0,75,187,97,7,84,39.1
8549,0,21,186,89,26,106,40.7
11970,0,41,188,93,13,91,40.2
131,0,51,192,96,19,97,40.6
10515,0,51,188,89,26,97,40.9
2899,1,27,155,53,22,108,40.6
9957,0,58,196,101,30,109,40.8
1319,0,27,180,80,11,95,40.0
13342,1,35,170,66,15,89,40.2
5806,0,70,182,85,19,101,40.3
4820,1,30,169,69,6,89,39.4
13031,1,39,179,76,20,105,40.5
857,1,55,167,66,14,87,40.0
9525,1,40,167,59,29,121,41.1
7391,1,35,164,65,24,106,40.8
10818,1,42,168,64,28,118,40.9
7061,1,22,151,49,27,107,40.7
6087,0,56,177,84,25,103,40.5
11230,1,47,162,57,24,106,40.6
8612,1,47,171,67,10,96,40.1
1402,0,29,172,76,25,103,40.9
11629,1,27,172,69,6,73,39.4
182,0,41,172,71,7,87,39.5
9368,0,56,185,89,21,95,40.7
1950,0,33,186,83,24,116,40.3
1334,1,59,160,59,20,94,40.2
1253,0,23,198,96,13,90,40.1
4302,0,33,185,91,12,94,40.1
10517,1,30,184,80,16,98,40.2
8126,1,39,135,43,12,91,39.9
5666,0,79,193,97,2,80,38.0
5637,1,49,179,75,17,98,40.6
5701,1,65,161,64,17,90,40.6
9146,1,54,163,58,16,98,40.5
14449,0,54,183,91,18,109,40.6
7696,1,28,176,78,5,86,39.0
8229,0,56,180,85,19,107,40.5
8277,1,52,172,73,16,92,40.3
461,0,21,185,88,12,97,39.9
14227,0,58,189,96,27,107,40.8
9096,0,50,199,102,7,88,39.6
11759,0,60,178,78,26,103,40.5
4041,0,38,187,82,9,95,39.5
12826,1,42,169,69,13,94,39.6
13919,1,29,175,76,11,88,39.7
8798,1,28,161,56,28,111,40.9
6241,0,50,179,78,5,92,39.3
2105,0,25,182,85,25,101,40.9
5404,1,46,171,70,9,92,39.7
11559,0,42,174,76,14,84,40.4
10974,1,22,168,66,7,79,39.5
12098,0,20,192,95,15,95,40.1
5160,0,64,180,83,17,92,40.5
7146,1,68,173,74,22,102,40.1
12473,1,29,158,59,29,111,41.0
8547,1,45,164,58,16,103,40.3
13422,1,28,168,70,28,104,40.6
6165,0,27,194,98,13,89,40.1
9441,0,32,175,74,4,81,38.9
3394,1,47,151,55,20,101,40.7
11379,1,38,179,79,29,114,40.7
12065,1,61,146,52,20,97,40.3
10086,1,26,156,56,16,89,40.3
2793,0,73,170,75,5,89,38.9
5873,0,21,186,82,10,88,40.2
8015,1,36,168,66,9,93,39.6
14927,0,28,197,98,7,85,39.6
864,0,65,198,96,5,85,39.1
12784,0,24,179,82,24,100,40.5
7476,1,54,155,60,19,110,40.4
4900,0,41,187,88,29,110,40.7
13068,1,45,152,51,1,82,37.6
5294,1,46,170,72,15,99,40.2
7369,0,26,183,82,4,81,38.6
1218,0,36,172,70,7,87,39.3
2728,1,79,178,73,19,99,40.6
6464,0,26,177,76,24,100,40.7
11187,0,71,192,97,22,104,40.6
5743,1,27,146,51,24,107,40.8
11147,1,44,169,68,10,90,39.7
7259,1,68,168,62,3,85,38.7
521,0,27,180,80,28,111,41.2
1957,1,32,163,66,19,101,40.7
13045,1,26,171,70,16,93,40.2
5584,1,22,177,75,9,98,39.7
11312,1,44,167,67,13,94,39.9
4942,1,44,171,70,17,105,40.4
8616,1,20,180,74,13,94,40.1
11538,1,72,163,68,9,89,39.8
10023,1,38,169,66,20,104,40.2
10289,1,30,157,48,4,79,38.7
12260,0,35,185,92,8,92,39.5
3919,1,26,164,62,15,95,39.8
3857,1,57,170,69,20,96,40.2
13845,0,49,205,104,11,95,39.8
6064,1,29,184,72,28,115,40.6
7917,0,48,173,75,9,93,39.6
6012,0,37,192,98,4,84,38.8
2129,0,36,186,89,22,103,40.9
1575,1,20,156,52,10,97,39.5
9431,1,41,161,60,24,105,40.7
5005,0,33,185,83,23,98,40.8
4089,0,38,202,108,19,100,40.4
10158,1,39,177,73,27,105,40.8
3789,1,20,172,71,5,73,39.1
12048,0,31,186,91,14,96,40.1
9077,0,20,194,88,6,93,39.1
1797,0,22,188,85,3,87,38.2
4620,0,24,199,102,4,86,39.2
9023,0,22,186,86,12,97,40.2
5258,0,66,165,67,9,90,39.7
4657,0,32,181,84,17,101,40.0
8240,1,75,155,61,21,107,40.6
6213,1,43,143,50,5,80,39.1
6825,0,49,166,72,11,83,39.7
12578,1,24,159,55,19,94,40.7
2327,0,44,183,85,17,109,40.3
10570,0,47,180,88,6,91,38.9
6078,0,76,189,86,28,105,40.7
4971,1,52,169,71,19,100,40.5
13485,1,65,158,58,22,92,40.8
9232,0,48,180,83,16,94,40.0
11774,1,52,169,66,6,95,39.4
7364,1,47,158,61,17,93,40.4
8716,0,41,195,101,14,94,40.3
14316,1,71,152,56,21,105,40.3
4401,0,70,189,87,12,88,40.3
13040,0,67,184,88,29,111,40.8
8113,0,22,180,84,28,111,40.7
9049,1,65,163,59,5,81,39.3
68,0,45,169,69,22,113,40.6
4568,1,32,169,66,24,109,40.8
13802,1,58,163,61,4,80,38.8
3764,0,29,190,92,22,93,40.5
9754,1,31,159,56,25,104,40.5
6798,0,33,196,96,29,113,40.6
8996,0,57,183,93,6,90,39.4
10755,0,48,186,90,17,94,40.6
1306,1,43,167,67,23,99,40.9
3040,1,76,160,60,16,110,40.5
6505,1,54,157,56,5,86,39.2
8867,1,28,166,60,20,98,40.7
435,1,27,169,69,27,116,41.1
2382,0,45,189,91,5,96,39.1
9186,0,22,155,60,6,92,39.3
10574,0,33,172,79,13,98,39.9
2258,1,79,164,64,18,98,40.2
10981,0,66,185,87,8,84,39.7
7270,0,26,182,86,16,91,40.5
10951,1,28,155,52,26,102,40.7
14228,1,21,161,60,19,101,40.3
4379,1,27,160,58,8,86,39.5
5679,0,43,179,76,29,110,40.8
567,0,37,179,79,23,101,40.6
4077,1,51,166,65,25,91,40.5
7311,0,20,186,82,14,89,40.5
1130,1,34,170,68,25,100,40.9
6866,0,46,177,80,23,105,40.7
11440,1,59,159,61,24,102,40.8
3061,1,27,148,50,8,91,39.4
361,0,27,178,83,19,102,41.0
5317,0,50,172,74,21,101,40.5
2948,1,48,168,73,28,99,40.6
7010,0,52,195,101,7,95,39.7
8483,0,65,192,91,23,108,40.7
5048,0,53,189,88,12,93,40.1
1133,0,36,188,88,14,91,40.1
14474,1,42,163,61,6,88,39.2
13415,1,67,177,74,30,105,41.0
5204,1,20,164,61,30,109,40.8
2709,0,36,163,69,24,102,40.8
676,0,49,169,80,3,82,38.4
8646,0,44,179,82,6,87,39.3
12015,1,21,146,49,6,81,39.6
7463,0,51,185,88,2,75,38.1
10145,0,72,182,90,27,106,41.1
3476,0,26,173,77,23,103,40.2
728,0,50,172,73,13,98,40.1
287,1,38,163,65,19,97,40.5
7469,0,40,179,86,10,97,39.9
3072,1,40,162,60,21,109,40.6
7180,1,39,167,72,20,96,40.6
1958,0,54,186,90,7,84,39.4
2120,1,32,169,62,4,75,39.2
1806,1,31,157,58,24,104,40.4
5846,1,23,163,59,23,104,40.7
6266,1,33,152,51,27,105,41.1
3747,0,66,179,84,6,87,39.4
2127,0,25,179,76,30,105,40.8
3321,1,23,161,61,13,91,40.1
5622,0,32,173,75,20,88,40.0
13861,0,38,188,89,15,101,40.1
13860,0,31,196,96,11,85,40.1
14337,1,58,165,63,24,107,40.7
396,0,40,181,84,17,99,40.4
12554,1,27,165,61,14,92,40.4
11372,0,61,184,86,22,101,40.8
1685,1,26,163,57,20,92,40.8
13670,0,76,157,64,8,88,39.5
13367,0,78,201,102,8,91,39.7
3357,0,65,189,98,27,125,40.9
13391,0,23,170,68,16,88,40.6
4587,0,30,184,90,14,101,39.9
11484,0,61,189,88,17,105,40.3
762,1,63,150,50,7,88,39.4
13605,0,28,186,95,18,98,40.0
8655,1,79,164,66,17,99,40.3
7754,1,68,179,79,30,105,40.8
4731,1,51,169,70,9,98,39.8
14661,1,24,180,69,23,96,40.6
4068,0,44,186,82,16,100,40.5
6437,0,61,180,89,25,110,40.8
6181,1,27,169,65,18,92,40.5
3223,1,24,155,55,26,114,40.5
4444,0,36,182,82,8,90,39.5
4481,1,46,162,66,7,92,39.4
2040,1,32,188,77,17,88,40.7
12424,0,30,198,98,2,82,38.0
9061,1,79,151,51,4,83,39.1
11361,0,33,176,80,2,79,38.4
14203,1,62,178,74,5,96,38.6
13701,1,26,158,61,13,97,40.3
10761,1,62,147,54,7,80,39.5
1748,0,30,197,95,12,91,40.2
12495,0,49,193,99,24,107,40.9
6327,0,50,189,93,3,86,38.8
6457,1,37,171,70,19,98,40.6
6100,0,70,189,94,23,107,40.5
4677,1,63,159,62,29,104,40.4
2919,0,40,199,105,20,105,40.8
13644,0,60,170,79,11,103,39.8
9335,0,24,179,74,16,102,40.3
4166,1,57,150,57,1,84,37.8
11367,0,22,195,96,10,92,40.1
12675,1,63,150,56,12,96,39.9
9538,0,29,196,97,7,85,39.3
12650,0,74,180,84,22,107,40.6
1664,1,50,162,62,15,98,40.0
9336,1,66,161,63,8,96,40.1
1272,0,32,167,66,5,83,39.3
14064,1,24,188,83,6,80,39.3
11951,0,23,194,87,18,100,40.5
7589,0,66,172,77,18,97,40.6
3442,0,27,198,97,23,100,40.7
6232,0,30,198,103,19,100,40.1
6092,1,23,162,62,28,107,40.4
12763,0,45,180,81,19,90,40.5
571,1,23,168,62,25,105,40.5
11809,1,28,170,71,18,102,40.2
14470,1,52,161,64,11,99,40.1
682,1,51,154,56,15,96,40.6
10344,1,32,148,49,15,93,40.1
9615,1,69,179,82,23,109,40.5
6036,1,50,172,66,9,92,39.6
13112,1,75,186,77,14,90,40.0
1704,1,23,172,65,26,108,40.6
10227,0,69,178,79,7,84,39.3
9801,0,49,194,94,29,118,40.8
8674,0,30,178,75,1,77,38.2
6377,0,42,179,81,8,82,39.7
13735,1,79,161,62,15,94,39.6
14230,1,76,179,81,28,115,40.6
12864,1,63,182,85,6,91,39.4
1930,0,67,186,89,29,110,41.1
14637,0,25,185,80,18,108,40.2
12738,0,24,194,100,2,81,38.0
3709,1,26,169,68,9,85,39.5
1022,0,24,177,81,9,85,39.8
2333,0,20,196,92,10,88,39.8
14466,1,60,162,60,24,98,40.7
9222,1,30,181,77,29,113,40.8
2399,1,47,169,69,28,113,40.5
11243,0,37,184,82,12,90,39.8
1419,0,31,165,69,19,99,40.6
5155,1,32,160,63,4,82,38.6
7733,1,28,154,55,12,95,40.2
5413,1,66,173,68,19,101,40.2
9481,1,32,174,74,25,105,40.8
10273,0,26,178,78,28,103,41.0
12677,0,71,191,97,22,107,40.1
6753,0,26,189,84,7,85,39.3
503,1,37,164,59,26,106,40.6
6907,1,71,164,67,19,94,40.2
5924,1,36,170,65,9,94,39.5
3650,0,39,188,88,16,97,40.6
837,1,54,184,79,23,92,40.9
4495,0,31,196,95,23,100,40.9
1475,0,37,194,94,2,83,38.1
2559,0,49,179,82,18,101,40.4
4239,1,47,172,70,19,99,40.4
6424,1,30,162,61,20,102,40.5
6817,0,41,168,70,6,84,39.3
14327,0,55,192,93,6,86,39.1
7235,0,44,194,98,20,101,40.6
5384,0,39,182,89,15,90,40.5
1020,0,22,189,86,14,105,40.0
3621,1,21,156,56,1,86,37.4
5266,1,35,163,63,25,103,40.9
3141,0,50,184,83,27,100,40.9
8438,1,33,179,82,10,91,39.7
14718,1,44,160,57,22,107,40.6
2847,1,24,167,62,17,88,40.3
14970,0,36,183,80,16,95,40.5
8970,0,35,194,98,24,103,40.6
10398,0,39,191,88,17,103,40.3
2434,1,53,156,55,5,74,39.1
12934,1,49,157,57,6,87,39.1
14430,1,38,177,78,4,79,38.9
6600,0,44,186,92,7,96,39.8
5986,0,72,182,81,26,101,40.8
10711,0,56,200,99,12,92,40.2
1144,0,28,181,81,16,96,40.2
3555,1,40,162,63,29,116,40.9
6856,1,32,182,84,7,95,39.4
9471,1,74,148,46,29,108,40.9
6952,0,29,177,81,5,79,39.3
842,0,43,190,98,17,107,40.2
8654,1,28,146,50,25,97,41.0
11693,0,25,186,86,11,98,40.1
2614,0,21,172,70,20,99,40.4
4036,1,74,176,83,30,111,40.8
11953,0,63,193,94,2,83,37.9
6978,1,42,157,56,3,88,38.7
9681,0,57,174,78,2,84,38.1
14071,1,38,157,54,27,109,40.5
4132,0,74,182,88,14,88,40.0
6251,0,41,194,96,16,94,40.3
2311,1,20,178,75,21,101,40.6
129,1,32,170,70,10,98,39.7
11294,1,55,162,64,26,107,40.8
3588,1,24,168,61,19,103,40.3
5223,0,23,180,78,17,110,40.8
14951,0,68,191,98,18,97,40.6
4038,1,29,167,67,10,90,40.2
9829,0,36,169,70,10,86,39.7
374,0,45,191,95,28,105,41.0
11668,0,42,192,98,4,88,38.7
6485,1,31,173,73,3,81,38.4
3042,1,44,166,57,22,106,40.6
14091,1,79,167,67,24,93,41.0
1107,0,76,193,104,16,90,40.4
1437,1,69,161,60,12,95,40.2
14801,0,63,184,92,14,94,40.2
11958,0,61,185,92,23,104,40.6
4588,0,51,183,92,15,99,40.2
13922,1,40,172,74,16,96,40.5
1521,0,51,180,87,14,107,40.0
6461,1,24,176,70,21,97,40.3
4539,1,28,163,64,14,98,40.4
12099,0,39,180,88,22,104,40.7
9769,1,21,163,61,15,94,40.5
12249,1,25,165,66,24,104,40.6
14501,0,42,176,76,12,96,40.0
10377,0,31,188,89,7,90,39.1
12419,0,28,186,93,25,109,41.2
14813,1,36,173,70,4,93,38.8
13090,0,42,200,105,15,94,40.5
3966,1,50,170,66,6,85,39.5
5706,1,60,166,64,2,87,38.0
11663,1,26,151,55,9,90,39.8
7158,0,51,181,85,30,101,40.6
7603,1,24,163,59,11,92,39.9
8865,0,51,186,90,2,83,38.1
2562,0,42,181,81,6,83,39.5
12741,0,48,176,79,28,105,41.0
13276,0,55,217,126,17,91,40.4
5165,0,79,189,94,23,100,40.6
4619,0,47,189,89,19,99,40.4
1968,1,53,177,77,17,95,40.1
9531,1,35,159,57,25,102,40.6
1760,1,32,182,81,4,92,39.1
2408,1,53,159,61,14,109,39.8
14353,1,37,160,58,27,111,40.7
12905,0,57,173,77,8,79,39.7
12498,1,29,162,59,4,82,39.2
1566,0,29,183,87,1,83,37.9
661,0,71,201,103,6,92,39.1
8637,0,59,187,90,1,81,37.4
7527,0,26,173,76,21,102,40.2
3845,0,35,196,95,11,93,39.4
4723,0,61,165,79,9,88,39.5
12551,1,22,173,62,6,85,39.5
823,1,50,151,51,2,79,38.4
14574,1,22,161,55,22,103,40.8
13456,0,56,191,96,6,96,39.3
11179,0,26,177,80,13,95,39.9
3005,0,60,190,91,25,102,40.8
4519,1,55,177,77,9,90,39.7
10182,0,57,196,96,19,101,40.8
9787,1,48,147,48,13,106,40.3
13468,0,77,187,91,30,107,41.0
6214,0,24,193,92,28,110,41.0
11280,0,22,177,80,12,97,40.1
1021,0,35,194,95,2,79,38.6
12143,0,20,189,85,8,82,39.8
7086,0,35,177,79,10,87,40.0
13211,1,43,175,73,1,91,37.5
13446,0,52,189,90,2,87,38.0
14236,1,22,146,50,22,108,40.5
10872,1,48,168,75,30,101,41.1
285,0,39,162,72,28,108,40.7
1348,1,48,147,54,9,85,39.8
14208,0,40,178,88,10,91,39.9
4297,1,30,150,54,7,88,39.3
13222,1,53,156,57,8,91,39.7
4048,1,35,178,78,16,94,39.8
9082,0,22,171,71,9,83,39.7
9556,1,25,184,81,10,86,39.9
4748,1,27,172,67,4,90,39.0
13976,0,20,167,75,10,92,39.8
4121,0,40,201,98,21,108,40.7
66,0,45,158,61,20,97,40.7
448,0,39,188,91,13,101,39.8
14447,0,62,177,82,29,107,40.9
6897,1,39,178,73,23,103,40.8
4029,1,24,165,65,23,105,40.8
4079,1,22,177,68,22,96,40.6
11564,0,53,184,88,5,89,39.1
8589,0,56,189,98,6,83,39.2
11296,0,44,200,106,12,90,39.9
897,1,22,167,61,3,88,38.3
6402,0,28,211,116,19,105,40.2
11583,1,30,153,56,14,93,40.0
2879,1,61,166,62,16,99,40.4
5461,1,37,166,64,28,102,41.2
7812,1,54,148,56,3,82,38.5
1365,1,37,164,66,27,104,41.2
1684,1,37,194,81,7,81,39.4
1758,1,30,163,64,14,89,40.4
4382,1,21,174,65,20,110,40.7
8210,1,50,160,60,14,103,40.2
10124,1,54,162,64,15,90,40.2
10223,0,34,189,87,23,98,40.5
7816,1,59,169,69,3,90,39.0
6803,1,65,173,68,9,81,39.4
6077,1,23,173,71,5,94,39.2
5671,0,26,196,100,25,114,41.0
530,0,58,203,101,15,101,40.1
4072,1,21,179,74,26,106,40.8
4617,1,21,160,54,24,103,40.3
14910,0,52,182,84,12,87,40.0
124,0,67,201,96,18,105,40.5
7366,0,40,179,84,17,99,40.2
13526,0,75,198,97,1,80,37.6
5609,1,32,150,54,14,94,40.1
2027,1,45,159,65,27,113,40.8
9460,0,28,178,82,30,111,41.0
7413,1,25,186,81,11,88,39.5
4353,1,27,160,56,18,111,40.4
9293,0,24,171,76,16,95,40.2
117,0,22,194,92,6,92,39.0
8340,1,33,161,60,8,95,39.5
12383,0,30,207,108,13,84,40.1
5124,0,69,180,86,7,89,39.4
1804,0,25,176,75,21,102,40.4
5251,0,64,183,88,1,78,37.7
2312,0,24,185,83,15,90,40.5
11371,1,24,169,59,21,109,40.6
11260,1,33,170,65,30,105,41.0
7400,1,76,154,59,12,94,40.0
1193,1,24,149,46,27,112,40.8
1741,0,20,190,86,22,103,40.7
14871,0,25,188,91,9,97,39.6
12193,0,30,188,92,22,102,40.7
5472,0,65,187,85,22,109,40.7
8579,0,37,178,88,7,86,39.2
10039,0,65,169,77,6,82,39.3
3720,1,22,147,55,7,87,39.6
2649,1,26,178,74,14,96,40.4
10890,0,20,193,94,17,99,40.1
175,1,40,157,61,12,92,40.0
6369,0,65,188,90,18,103,40.3
3470,1,35,191,83,26,107,40.6
340,1,53,178,77,11,95,39.9
8253,1,23,165,66,24,102,40.6
12679,0,41,171,73,10,86,40.0
1485,0,33,172,70,6,85,39.5
10278,0,41,189,94,17,97,40.3
5246,1,39,136,43,2,91,38.5
2245,1,35,169,66,5,75,39.0
12971,1,58,179,76,27,108,40.6
11166,1,69,172,69,17,93,40.8
2460,1,25,171,72,24,96,40.7
5979,0,47,190,91,27,105,40.6
4311,1,38,171,65,2,82,37.8
7979,1,63,179,73,20,95,40.3
4739,1,28,157,61,17,90,40.5
7767,1,25,162,59,3,90,38.6
6880,1,22,170,72,2,81,38.1
7502,1,49,167,68,29,107,40.9
4100,1,53,178,70,18,95,40.6
2113,1,21,136,45,16,102,40.5
7653,1,47,170,68,26,99,40.8
295,1,30,168,67,29,107,40.9
7677,1,34,162,58,20,108,40.6
14534,0,27,193,88,24,105,40.5
9482,0,28,192,96,11,84,39.9
6624,1,58,162,60,21,106,40.8
14475,0,20,182,87,28,101,40.9
514,1,73,181,76,19,106,40.4
11903,1,20,162,61,13,91,40.2
3533,1,53,168,64,6,89,39.7
3427,0,71,179,81,14,101,40.1
14952,1,48,159,61,18,102,40.4
5560,1,43,160,64,19,103,40.6
12876,0,39,189,95,14,84,40.3
13430,1,29,161,61,15,91,40.3
9978,0,47,192,94,24,105,40.4
6730,0,22,187,84,6,78,39.4
1942,1,21,167,64,13,90,40.1
2058,0,22,183,84,1,76,37.8
8089,1,66,173,71,9,92,39.9
13518,0,58,149,61,30,105,40.8
2101,0,41,176,70,17,100,40.5
8625,0,28,187,95,27,102,40.8
6666,1,68,173,67,30,103,40.9
11878,1,22,162,59,13,90,39.9
12805,1,29,160,60,26,100,40.7
6008,1,78,171,74,16,95,40.4
9679,0,38,191,92,11,94,39.9
13146,0,25,177,80,7,88,39.8
3593,1,24,150,51,1,85,37.6
6966,1,53,181,82,5,88,39.1
12654,0,41,176,83,6,85,39.4
9403,1,27,154,56,10,84,39.5
524,0,21,183,77,13,92,40.2
10593,1,52,149,47,8,83,40.1
1705,1,64,176,74,6,97,39.1
5244,0,61,167,74,10,86,40.1
1754,1,60,169,64,16,98,40.2
12848,0,60,185,84,17,99,40.5
13402,0,30,190,85,3,90,38.7
537,0,53,199,98,14,92,40.4
4837,1,73,157,58,2,79,38.4
10880,0,60,183,84,18,97,40.5
13897,0,31,184,86,17,83,40.6
6872,1,52,152,56,24,97,40.8
169,0,24,191,95,6,88,39.3
8137,0,25,180,84,17,96,40.1
3663,0,35,169,68,7,86,38.9
7683,0,44,202,101,2,79,38.2
10171,0,58,177,85,11,83,39.6
7198,0,64,162,67,20,104,40.2
1445,1,50,173,70,19,106,40.4
5681,0,34,194,91,21,98,40.3
9142,0,22,202,96,13,89,40.3
9689,1,44,180,77,8,91,39.0
9083,1,20,161,58,16,85,40.4
12369,0,63,191,94,21,102,40.4
14056,0,76,173,82,25,114,41.1
844,1,61,166,69,28,114,40.9
9892,0,29,203,106,20,99,40.5
3885,1,46,170,71,16,106,40.2
4480,1,35,151,57,21,99,40.4
5559,1,33,177,75,29,113,40.7
322,0,20,187,86,23,100,40.3
7765,1,40,171,70,24,107,40.7
11999,1,40,155,51,8,84,39.5
2904,1,22,168,66,4,87,38.5
5691,1,67,151,55,23,97,40.8
11764,1,27,161,59,3,82,38.8
14242,0,50,182,81,19,100,40.7
2393,1,76,181,76,22,96,40.7
9931,1,70,149,54,30,110,40.9
14197,0,79,199,106,28,104,41.2
677,0,32,184,81,19,99,40.2
9399,1,64,152,54,10,88,39.7
3519,1,60,173,71,14,93,40.1
11090,1,27,160,60,12,92,39.9
13114,1,44,161,65,19,100,40.8
13859,0,45,198,102,10,86,39.3
7814,1,21,148,52,15,92,40.0
10000,1,36,165,58,12,97,40.0
10534,0,45,202,106,16,95,40.4
5270,0,28,183,85,26,110,40.8
7387,0,23,193,92,22,110,40.6
3527,0,38,192,90,25,101,41.0
19,0,50,188,86,14,94,40.2
4555,1,30,161,61,30,106,40.8
11417,0,65,179,89,7,88,39.4
9128,0,49,175,75,26,103,40.6
7847,1,31,156,57,26,104,40.6
10179,1,55,155,59,4,82,38.7
6163,0,48,174,78,22,103,40.6
9003,0,24,173,71,23,103,40.4
8809,0,24,188,84,26,113,40.9
13965,1,46,158,59,6,88,39.2
7365,0,25,188,90,25,107,40.8
4905,1,41,172,61,28,102,40.9
4759,0,58,207,105,8,91,39.5
6702,1,20,163,57,19,96,40.5
10837,1,53,179,79,7,85,39.4
9191,0,70,192,93,29,114,40.8
5746,1,22,160,65,13,99,40.4
11342,1,23,167,63,14,96,40.5
288,0,54,190,95,22,110,40.3
4236,0,21,178,79,11,86,39.7
3536,1,54,153,52,9,92,39.9
4418,0,40,199,96,19,92,40.5
7194,0,35,179,90,6,93,39.2
11801,1,31,162,59,14,101,40.0
4484,0,35,179,77,25,105,40.6
694,0,26,194,92,22,104,40.6
13213,0,25,192,98,28,104,40.8
14373,1,72,171,75,3,95,38.3
11787,1,68,181,81,25,113,40.5
14592,0,29,175,77,27,106,40.9
14954,1,46,171,68,25,102,40.6
4432,1,22,144,46,22,99,40.7
4191,0,47,199,109,1,83,38.2
4059,1,25,159,59,21,96,40.9
3946,0,45,190,99,18,105,40.6
9626,1,79,154,56,5,89,39.3
3515,1,40,161,59,22,96,40.7
4868,0,29,179,83,28,96,41.0
7700,1,41,148,49,17,95,40.5
4169,0,54,181,90,12,94,40.0
13173,0,28,182,76,13,91,40.1
698,0,30,194,94,13,93,40.2
615,0,49,186,86,9,95,39.4
14205,1,39,164,60,29,110,40.8
14176,1,38,157,58,20,103,40.5
4219,0,71,168,68,18,98,40.2
11856,1,29,171,65,24,99,40.5
10486,1,35,156,51,27,102,40.7
977,1,20,166,60,15,98,40.3
11930,1,44,149,51,11,86,39.9
14851,1,61,183,75,18,102,40.1
4970,1,27,161,58,16,91,40.3
3462,1,34,159,57,28,117,40.9
7458,1,44,167,68,15,93,40.1
9346,0,35,189,91,22,104,40.5
11972,1,32,159,59,23,108,40.6
6959,0,51,179,76,17,105,40.4
9995,0,29,179,84,13,82,39.8
3376,1,22,168,63,26,100,40.9
846,1,67,172,72,8,89,39.3
4749,1,20,172,70,21,112,40.9
4392,0,43,184,87,23,106,40.6
3796,0,57,191,92,9,87,40.0
12229,1,54,180,78,10,94,39.8
10877,1,34,155,51,11,86,40.0
9742,1,47,147,51,24,106,40.3
11980,1,44,163,63,28,111,41.2
12325,0,35,171,75,20,96,40.5
8932,1,27,159,61,17,96,40.5
2432,1,20,164,65,25,105,40.5
5890,1,30,152,51,24,101,40.7
3311,1,31,153,54,21,101,40.8
12267,1,24,160,55,9,97,39.7
12984,0,21,186,89,22,101,40.4
13889,0,70,177,80,25,105,40.7
1214,1,67,168,64,6,93,39.3
12142,0,35,189,92,21,103,40.8
1556,0,36,204,106,20,96,40.5
12795,0,40,182,83,13,94,40.0
3365,1,29,177,68,26,101,40.8
13594,1,44,172,69,19,102,40.8
14491,0,78,180,88,18,102,40.4
3180,1,55,165,71,3,86,38.6
8945,0,73,174,75,23,97,40.7
14966,0,24,189,85,12,92,40.1
7267,0,29,190,88,10,86,39.8
13527,0,72,179,81,21,97,40.6
2921,1,63,168,63,7,92,39.4
14488,1,55,160,58,21,104,40.9
14297,0,42,183,77,7,93,39.8
6412,0,32,188,87,7,87,39.3
4929,1,22,156,54,3,92,38.6
12284,1,39,146,51,29,113,41.1
2661,1,72,172,72,13,101,40.1
4904,0,68,192,100,11,102,39.8
11854,1,26,169,67,21,97,40.4
11284,1,23,183,74,4,88,38.8
9494,0,23,193,95,5,85,38.8
3935,1,32,154,57,10,96,39.7
8630,0,59,189,96,2,84,38.5
1507,0,62,184,82,20,104,40.6
784,0,53,182,81,5,84,39.3
916,0,23,196,88,16,105,40.2
1757,1,49,164,62,2,84,38.5
4957,0,73,186,93,24,107,41.1
8793,1,60,166,67,8,80,39.5
13744,0,43,182,89,24,108,40.6
7866,0,59,196,93,25,98,40.7
5313,1,22,155,49,23,97,40.9
1845,1,32,161,59,25,110,40.7
13927,0,60,173,79,6,92,38.8
9319,1,21,156,53,26,104,40.8
1691,1,33,167,65,16,92,40.1
11054,1,34,156,56,12,89,40.1
6115,0,23,165,69,28,102,41.0
14157,1,41,143,44,7,81,39.5
1969,0,22,163,62,4,86,38.3
12587,1,32,172,69,26,109,40.8
4080,1,60,165,60,4,86,38.6
9439,0,31,189,94,16,90,40.4
5132,1,46,171,64,3,94,38.5
6514,0,77,174,82,23,94,40.7
3817,0,61,183,85,20,99,40.7
9886,1,46,166,66,4,84,39.0
2931,0,26,187,84,9,80,39.7
8571,1,25,167,62,29,97,40.8
9271,1,66,169,71,17,101,40.4
7192,1,28,165,58,17,86,40.2
8795,1,46,163,60,22,106,40.7
4828,0,20,196,92,13,91,39.8
11863,0,23,195,93,2,81,38.5
14792,0,20,193,86,20,92,40.3
11960,1,75,140,48,5,85,39.1
14003,0,30,178,86,22,101,40.8
8954,0,37,190,89,2,84,37.8
14973,0,20,189,91,16,95,40.2
893,0,49,176,76,5,84,39.2
13484,0,50,179,84,6,92,39.4
6616,1,78,161,63,26,100,40.4
10488,1,54,159,57,14,84,40.3
1698,0,36,195,100,4,77,39.0
14310,0,39,187,87,24,104,41.0
8523,1,31,145,52,9,84,39.8
5211,1,49,153,58,15,100,39.9
6059,1,43,169,72,5,79,39.5
7594,0,47,182,82,19,104,40.3
12516,1,72,168,66,26,109,41.0
7280,1,79,164,67,6,91,39.2
6147,0,63,179,88,13,86,39.9
8737,1,25,161,63,22,101,40.6
265,0,37,192,95,21,98,40.7
8455,1,54,161,64,21,95,40.7
3416,0,52,197,99,5,79,39.2
14895,0,60,191,101,3,82,38.3
3925,0,77,184,88,26,111,40.5
5565,0,37,177,83,18,98,40.4
10776,1,53,164,63,26,107,40.8
7947,0,77,190,94,18,98,40.5
9860,0,21,188,94,14,93,40.3
11775,0,73,186,87,16,95,40.4
4743,1,23,170,63,15,99,40.3
11432,0,24,177,71,27,109,40.8
9207,1,62,167,67,6,87,39.6
11387,1,64,167,62,21,104,40.4
1929,0,72,195,99,15,99,40.4
12965,0,26,181,84,29,116,41.2
185,1,47,179,75,25,110,40.7
500,0,34,182,80,29,120,40.7
3592,1,44,164,61,8,89,39.4
9037,1,21,164,61,30,112,40.6
14362,0,72,195,103,3,80,38.6
11253,1,32,165,61,3,79,38.6
9168,1,52,160,62,28,112,41.1
3153,1,43,158,61,22,106,40.8
1832,0,46,174,80,2,89,38.1
1116,0,24,183,82,14,88,40.3
13082,0,39,172,77,15,94,40.4
14636,0,30,178,83,27,110,40.6
12779,0,45,188,89,7,85,39.0
6564,0,64,184,85,3,84,38.6
9638,1,21,163,53,6,89,39.5
9739,1,27,163,65,12,84,39.9
3988,1,79,170,75,8,87,39.4
7796,0,27,188,87,14,100,40.2
10375,1,64,153,52,7,91,39.2
179,1,34,163,61,13,96,40.1
11039,0,28,197,98,13,94,40.6
7089,0,32,193,96,18,101,40.3
18,1,27,171,65,4,85,38.6
14818,1,23,169,62,15,87,40.1
3705,1,69,171,68,27,104,40.6
576,0,43,199,106,28,107,40.7
4675,0,61,184,83,12,86,39.9
4430,0,38,185,88,23,108,40.3
2967,1,29,174,65,9,90,39.6
928,1,68,147,48,8,86,39.5
13289,1,21,178,72,23,104,40.7
13925,0,22,194,98,8,94,39.6
9290,1,38,167,68,17,97,40.2
2739,0,56,169,79,26,102,40.4
10809,1,76,185,85,12,90,40.3
2568,0,35,180,79,29,115,40.7
8729,0,25,188,95,29,112,41.1
6338,0,22,172,73,25,100,40.5
4714,0,64,184,93,19,108,40.4
13723,1,36,166,65,17,100,40.8
9635,1,48,163,68,23,96,40.9
5973,1,20,187,75,1,75,37.6
14140,1,30,150,49,18,99,40.8
11055,0,31,184,89,20,98,40.6
4402,0,66,176,81,8,89,39.9
8163,0,71,201,102,19,99,40.3
6535,1,25,158,57,13,92,39.8
4600,0,37,170,76,7,86,39.3
5601,0,32,186,88,15,103,40.4
4611,0,20,192,91,25,94,40.8
5065,1,72,161,62,17,102,40.5
13496,1,25,168,64,12,88,40.0
1019,0,59,177,81,9,87,39.6
2068,1,43,164,63,23,106,40.9
9421,0,38,171,75,26,101,40.6
13248,1,41,173,73,27,103,40.7
5227,1,21,158,58,4,69,38.7
621,1,74,175,77,22,103,40.4
2440,0,79,197,97,5,91,39.3
7934,0,35,193,90,23,97,40.7
5130,0,31,190,93,13,94,39.8
8965,0,24,194,87,12,89,40.2
11157,0,31,194,91,12,85,40.1
1693,0,20,176,80,18,101,40.4
9338,1,68,169,70,28,101,41.3
13555,1,55,161,61,10,89,39.8
5014,1,65,178,68,6,83,39.3
1650,0,40,176,78,19,103,40.4
8310,0,30,206,106,6,92,39.2
5655,0,35,180,79,28,105,40.9
10193,1,26,156,64,28,105,40.9
10594,1,76,171,70,21,114,40.4
1814,0,77,170,74,24,107,40.8
5915,1,38,169,72,6,82,39.4
4198,1,33,165,67,4,88,39.1
4180,1,20,172,70,18,105,40.6
2555,1,29,153,50,3,82,38.1
8441,1,78,166,65,12,94,39.9
562,0,34,194,96,19,101,40.5
384,1,47,162,63,10,81,39.9
9462,0,67,193,93,7,71,39.4
4830,0,51,181,87,10,85,39.7
12534,1,40,164,59,18,109,40.3
425,0,79,198,96,9,87,39.7
5386,0,70,169,73,16,99,40.3
3878,1,22,167,64,16,89,40.2
14213,0,34,185,84,20,93,40.4
2763,1,27,159,58,1,80,37.5
9907,0,27,162,59,15,95,40.4
1709,1,28,161,58,21,100,40.4
2428,1,41,164,64,4,93,38.8
519,0,49,181,81,16,97,40.2
11364,0,22,193,99,19,99,40.3
13434,1,20,157,57,18,103,40.2
1674,0,52,167,74,11,98,39.7
11872,1,45,164,61,5,84,39.1
12287,0,66,197,105,7,91,39.5
14688,0,26,190,96,2,79,38.1
9260,1,77,149,58,14,87,40.2
1997,1,67,191,91,26,99,40.7
5322,1,30,167,64,11,89,39.9
3336,0,59,164,68,8,81,39.8
10306,0,24,185,90,26,112,40.4
5451,1,36,166,67,10,94,40.0
7088,0,27,186,80,15,103,40.0
3755,1,35,152,51,27,105,41.2
6850,1,73,164,67,17,97,40.2
5097,0,31,171,75,27,125,40.7
2596,0,32,181,82,15,93,40.3
14515,1,51,175,67,1,77,37.4
2945,1,59,162,64,24,106,40.8
13467,1,60,152,52,27,115,40.7
8651,0,35,171,81,18,96,40.4
10976,0,42,192,89,15,85,40.3
14898,0,67,189,94,19,100,40.2
7313,1,20,143,43,13,88,39.9
11141,0,31,197,99,2,86,38.0
9740,1,75,177,72,24,100,40.7
3746,0,29,165,66,17,92,40.4
13686,0,58,185,83,2,84,38.5
14305,1,48,157,62,1,80,37.7
8269,0,46,166,68,6,79,39.1
11897,0,29,178,79,1,82,37.4
10957,0,45,192,97,21,103,40.7
733,1,29,140,40,16,101,40.0
10448,0,26,186,87,21,103,40.6
7513,0,72,176,78,6,91,39.0
7090,0,28,181,79,13,91,40.3
9923,0,49,181,87,10,92,39.8
2444,1,47,157,56,24,102,40.7
4987,1,27,172,66,12,94,39.7
13444,1,20,167,65,21,101,40.4
9974,1,72,170,75,18,96,40.5
4143,1,48,150,53,14,95,40.5
9647,0,43,187,85,28,109,40.8
5714,1,25,174,67,11,94,39.8
13274,0,29,190,99,7,86,39.6
4939,0,48,195,94,14,100,40.1
12972,0,40,180,80,28,108,40.9
4172,0,22,177,83,20,99,40.4
9935,1,51,164,63,10,88,39.6
750,0,21,173,78,28,108,40.7
2730,0,65,191,96,27,110,40.9
5358,0,27,184,84,11,91,39.7
3159,0,42,192,87,23,106,41.0
10788,0,48,210,114,20,102,40.4
14233,0,53,189,95,22,100,40.6
7625,1,32,172,65,7,83,39.6
5146,0,25,183,84,1,79,37.8
8873,1,37,161,56,8,90,39.5
13757,1,44,168,68,12,82,39.6
8917,0,22,185,84,26,102,40.5
12624,1,49,158,58,23,99,40.8
13396,0,53,183,81,20,107,40.7
258,1,50,182,75,22,111,40.6
1155,0,42,184,86,14,92,39.9
9783,0,78,194,95,10,87,39.7
10642,1,47,162,55,21,93,40.5
7803,0,62,181,83,13,94,40.1
12923,1,34,137,44,9,90,39.6
2318,1,51,152,57,20,93,40.6
1274,1,79,153,54,4,80,39.2
9312,0,23,189,85,26,105,40.8
13660,1,54,172,78,12,87,39.9
8464,1,33,175,70,21,104,40.6
2767,1,31,165,62,7,85,39.3
6134,0,21,176,71,7,80,39.6
6040,0,30,177,74,28,101,40.9
4300,1,33,155,57,12,102,40.0
4934,0,23,185,84,21,101,40.6
7009,0,32,186,89,9,93,39.8
7445,0,35,186,88,20,97,40.4
4892,1,41,159,57,17,93,40.1
1610,0,57,176,76,23,101,40.9
8424,1,53,165,63,12,93,40.0
995,0,50,185,83,13,97,40.3
2805,1,21,155,59,21,94,40.4
4993,1,38,153,51,28,105,41.1
1394,1,35,161,63,2,81,38.1
9506,0,45,187,87,4,83,38.9
10939,1,52,156,61,25,102,40.7
12038,0,65,175,76,6,94,39.2
8136,1,20,165,64,21,107,40.7
5639,1,69,187,76,23,108,40.6
10366,0,21,189,90,21,101,40.8
13490,0,53,193,90,9,90,39.6
12438,0,43,178,81,13,93,40.0
2090,0,73,175,79,6,86,39.4
8011,0,45,186,83,10,95,39.8
13652,1,20,154,53,22,100,40.4
1844,1,63,162,61,27,102,41.0
2274,0,24,176,76,10,82,39.8
8060,0,20,172,72,16,102,40.0
1041,0,25,205,110,22,96,40.8
2940,0,24,181,78,16,91,39.7
13679,1,29,165,58,12,90,39.8
3387,1,27,163,56,9,87,39.7
4453,0,38,191,87,3,82,38.7
6462,1,65,168,62,4,84,39.1
3140,1,52,152,51,13,94,40.2
473,1,46,166,58,10,93,39.6
2529,0,39,175,75,26,102,40.8
10985,1,34,159,52,29,102,40.8
6293,1,24,173,71,30,110,40.8
13327,1,35,182,77,17,93,40.0
587,0,26,201,104,10,88,39.7
4973,1,24,165,62,4,83,38.9
12721,0,66,198,96,14,98,40.4
4173,1,44,181,81,28,104,40.8
1959,0,25,193,86,23,101,40.5
12335,1,26,160,56,27,105,41.0
14390,0,65,176,83,26,109,41.0
9272,1,45,178,72,18,100,40.3
186,1,42,154,52,17,101,40.6
5842,0,32,193,102,17,104,40.0
14013,1,54,157,51,2,74,38.1
4859,1,24,155,55,30,109,40.9
14495,1,41,161,55,3,87,38.7
4165,1,65,166,70,14,98,39.8
14070,1,25,163,65,7,91,39.3
10677,0,46,173,72,19,103,40.4
14875,1,63,138,46,25,117,40.5
907,1,58,175,71,26,105,40.8
691,1,48,182,80,10,92,40.0
11594,0,50,190,93,18,90,40.3
9941,0,42,176,82,30,110,40.8
6656,1,21,165,58,23,97,40.4
13413,0,33,174,77,14,92,40.2
2077,0,29,181,78,6,91,39.3
12542,1,24,168,60,3,89,38.8
6444,1,39,162,60,27,109,40.9
14974,1,63,169,68,21,107,40.6
10384,1,27,184,73,13,91,40.3
5205,0,61,192,91,8,89,39.4
13891,0,43,190,95,12,94,40.0
6620,0,52,187,84,24,112,40.4
297,0,20,178,80,9,84,39.4
4502,1,21,165,59,27,113,40.7
2920,1,20,158,52,29,110,41.1
9842,1,20,165,66,7,90,39.2
10944,0,28,180,78,5,80,38.9
1482,0,55,198,104,15,103,40.0
6699,1,32,175,68,14,90,40.4
10834,0,24,202,94,22,95,40.5
9956,1,46,156,57,5,89,39.1
8828,1,45,180,78,12,99,39.8
10221,0,28,192,86,26,108,40.8
9360,0,29,196,103,7,83,39.7
13259,1,74,189,85,28,111,40.9
13828,1,55,151,58,2,79,38.0
8173,0,24,180,83,10,89,40.0
12608,0,51,203,104,6,79,39.3
6067,0,25,183,77,19,86,40.5
2962,1,69,154,59,18,86,40.6
10969,1,52,178,79,3,83,39.0
6249,1,70,160,61,5,84,39.0
4170,1,66,171,65,28,96,40.6
6302,1,77,182,84,4,88,38.7
14894,0,48,173,77,2,81,38.0
13432,0,24,168,73,9,91,40.3
5848,0,59,181,85,6,93,39.6
9170,1,58,158,57,12,89,40.0
4910,1,49,173,72,8,87,39.7
9901,0,44,190,95,11,82,40.3
5335,0,27,173,71,12,97,40.4
12966,1,33,156,60,14,88,40.2
6509,0,33,172,78,24,107,40.6
9992,0,61,180,83,15,89,40.1
436,0,36,190,95,7,83,39.5
814,1,79,163,63,8,86,39.9
9246,0,40,179,79,10,91,39.8
4305,1,21,165,65,24,106,40.7
3097,0,22,194,91,23,100,40.5
5110,0,65,194,98,28,112,40.5
2971,1,31,158,64,24,94,40.4
8578,0,34,187,91,26,110,40.9
8775,1,26,156,58,10,91,39.6
1867,1,59,169,69,1,82,38.0
6779,0,20,192,88,22,107,40.7
7016,1,36,153,57,2,91,38.6
8862,0,24,177,78,8,85,39.6
948,1,65,165,61,12,98,40.0
12901,0,36,185,89,18,96,40.3
7693,0,26,178,74,7,79,39.5
9535,0,26,180,84,15,92,40.3
3314,1,73,167,69,19,97,40.0
11308,1,46,172,72,20,101,40.4
9865,1,38,168,65,2,87,38.2
8841,1,28,176,75,18,98,40.3
2537,0,47,182,86,30,114,40.7
6646,0,37,188,92,13,93,40.1
125,1,21,156,52,12,82,39.8
13016,1,32,162,56,10,93,39.5
1577,1,58,168,67,5,82,39.2
4538,1,46,147,50,8,83,39.4
7284,0,20,188,82,14,91,40.2
1153,0,22,195,91,6,81,39.4
9287,0,71,178,85,8,87,39.8
4373,1,36,168,69,13,101,39.9
3407,0,32,187,90,12,89,40.2
10609,1,56,164,67,11,86,39.9
1489,1,27,165,65,15,98,40.1
5634,1,55,166,64,28,108,40.7
819,0,58,198,96,12,92,39.7
8956,0,22,184,79,19,100,40.5
14967,1,50,172,69,10,96,39.9
12944,1,79,163,65,30,113,41.1
6316,1,78,156,56,24,96,40.7
11352,1,39,170,75,26,106,40.7
8168,1,22,174,66,11,89,40.2
2902,0,24,193,84,21,100,40.1
6392,1,22,172,67,14,91,40.7
1767,1,44,168,67,19,81,40.5
12946,1,31,156,56,11,86,40.2
7442,0,24,171,74,11,100,39.5
807,0,58,190,87,23,98,40.9
874,1,28,160,57,3,81,38.8
11731,0,50,190,100,27,104,40.8
3926,1,22,162,56,17,96,40.6
1125,0,45,196,102,27,110,41.0
8918,0,26,194,93,22,101,40.6
13832,0,77,193,97,13,87,39.9
4229,0,66,198,96,6,86,39.1
10716,0,27,169,73,23,101,41.0
4798,0,33,174,77,2,83,38.3
1836,1,26,170,66,20,107,40.3
2809,0,37,192,91,24,117,40.9
4112,1,43,172,64,9,84,39.5
11612,0,30,194,101,8,83,39.4
7842,1,28,176,68,2,86,38.1
5750,0,29,187,82,13,99,39.8
5552,0,54,194,94,29,106,40.8
2425,0,33,181,82,26,105,40.5
1831,1,30,167,66,27,99,40.9
4500,0,20,180,82,11,92,40.1
2628,1,27,161,55,13,93,40.2
10580,0,46,187,89,14,87,40.2
7027,1,21,154,52,26,100,41.0
5086,1,28,166,64,19,93,40.7
14349,0,29,193,91,16,94,40.0
11974,1,42,174,67,10,88,39.6
7810,0,66,206,110,14,95,39.7
11562,1,58,171,68,30,102,40.7
14282,1,64,166,69,15,98,40.6
4473,1,37,167,67,26,108,40.7
171,1,35,154,57,19,94,40.6
13507,0,44,175,76,28,103,40.9
7427,1,42,159,58,7,84,39.4
776,0,26,193,87,5,87,39.2
12169,1,74,163,65,22,100,40.5
13416,1,67,152,56,20,101,40.3
4621,0,38,182,80,23,106,41.0
4196,1,27,153,53,24,109,41.0
14740,1,68,168,66,26,102,41.1
11993,0,27,175,78,19,99,40.5
14031,0,29,184,89,12,87,40.5
3200,1,27,164,64,4,88,38.8
5951,1,41,159,57,17,101,40.3
1519,0,29,169,68,15,92,40.6
7021,1,51,169,69,12,96,40.1
13020,0,53,202,111,5,75,39.0
10007,1,68,161,54,5,86,38.7
5572,1,28,143,52,6,83,39.2
11714,0,75,189,95,30,107,40.6
829,1,52,148,55,22,105,40.5
12700,1,63,162,58,19,107,40.5
7454,0,47,183,83,13,91,40.4
8203,1,38,168,66,2,78,38.5
942,1,28,163,58,27,99,41.1
14968,1,43,190,88,4,81,38.5
4005,0,26,187,87,10,86,39.4
11553,0,24,181,79,18,98,40.5
3443,0,34,182,84,23,101,40.4
4208,0,74,188,93,5,85,39.2
10453,1,63,152,53,26,103,40.7
5415,1,24,164,63,12,85,39.8
1794,0,55,195,100,21,100,40.9
13069,1,22,157,59,3,88,38.6
8001,1,50,153,52,10,90,39.7
9877,1,28,177,70,15,91,40.3
11010,1,27,155,52,18,98,40.2
14735,0,37,184,84,28,110,40.9
13476,1,38,173,66,10,93,39.7
9703,1,24,166,63,8,103,39.5
3595,1,54,186,78,27,105,40.8
4596,1,33,172,68,12,93,40.3
7327,1,25,162,57,14,93,40.1
7991,1,36,180,72,15,105,40.1
3689,0,64,192,96,16,96,40.4
3750,1,21,163,58,10,88,39.9
14911,0,41,174,79,18,102,39.9
8389,1,55,145,55,15,101,40.1
1066,1,39,155,56,6,81,39.1
13410,1,62,177,76,7,93,39.3
1420,0,28,189,94,17,103,40.6
8144,0,71,181,88,22,107,40.5
2004,1,59,154,56,23,102,40.8
10670,0,43,186,91,3,82,38.5
3196,1,52,154,56,25,103,40.9
6431,0,23,195,91,5,94,39.3
4595,0,29,186,90,8,91,39.6
10990,0,64,177,81,23,112,40.9
7913,1,28,168,70,17,96,40.4
11287,0,61,185,92,30,111,41.1
13400,0,40,183,84,5,79,39.1
9152,0,74,187,88,9,88,39.4
892,0,78,193,96,15,83,40.5
8623,1,20,170,69,6,87,39.2
1001,1,39,155,54,26,105,41.1
5867,0,20,185,82,6,81,39.0
11369,1,37,147,49,27,102,40.3
8566,1,67,156,55,28,115,40.8
2507,0,59,190,93,22,93,40.7
95,0,40,201,98,24,110,40.7
13622,0,31,192,93,28,108,40.7
10332,1,45,155,56,6,83,39.6
3883,0,21,199,97,2,76,38.3
6777,1,23,166,61,20,100,40.2
10905,1,23,158,59,22,110,40.3
3738,0,21,169,67,13,91,40.1
5151,1,31,170,66,24,101,40.6
9875,1,73,162,63,28,107,40.7
12337,0,28,191,91,28,120,40.9
11126,0,45,185,87,24,107,40.8
6720,0,32,176,80,16,101,40.3
5169,1,34,151,56,25,110,40.9
7360,1,21,163,60,1,90,37.7
8442,1,25,167,60,4,92,39.0
5980,1,25,170,62,19,96,40.5
13111,0,41,175,83,30,108,41.0
8980,1,23,164,60,3,83,38.5
5286,1,57,158,58,12,93,40.2
4431,0,59,176,80,7,89,39.4
8312,0,20,182,81,3,89,38.4
3157,0,25,198,93,23,108,40.8
5945,0,22,188,89,13,93,40.0
1623,1,58,159,57,21,106,40.4
4618,0,20,176,76,26,116,40.9
6495,1,43,159,59,4,85,39.0
14050,1,23,156,53,20,98,40.6
8196,0,25,196,102,14,87,39.9
2020,0,22,207,110,1,81,37.8
10675,1,52,151,56,29,110,41.0
4251,0,37,170,66,15,103,39.9
5695,1,53,175,75,3,75,38.7
364,0,27,172,77,13,101,39.9
5930,0,60,182,88,30,103,40.9
2839,0,53,194,94,11,94,40.0
10869,0,47,177,80,27,104,40.8
13885,0,43,175,79,7,96,39.7
13107,0,57,184,85,14,91,40.3
1586,0,27,181,83,14,88,40.2
1146,0,36,199,98,12,94,40.0
9479,0,46,176,76,10,83,39.9
8687,0,41,165,69,25,108,41.2
5850,0,70,170,76,12,101,40.2
14348,0,29,181,82,7,90,39.5
4403,1,51,173,72,29,107,41.1
908,0,27,189,87,3,79,38.7
4001,1,45,167,69,9,96,39.8
1976,1,20,162,57,12,95,39.8
5990,1,35,148,50,28,103,40.7
2941,0,23,177,73,23,108,40.6
14863,0,36,189,87,20,98,40.3
8515,1,43,161,63,19,101,40.3
10367,1,35,161,61,9,89,39.6
7512,0,70,192,98,3,76,39.0
8820,1,30,162,58,19,100,40.5
3655,1,20,165,61,28,102,41.0
679,1,53,166,63,24,107,40.7
8194,1,21,174,63,1,84,38.0
9304,0,63,177,82,11,90,40.1
6349,0,21,184,81,23,94,40.4
9861,1,37,151,50,18,98,40.3
236,1,77,160,63,8,92,39.5
8621,0,40,180,82,14,88,40.1
6778,1,21,182,79,27,110,40.7
40,1,68,157,57,13,92,40.1
1710,1,24,171,64,13,89,39.8
13407,0,31,188,85,18,93,40.5
5196,0,32,187,85,11,87,39.9
13923,1,73,167,71,10,92,40.1
12046,1,62,153,57,21,105,40.3
13864,0,44,170,71,8,77,39.7
14314,0,62,189,99,5,87,38.8
7128,0,30,184,82,4,87,38.8
5137,0,25,191,95,28,105,40.8
14276,0,35,197,97,29,105,40.8
3992,0,74,184,83,13,97,39.9
8393,0,55,195,106,10,91,40.0
7111,1,69,172,67,13,94,40.0
824,1,44,172,75,12,93,40.0
2813,1,50,178,77,29,111,40.7
957,0,25,184,82,10,88,39.9
9906,0,51,180,84,24,98,40.7
10745,0,68,161,64,12,93,39.9
13053,1,74,162,58,28,113,41.0
10714,1,25,169,68,11,96,40.1
8337,0,55,174,70,3,89,38.6
7145,0,27,183,87,27,107,41.0
5373,0,28,190,94,5,93,39.1
15,1,39,156,62,28,104,40.8
2935,1,59,161,58,24,104,40.9
6438,0,39,182,87,11,85,39.9
1328,0,54,186,89,27,112,40.8
3547,1,35,171,66,25,108,40.5
13890,1,27,173,67,17,104,40.3
10784,1,37,170,65,18,100,40.5
8859,1,20,161,60,29,107,40.3
2703,1,63,160,61,8,88,40.0
10337,1,58,164,59,27,99,40.8
1192,1,68,163,57,13,95,40.2
5083,0,28,181,81,30,108,41.1
14255,0,31,171,72,20,99,40.4
5271,1,21,181,68,6,86,39.2
10282,0,24,179,74,4,92,39.1
12137,0,23,181,83,16,92,40.5
8049,0,30,186,86,27,108,41.1
7092,0,21,181,79,11,90,39.9
199,0,39,199,104,26,101,40.7
8486,1,21,160,56,9,86,39.9
13241,1,73,152,57,27,111,40.8
13973,0,54,190,98,25,109,40.5
7052,0,35,170,77,3,83,39.0
5512,0,34,182,81,20,105,40.6
4023,1,72,146,53,12,94,40.1
6592,0,37,184,86,11,91,39.5
7006,1,21,154,55,7,93,39.5
5839,1,30,154,56,3,88,38.4
10804,1,43,171,63,17,90,40.5
220,0,63,204,112,29,110,40.4
3798,1,66,167,71,27,106,40.8
14796,1,55,170,69,14,104,40.3
2748,0,38,174,74,22,103,40.6
4773,1,20,166,66,9,96,39.5
13255,0,28,194,86,18,93,40.3
12579,0,54,193,93,10,81,39.9
4012,0,72,191,94,19,103,40.6
6212,0,24,207,104,12,86,39.9
7429,0,78,199,106,2,92,38.3
10317,1,46,161,65,7,85,39.7
3082,1,22,165,63,4,88,39.0
4000,1,24,148,50,15,98,40.3
4509,0,71,185,93,24,102,40.9
6732,0,22,187,89,4,78,39.1
380,1,24,178,78,2,93,38.2
12316,0,32,179,77,10,85,40.2
7106,1,65,157,59,4,82,38.7
3227,1,20,169,65,3,82,38.7
3409,1,25,185,85,20,104,40.6
7535,0,65,184,87,27,104,40.6
3929,0,31,180,79,4,86,39.1
14751,1,50,167,62,9,85,39.6
6326,0,38,186,82,17,95,40.1
10822,0,48,190,97,28,100,40.9
4201,1,25,156,51,22,99,40.7
13640,1,21,168,65,28,112,41.0
141,0,23,169,71,16,102,40.1
7779,0,76,197,102,20,98,40.5
1788,0,24,173,70,1,79,37.7
3784,0,68,167,71,23,100,40.7
8784,1,61,159,62,4,85,38.5
3148,1,61,170,68,3,82,38.8
1762,0,24,187,85,9,75,39.9
12819,1,55,179,78,10,91,39.6
9760,1,26,158,58,7,85,39.8
7522,1,58,168,71,10,90,40.0
12598,1,74,166,65,20,106,40.4
2070,0,37,186,88,15,102,39.9
8284,1,73,153,56,9,84,39.7
11167,1,53,160,63,9,97,39.9
336,0,37,200,100,12,91,40.1
5213,1,52,156,58,16,84,40.5
12058,0,29,173,78,17,104,40.2
1190,0,20,180,79,10,94,39.9
2012,1,79,166,71,5,98,38.9
7447,0,55,172,73,17,89,40.3
2056,0,21,180,76,1,74,37.6
6445,1,20,160,60,22,100,40.5
11374,1,47,157,57,2,86,37.9
6405,0,63,186,92,8,90,39.7
9041,1,63,168,67,2,86,37.8
10595,1,38,150,55,4,87,39.1
13365,1,21,161,62,14,95,40.4
10518,1,78,164,62,12,81,39.7
7806,1,43,164,67,15,95,40.1
1670,1,27,170,66,9,94,39.8
4047,0,68,186,88,1,87,37.8
3347,0,45,185,85,4,94,39.1
13829,1,28,154,52,18,100,40.5
2769,0,60,196,96,12,97,39.9
6583,1,48,164,62,20,95,40.5
7787,0,30,183,89,29,109,41.0
12471,0,43,185,94,16,103,40.3
8329,1,50,159,55,12,85,39.9
12086,0,25,196,99,9,97,39.3
7851,0,56,178,81,13,101,39.7
13199,0,73,196,102,26,98,40.5
2966,0,27,183,81,24,99,40.7
13615,1,75,172,75,8,86,39.2
2764,0,67,181,85,2,76,37.9
12613,0,21,168,67,11,92,40.1
4262,0,21,200,98,29,111,40.7
3234,0,21,186,80,18,90,40.3
4664,1,20,168,63,22,104,40.7
12314,1,79,154,55,24,107,40.5
9427,1,73,159,57,7,87,39.0
11899,0,20,191,90,16,88,40.1
10811,0,26,185,82,28,109,41.1
12004,0,24,185,88,11,90,39.9
4574,1,32,146,51,13,86,39.9
430,1,26,169,62,9,80,40.2
4627,0,37,181,82,26,101,40.6
1963,0,54,180,79,19,105,40.3
1287,0,43,179,84,11,97,39.7
13394,0,62,197,99,6,92,38.9
3212,0,50,203,101,19,96,40.5
7107,1,30,166,61,25,105,40.8
3783,1,40,145,49,1,87,38.0
9949,0,21,193,89,12,96,39.7
7927,1,34,176,73,21,103,40.2
7412,0,60,178,78,4,86,39.4
3001,1,32,165,61,10,89,39.6
1561,1,59,145,49,14,97,39.8
705,1,23,147,51,21,113,40.5
10098,0,27,169,68,4,90,38.9
14301,0,68,179,88,19,97,41.0
11340,1,62,160,64,25,104,40.8
5653,1,59,144,48,15,101,40.1
11791,0,36,182,81,11,94,39.8
11744,0,77,186,90,4,91,38.8
2495,1,30,152,60,11,98,39.7
4298,1,49,152,53,26,104,40.7
11950,0,33,201,103,20,98,40.4
14720,1,32,180,75,7,92,39.0
11389,0,26,187,85,25,107,40.5
9018,0,27,172,75,2,86,38.2
8319,0,47,193,99,17,92,40.4
7350,1,61,174,69,10,90,39.4
13218,1,48,164,65,1,81,37.7
10668,1,22,149,53,6,77,39.4
9946,1,55,162,60,3,84,38.6
5154,1,79,166,66,13,98,40.0
6540,0,62,184,83,22,103,40.5
6418,0,32,204,104,8,94,39.4
14664,1,43,160,54,6,87,39.3
2658,1,22,152,59,26,109,41.1
9016,0,20,189,91,10,93,40.1
1671,0,50,195,94,29,104,40.9
2209,0,65,186,85,17,96,40.5
3330,1,52,161,63,19,99,40.7
11542,0,30,189,90,22,110,40.7
839,0,30,177,82,28,107,40.7
1600,1,71,158,62,16,100,40.6
14015,1,49,181,71,12,88,40.1
8482,1,36,181,76,4,77,39.1
11202,1,26,172,67,22,120,40.9
13952,0,51,184,94,19,111,40.5
6156,0,26,194,94,14,89,40.4
8794,1,28,153,56,20,103,40.6
9905,1,60,141,46,25,101,40.5
8505,1,35,153,57,29,114,40.8
3748,1,29,161,57,10,91,39.9
2638,0,66,188,93,1,85,37.7
8214,1,48,159,62,21,100,40.5
1091,1,22,157,59,27,113,40.9
14548,1,24,161,59,8,97,39.7
10826,0,68,169,73,20,100,40.3
1137,0,35,163,66,29,112,40.9
3019,0,73,181,91,19,98,40.6
14185,0,40,193,95,22,105,40.6
3613,0,30,190,90,15,92,40.2
6026,1,21,156,62,21,99,40.6
157,1,37,148,51,29,108,40.6
7908,1,42,160,56,22,100,40.6
11600,1,25,173,69,29,117,41.0
2213,1,38,163,66,11,98,39.9
3649,0,66,176,83,27,102,40.7
7269,1,67,175,71,3,95,38.5
4433,0,25,171,75,28,102,40.8
4795,0,69,180,86,28,112,40.9
497,0,25,188,89,6,92,39.6
4527,1,26,169,70,19,99,40.6
1010,1,64,175,67,19,101,40.6
3564,0,20,171,69,12,100,40.1
5494,1,26,159,58,8,84,39.6
7518,0,41,163,66,19,101,40.3
12523,0,25,189,86,22,101,40.6
2780,0,56,194,97,11,84,40.0
8355,0,28,189,87,10,85,39.9
4916,0,23,185,82,21,102,40.8
1284,1,23,185,80,8,91,39.4
9214,0,50,185,93,26,100,40.5
1061,0,34,192,99,27,113,40.7
6573,0,50,182,88,22,107,40.5
6,1,33,158,56,22,95,40.5
13608,0,29,182,85,25,101,41.0
5138,1,69,178,78,12,91,40.1
10634,0,42,177,79,2,84,38.4
5318,1,70,181,84,8,96,39.4
9433,1,45,176,72,13,106,40.1
6238,0,29,184,89,14,95,40.1
3836,1,39,156,58,5,78,39.3
10886,1,24,161,60,12,103,39.8
14578,0,31,178,80,13,94,39.8
13188,0,27,188,92,4,85,38.9
12888,1,58,157,62,22,102,40.7
12564,0,52,170,76,16,100,40.5
1636,1,51,172,73,3,77,38.8
11904,0,65,169,77,2,76,38.4
913,0,52,183,84,30,112,41.0
11511,1,22,169,69,17,106,40.3
5857,1,31,172,68,26,94,40.9
5522,1,22,154,49,10,100,40.1
4414,0,45,195,100,8,99,39.7
10705,1,68,171,72,12,93,39.9
13315,1,48,161,61,17,87,40.2
13238,0,35,185,86,24,109,40.5
9218,0,73,197,100,10,88,39.9
3388,0,21,188,93,22,97,40.8
9999,0,44,186,96,15,88,40.2
14409,0,64,186,89,24,110,40.9
1340,0,25,181,80,12,93,39.8
8130,1,27,133,38,4,86,39.1
14809,0,35,183,86,14,105,40.1
3268,0,71,187,93,28,113,40.9
14567,1,25,164,64,8,82,39.6
33,1,42,165,68,22,93,40.8
6867,0,33,172,74,14,99,40.1
7563,0,35,165,69,9,98,39.7
12505,0,64,188,87,10,90,40.2
10513,0,61,196,97,16,97,40.5
2247,0,22,196,96,29,102,40.8
4159,1,34,169,65,2,82,37.8
12960,0,43,195,95,26,106,40.7
11451,1,44,163,63,20,107,40.5
9517,0,78,190,100,2,91,38.6
9528,0,42,185,87,30,110,40.7
9367,1,42,163,66,8,87,39.5
7834,0,75,181,82,27,111,41.1
12113,1,23,169,67,21,94,40.4
161,0,43,171,79,30,115,40.8
2855,1,37,156,58,8,92,39.8
12760,1,27,167,68,1,85,37.7
5298,0,75,183,89,13,81,40.2
5521,0,68,192,100,13,99,40.2
9989,0,21,193,88,15,102,39.8
9645,0,37,185,90,11,80,40.0
9087,0,30,194,93,18,96,40.5
12349,1,34,186,87,5,84,39.3
12962,1,39,165,66,3,76,38.5
5596,1,65,161,66,15,87,40.7
569,0,21,205,108,2,84,37.9
13786,0,27,180,76,22,94,40.5
12866,0,73,186,89,3,86,38.6
1659,1,24,182,71,30,106,41.0
9983,1,40,160,61,29,115,41.1
1723,1,45,170,62,8,86,39.4
731,0,34,196,103,17,96,40.4
5479,1,22,165,58,25,99,40.7
8333,1,26,170,63,9,88,39.8
13961,1,34,179,70,12,87,39.9
10925,1,54,149,55,25,109,40.4
12753,0,46,198,99,6,83,39.1
12262,0,75,186,88,17,97,40.6
12728,1,28,146,48,14,107,40.4
12873,1,36,162,62,27,110,40.4
2613,0,43,183,88,12,95,40.0
6651,0,47,190,96,7,86,39.7
14286,0,36,186,84,19,97,40.5
1571,0,58,183,92,29,108,40.9
1972,1,51,180,76,8,86,39.3
11647,0,58,176,75,15,84,40.3
8050,1,36,146,48,5,86,38.9
3046,1,49,173,75,3,81,38.5
10885,1,20,168,64,24,104,40.7
3729,0,63,187,91,26,108,40.8
13261,1,22,162,56,20,95,40.4
12386,1,66,186,89,7,88,39.6
5711,0,40,170,79,17,103,40.4
4031,1,35,174,67,25,107,40.8
5665,1,21,163,60,11,83,40.0
12761,0,27,194,95,2,85,38.4
14079,0,50,184,94,11,85,40.0
11332,1,37,172,64,2,85,38.4
4572,0,71,168,74,18,102,40.3
9786,0,38,206,111,24,109,40.7
6774,0,26,188,93,29,116,40.8
14444,1,24,160,63,3,79,38.5
14573,0,57,198,100,24,108,40.8
11355,0,69,188,92,17,91,40.2
1101,1,50,174,68,11,95,40.1
9561,0,39,182,79,10,93,40.1
7574,1,33,161,56,28,108,41.4
4722,1,41,155,56,20,96,40.4
11292,0,33,183,87,4,95,39.4
7739,1,78,167,67,27,108,40.6
4197,0,42,186,89,10,92,39.9
4367,1,22,167,64,13,93,39.8
2266,1,20,170,67,4,91,39.0
13562,1,79,160,63,8,100,39.6
7724,0,36,201,105,1,75,37.4
6726,1,50,168,61,2,89,38.1
10767,1,37,163,61,30,106,40.7
10703,0,41,181,82,26,106,40.8
2350,1,39,172,66,25,106,40.6
14165,1,33,156,57,23,104,40.3
14686,1,25,163,64,7,97,39.7
4632,0,42,192,90,18,94,40.3
14550,1,23,154,57,6,74,39.2
8377,0,77,182,85,6,80,39.2
14731,0,26,191,98,11,101,40.0
3697,0,25,174,77,6,85,39.0
4744,0,23,179,74,15,89,40.0
7521,0,21,161,69,20,96,40.4
4990,1,20,171,71,3,79,38.5
4464,1,75,148,51,30,104,40.9
3045,1,42,158,57,13,84,40.0
6706,1,66,163,60,29,100,40.8
11626,0,28,185,86,22,111,40.4
10111,0,57,177,83,8,91,39.6
6511,0,39,181,80,12,93,39.7
9701,1,41,147,53,23,100,40.3
5053,1,53,182,78,6,91,39.2
4961,1,23,168,60,22,94,40.3
13232,1,20,155,56,26,109,40.6
2652,1,64,159,56,3,91,38.5
7822,0,61,194,99,14,90,40.2
14141,1,33,168,63,5,81,38.8
9314,0,20,180,84,27,107,40.3
1277,0,32,182,87,20,98,40.7
5732,1,32,164,65,14,85,40.2
3887,1,26,162,59,15,92,40.4
14590,1,50,179,76,20,99,40.2
12176,0,53,172,73,3,81,38.7
6090,1,61,150,55,2,87,38.5
11201,1,39,160,54,5,88,39.1
9495,1,78,159,64,20,102,40.3
6234,0,24,182,85,10,95,40.0
5491,1,29,148,49,10,98,39.9
13673,0,77,187,92,25,99,40.6
7655,1,43,164,68,30,108,41.0
719,0,43,178,82,16,102,40.0
8279,0,27,190,98,24,105,40.0
1964,1,47,173,69,1,80,37.3
3687,1,62,156,57,6,91,39.6
12212,0,53,173,78,13,96,39.9
12431,1,49,171,70,5,80,39.2
968,1,66,174,74,23,99,40.8
8876,1,69,151,54,21,97,40.1
11620,1,20,154,55,13,88,40.2
3338,1,26,149,50,17,95,40.2
2782,0,40,183,82,27,103,40.8
9388,1,30,148,47,29,105,40.5
14678,1,57,166,64,3,83,38.7
12227,0,27,178,84,1,82,37.6
3441,0,38,188,85,7,75,39.4
11918,0,24,190,93,30,100,40.9
10164,1,60,147,51,16,103,40.4
11779,1,77,162,66,12,92,40.2
494,1,30,185,84,9,85,39.6
13308,1,26,164,64,13,94,40.3
1312,1,60,161,59,7,82,39.5
4848,1,22,189,82,19,93,40.6
2261,1,50,175,75,25,116,40.7
4141,1,25,165,64,22,110,40.2
437,0,59,191,92,30,110,41.0
9450,0,40,169,74,4,87,38.9
5047,1,22,146,49,5,84,39.3
6379,0,34,179,82,7,80,39.6
8591,0,54,170,72,4,88,38.5
7747,0,47,166,67,9,93,39.8
11734,1,20,159,56,5,86,38.9
13437,1,71,161,64,19,93,40.5
13920,0,49,203,104,28,108,40.9
10362,0,22,222,128,6,84,39.3
9636,0,76,203,103,8,86,39.5
229,1,22,145,50,3,89,38.7
10236,1,67,169,71,22,102,40.8
7964,0,27,201,104,10,90,39.6
6668,1,62,172,70,5,80,39.2
7654,1,25,166,59,14,88,40.2
14100,1,53,177,72,10,91,39.9
3366,1,35,164,63,26,110,40.5
5933,1,20,172,71,14,96,39.9
11917,1,39,171,65,3,81,38.6
2577,1,75,169,69,27,100,40.4
7167,1,39,171,63,3,84,38.9
12930,0,20,173,72,4,80,38.6
4742,0,28,191,89,22,106,40.3
6786,1,43,174,73,10,90,39.9
1982,1,41,180,73,29,119,41.1
1894,1,41,157,59,3,85,38.6
327,0,70,194,91,28,103,40.8
14508,1,50,155,57,9,97,39.8
6112,0,47,190,86,23,99,40.8
10484,0,72,189,99,10,92,39.7
153,0,25,181,81,23,101,40.8
7077,1,37,171,67,21,101,40.7
315,0,36,193,95,10,97,40.0
385,0,48,167,67,29,112,40.9
9395,1,28,154,59,14,92,40.5
2549,0,21,195,92,19,100,40.5
940,0,27,197,92,3,85,38.6
5445,1,44,186,81,22,101,40.8
3319,1,32,170,67,8,86,39.7
13087,0,35,190,87,14,91,39.9
5589,1,73,160,62,6,85,39.3
4471,1,70,178,81,8,93,39.5
8532,0,43,173,74,12,89,39.9
1294,1,34,169,68,7,88,39.3
1267,1,31,186,75,20,101,40.6
6729,0,21,182,79,26,108,40.9
4028,1,32,151,52,15,99,40.0
4853,0,66,164,71,20,100,40.6
9917,0,27,184,83,26,102,41.1
7783,1,36,182,83,27,105,40.8
13486,0,25,170,68,5,79,39.0
4609,1,31,153,51,5,80,39.2
14670,1,36,162,58,10,95,40.0
8489,1,29,157,53,2,84,38.3
1730,0,43,193,92,13,104,40.0
3149,0,33,181,81,28,106,41.1
347,0,73,175,76,4,86,38.9
8227,1,25,154,59,3,90,38.6
5604,1,58,174,72,18,107,40.5
1236,1,54,169,70,18,97,40.3
6004,0,33,193,95,18,91,40.7
3070,1,48,183,71,26,104,40.6
14395,1,37,175,65,29,108,40.9
4625,0,65,181,83,18,100,40.0
8350,1,59,169,65,25,112,40.6
11634,0,39,194,94,11,91,39.7
7423,1,36,181,77,7,84,39.2
3751,1,37,149,55,25,106,40.5
14676,0,46,194,101,2,80,38.0
12255,0,23,170,69,23,112,40.9
6909,1,21,173,64,7,83,39.6
13869,1,71,153,53,22,101,40.7
13194,1,46,174,68,9,91,39.6
3373,0,40,179,76,5,85,39.4
6174,0,49,171,71,11,98,40.2
9452,1,35,161,65,14,91,40.2
11060,0,25,179,76,11,90,40.3
5153,1,37,156,58,12,88,39.7
6553,1,25,167,63,15,90,40.2
1921,1,25,166,68,12,100,40.2
1416,0,52,179,79,18,106,40.3
13554,0,57,195,98,4,89,38.8
777,1,28,157,59,23,111,41.0
14493,1,36,157,54,5,80,39.0
14540,0,60,187,90,9,86,39.8
3192,0,53,176,81,22,103,40.6
10774,1,57,191,79,19,97,40.5
14380,1,20,172,67,3,88,39.0
654,1,49,167,66,11,87,39.9
3607,1,24,171,68,11,89,39.6
6546,1,24,157,51,9,89,39.8
3015,0,31,189,86,20,101,40.5
10814,0,37,171,73,7,90,39.2
2137,1,25,158,56,9,85,39.5
9259,1,51,159,62,11,82,39.8
9185,1,47,164,64,18,110,40.2
5195,1,41,162,60,11,82,39.8
5049,1,59,167,69,23,106,41.1
9752,0,21,188,89,21,102,40.4
12241,1,49,169,67,22,99,40.3
1261,1,38,154,57,20,95,40.8
71,1,57,163,68,29,109,40.7
4548,1,59,153,54,26,108,40.9
688,0,70,191,98,4,83,39.1
4949,0,53,197,98,2,81,38.2
4813,1,20,166,58,14,90,40.2
3639,0,27,179,73,3,85,38.8
9938,0,65,194,98,25,114,40.9
14429,1,24,162,61,28,106,40.7
9802,0,32,187,88,8,97,39.4
14387,0,22,181,79,25,116,40.6
1183,1,40,165,61,16,100,39.7
2362,1,64,148,51,16,94,40.0
3724,1,43,167,63,9,94,39.6
14384,1,29,167,69,9,88,39.7
7509,1,37,170,73,7,88,39.5
7377,1,22,177,70,22,109,40.6
8195,0,32,179,78,12,88,39.7
11393,0,47,202,106,3,84,38.7
4661,0,45,183,86,16,98,40.2
13692,0,32,188,94,4,87,38.7
6152,0,32,179,80,11,93,40.0
9882,0,20,180,87,7,82,39.6
9719,0,38,176,85,11,92,39.8
3626,0,20,163,70,16,102,40.2
11981,0,50,178,83,11,86,40.0
11196,1,26,162,59,11,82,39.9
5814,1,77,172,66,14,93,40.2
12603,0,20,180,84,16,98,40.0
2203,1,56,153,50,9,82,39.6
9472,1,25,182,80,26,110,40.8
12633,0,36,164,66,18,92,40.4
13098,0,70,179,88,4,79,38.8
3734,0,60,190,89,10,101,39.8
4376,1,52,157,59,29,111,40.8
3007,0,39,189,91,13,91,39.8
12252,1,75,179,78,28,104,40.5
5054,0,69,177,86,14,97,40.0
13418,1,21,172,67,20,104,40.7
9782,0,72,184,86,25,98,40.6
8879,0,32,190,90,1,84,37.9
2576,1,36,180,80,22,109,40.9
12367,0,26,167,64,24,105,40.6
13559,0,46,174,72,25,102,40.8
2449,0,48,180,86,8,92,39.3
11578,0,54,203,110,16,94,40.2
6269,0,66,185,97,9,88,39.7
2210,1,25,154,52,18,108,40.5
7314,1,59,164,61,22,106,40.7
7238,1,21,164,60,23,102,40.4
564,0,38,181,82,25,107,40.8
14136,1,49,177,72,30,116,40.9
5723,1,26,166,60,20,103,40.6
7906,1,42,167,62,11,77,39.7
12126,0,20,196,89,8,88,39.7
7130,0,31,180,83,5,92,39.0
317,1,36,164,57,2,79,37.9
8249,1,79,160,60,16,96,40.2
14285,1,31,174,70,7,88,39.5
12771,0,73,163,67,26,110,41.0
10914,0,43,170,76,4,86,38.9
13475,1,64,165,69,29,108,40.8
5953,1,47,165,67,3,85,38.5
9871,0,74,170,76,29,109,41.0
1338,1,24,174,72,5,89,39.3
6674,1,41,186,82,30,114,40.8
6614,1,30,158,56,30,117,40.6
4640,1,24,164,63,16,94,40.2
6351,1,53,179,76,30,114,40.7
2898,1,40,167,63,19,97,40.5
13599,0,25,176,74,27,107,40.9
10034,1,55,161,62,21,104,40.5
12827,1,53,169,65,18,99,40.5
10272,1,51,159,57,13,93,39.9
13357,0,73,186,89,5,85,39.1
14127,1,25,159,59,8,92,40.0
8580,1,29,164,58,21,94,40.8
1998,1,59,156,56,10,98,39.9
6529,0,25,195,91,16,96,39.7
451,1,39,149,51,26,100,40.4
6972,0,46,157,65,23,114,39.9
7394,0,28,162,66,4,80,38.9
1149,0,60,183,85,8,84,39.6
11671,1,72,156,61,29,107,40.7
765,1,57,172,70,28,105,41.2
6281,0,20,182,90,20,100,40.6
1838,1,32,157,52,20,100,40.3
6863,0,25,187,87,2,79,38.2
7034,1,44,166,66,18,91,40.4
10055,1,28,142,44,7,93,39.0
10852,0,35,197,102,12,97,39.8
2520,0,78,168,71,27,109,40.6
11584,1,24,176,67,27,111,40.8
2100,0,37,170,69,5,91,39.1
11543,0,50,209,108,19,95,40.2
2124,0,57,193,100,13,84,40.1
12820,0,41,182,87,14,100,39.7
1450,1,43,176,75,7,87,39.8
540,0,40,177,83,22,99,40.5
12130,1,34,165,64,12,100,40.1
2287,0,57,171,78,14,85,40.0
12327,1,50,172,72,30,102,41.0
14135,0,43,179,75,7,91,39.3
8029,0,44,184,81,19,104,40.4
9958,1,67,163,62,30,108,41.0
4140,1,28,166,59,14,94,40.1
1640,0,24,179,83,22,105,40.4
883,1,27,175,69,25,105,40.8
517,0,25,195,100,16,93,40.3
2924,1,21,170,67,13,90,39.8
11000,0,26,197,97,17,86,40.6
10108,0,67,177,79,28,104,40.8
10902,0,30,186,83,13,96,40.0
9606,0,23,181,81,10,89,39.6
149,0,26,191,93,17,96,40.3
5163,0,63,211,113,26,109,40.7
9577,1,51,171,69,23,105,40.4
1292,1,36,172,73,10,92,39.9
14543,1,77,154,61,8,88,39.4
2144,1,49,155,58,10,96,39.9
5465,1,71,159,59,23,103,40.6
4045,1,41,163,62,3,87,38.5
8308,0,27,206,106,13,89,40.1
2211,0,26,178,79,12,101,40.5
2309,1,77,179,74,29,106,40.9
3380,1,27,167,60,28,101,40.9
5975,1,38,152,52,27,109,40.8
83,1,40,163,62,27,111,41.2
6552,1,54,159,58,6,90,39.0
4232,1,21,155,55,29,112,40.9
8672,0,41,178,87,15,83,40.3
28,1,62,159,59,29,106,41.2
8485,1,36,156,57,13,98,40.3
9806,0,24,198,100,15,88,39.8
269,1,69,156,61,8,83,39.4
10797,0,52,172,81,27,105,41.2
12055,1,63,176,70,5,85,39.0
8451,0,20,189,89,6,82,39.4
4908,1,21,174,66,9,94,39.8
3132,1,35,168,69,24,104,40.4
2558,1,46,184,82,24,105,40.9
6992,1,79,160,55,10,88,39.9
7082,1,35,172,64,25,107,40.4
4559,1,20,168,65,15,94,40.1
8520,0,65,199,99,26,107,40.8
10106,0,26,171,71,16,90,40.6
12475,0,48,190,83,11,99,39.8
14085,1,58,151,52,28,109,41.0
1208,1,22,173,67,17,95,40.6
5741,1,62,168,68,21,99,40.5
10044,1,39,165,59,2,77,38.1
10662,1,31,177,73,9,90,39.4
14546,0,47,174,78,15,91,40.3
4364,0,53,183,85,24,105,40.8
12847,0,73,202,107,13,96,39.9
6109,1,40,172,64,27,101,40.5
10786,0,37,197,100,4,87,38.9
3003,0,73,185,88,8,90,39.5
11211,1,32,174,65,22,109,40.7
4117,1,43,172,67,21,99,40.6
6551,1,56,143,48,10,98,39.7
7992,0,35,180,84,23,106,40.6
11378,0,32,192,90,2,83,38.2
14499,0,29,200,106,9,83,39.8
4247,1,50,164,62,17,107,40.4
3281,1,20,166,66,14,94,40.2
3482,0,56,181,84,25,106,40.9
1059,0,24,188,90,19,103,40.3
2046,0,43,205,113,28,119,41.0
5148,0,48,181,80,22,105,40.8
13819,0,34,189,90,15,92,40.3
14846,0,24,186,84,10,90,39.7
11638,1,22,152,54,1,78,37.5
3486,1,22,172,65,8,83,39.6
13997,0,44,185,92,17,105,40.3
11030,0,27,200,96,22,107,40.3
1772,1,45,168,60,12,83,40.0
954,0,73,190,95,10,97,39.4
6414,0,20,180,79,25,106,40.4
4195,1,31,167,66,28,113,40.7
11598,0,70,198,106,16,94,40.3
5768,0,55,199,94,22,98,40.5
3623,1,67,145,52,26,108,40.7
14198,0,39,188,88,2,90,38.0
11684,0,23,200,99,26,107,40.9
4462,1,35,170,64,24,102,40.6
10472,0,26,170,70,25,111,40.6
2283,1,75,154,58,29,99,41.2
9371,1,53,164,66,3,80,38.8
1527,1,44,163,62,11,95,39.8
44,1,54,169,66,3,80,38.9
14771,1,21,173,69,22,106,40.3
14671,1,46,196,85,25,102,40.7
6003,1,21,157,51,12,91,39.9
3917,1,50,163,64,12,94,40.3
12347,0,24,192,91,2,88,38.5
11479,0,68,163,62,29,112,40.8
1663,0,78,174,77,28,105,40.8
5864,0,23,189,97,13,89,40.2
4719,0,27,171,72,29,111,41.1
8384,1,28,163,65,8,87,39.2
9668,1,51,180,80,24,108,40.6
8075,1,23,169,68,8,83,39.9
7407,1,49,165,65,27,106,40.6
14356,1,43,165,64,27,111,40.6
13596,0,25,180,77,29,111,40.8
14458,0,49,189,86,29,109,40.8
3016,1,27,146,50,6,83,39.2
8476,1,26,158,55,19,98,40.1
14102,1,23,174,71,7,91,39.1
4895,1,37,174,69,26,104,40.8
3964,1,44,172,62,16,95,40.3
5812,0,54,181,86,12,104,39.7
10942,1,25,167,62,28,108,41.0
10360,1,52,177,74,15,85,40.1
6427,0,63,179,87,18,107,40.7
788,0,20,175,78,24,107,40.5
9162,0,69,183,92,8,90,39.6
4424,1,24,167,63,24,97,40.6
12974,1,29,156,50,28,113,40.9
9316,0,26,190,95,29,109,40.7
7923,0,60,181,87,28,106,41.0
289,0,23,195,89,27,104,41.0
8598,0,35,167,68,12,95,39.8
8405,1,22,154,53,22,106,40.5
8767,1,27,157,53,10,92,40.0
6491,1,21,179,71,24,104,40.7
7638,0,24,194,94,17,106,40.3
12125,1,61,162,67,10,88,39.8
10591,0,71,184,92,7,87,39.5
13642,1,24,163,57,3,85,38.5
11007,0,32,177,75,8,101,39.2
3230,0,45,183,85,3,81,38.8
1232,0,24,183,83,26,109,40.6
7709,0,40,196,98,15,93,40.3
8739,1,32,156,59,12,93,40.1
4487,0,78,189,90,28,104,41.1
3284,1,32,163,58,17,100,40.4
6390,1,33,173,72,17,98,40.3
4590,0,67,183,91,15,93,40.5
14899,0,20,182,84,12,99,39.9
13257,0,69,207,111,21,98,40.6
9618,1,56,172,71,7,83,38.8
1781,1,45,174,77,15,97,40.4
6260,1,25,163,62,4,81,39.0
11023,1,48,165,60,28,110,40.7
7764,0,32,184,82,8,85,39.4
11796,0,67,179,82,22,104,40.5
12436,0,33,199,93,1,77,37.8
10406,0,22,200,96,9,84,40.0
151,0,25,158,58,6,90,39.2
2639,0,47,188,84,26,105,40.8
7614,0,48,185,82,8,85,39.3
5985,0,37,178,80,4,89,38.5
14738,1,22,182,74,24,107,40.7
8772,0,28,180,79,28,103,40.7
13144,1,76,155,59,6,73,39.2
11493,0,64,194,96,27,106,40.7
7911,0,24,196,94,22,99,40.6
10730,0,24,179,82,28,104,40.4
12538,1,32,153,56,7,82,39.8
9915,0,43,197,97,3,83,38.9
14401,1,41,170,65,3,88,38.5
10713,0,71,193,100,12,89,40.0
11880,0,29,193,94,13,96,39.9
4209,0,20,198,102,10,89,39.5
2857,0,27,192,94,24,104,40.9
3000,0,68,188,90,10,85,40.1
9825,1,29,164,60,23,101,40.9
8667,0,29,170,71,13,91,40.3
6376,1,22,168,61,6,85,39.3
7599,0,20,173,74,25,100,40.6
156,0,23,198,100,12,90,40.4
4428,1,34,159,63,8,96,39.7
7483,0,54,181,81,18,105,40.6
444,0,48,176,84,17,89,40.4
10836,0,30,185,82,6,90,39.1
1392,0,55,178,76,10,93,39.6
3576,0,28,194,95,29,106,40.8
1853,0,23,175,75,15,97,40.3
10009,1,49,166,62,19,91,40.4
2042,1,67,175,74,25,103,41.0
1120,0,48,177,85,1,80,38.1
8376,0,59,191,97,9,86,39.7
2937,1,33,163,63,22,101,40.7
7762,0,26,199,93,22,104,40.6
13767,1,44,164,60,19,104,40.6
6768,0,61,189,93,9,87,39.6
10010,1,37,147,51,18,100,40.7
3183,0,20,168,69,13,98,40.1
10664,0,69,193,95,16,94,40.5
3524,0,64,199,104,6,88,39.6
212,1,32,159,63,23,103,40.3
1607,1,35,170,69,14,97,40.3
12808,1,33,175,75,1,85,38.0
11495,1,64,153,54,16,95,40.1
13553,0,41,187,91,16,100,40.7
12359,0,31,171,74,12,94,39.6
13632,0,48,202,102,29,117,40.7
936,1,42,165,63,8,94,39.5
8220,1,42,153,58,3,78,38.6
11599,1,60,152,58,14,86,40.2
41,1,61,176,70,20,104,40.5
6086,1,27,184,72,22,98,41.0
12357,0,63,186,92,14,94,40.2
12256,1,28,166,64,18,100,40.5
7670,0,30,188,90,4,89,39.0
4791,1,50,161,58,4,85,39.2
311,1,52,160,59,25,103,40.7
2509,1,52,154,55,1,67,38.0
7673,1,35,151,51,12,93,39.9
14403,1,21,156,55,19,108,40.5
10404,0,32,172,76,19,90,40.5
8889,1,27,165,59,20,96,40.3
13376,0,48,180,86,11,91,40.0
9423,0,42,195,96,7,90,39.3
5256,1,51,159,58,26,112,40.8
14411,1,31,165,61,30,105,40.7
14656,0,30,170,76,19,101,40.5
998,0,30,189,95,21,103,40.8
4943,1,74,186,80,15,92,40.1
9410,0,37,192,89,17,105,40.3
964,1,46,168,65,26,106,41.0
3290,0,66,185,90,13,82,40.1
1465,1,55,169,69,2,80,37.8
9027,1,23,166,68,7,93,39.4
3494,1,43,166,69,15,96,40.0
9220,0,41,186,88,7,86,39.5
3186,0,20,192,89,10,89,39.6
9158,0,31,192,89,15,90,39.9
1637,1,66,158,52,25,96,40.8
4182,1,27,180,80,13,93,40.0
10079,0,77,171,74,18,103,40.8
2756,0,24,188,93,18,99,40.3
13980,1,26,184,82,20,101,40.4
13398,0,79,175,83,14,93,40.2
13027,0,52,170,77,24,108,40.6
1847,1,30,157,52,23,96,40.5
12406,1,31,163,60,7,86,39.4
3980,0,65,179,80,6,91,39.5
1017,0,44,177,83,28,110,41.2
1875,1,59,154,55,9,101,39.7
10138,1,57,148,50,23,108,40.6
2923,0,30,186,85,14,98,39.9
12237,0,32,194,97,12,90,40.1
13776,0,25,189,90,21,102,40.5
4776,1,37,153,56,18,104,40.5
5878,1,42,179,76,21,102,40.5
593,1,31,169,66,23,94,40.9
13300,0,23,178,75,12,95,39.8
5657,1,39,164,65,4,85,38.9
922,0,64,175,83,4,83,38.9
2372,0,77,175,79,4,84,38.8
1947,0,31,179,82,6,87,39.1
14268,0,36,175,74,2,82,38.1
9052,0,39,187,90,13,105,39.9
60,1,36,170,64,9,84,39.6
11616,0,35,182,84,22,98,41.0
12472,0,31,180,76,11,92,40.2
820,1,32,144,49,5,90,39.0
4250,0,62,178,79,26,104,40.7
4777,1,33,177,74,4,83,39.0
4825,1,22,155,51,29,111,40.8
3860,0,37,158,63,20,103,40.5
9140,1,38,164,67,6,77,39.4
1467,1,77,173,67,3,83,38.4
9249,0,41,186,89,27,108,41.0
5050,1,20,174,67,3,79,39.1
8757,1,31,158,52,5,89,39.2
6001,0,70,189,89,6,91,39.2
2563,0,38,181,88,19,100,40.7
10718,0,55,175,84,8,89,39.7
13409,1,69,168,66,25,111,40.6
10599,0,39,180,79,14,96,40.1
14839,0,50,192,87,20,103,40.4
1056,1,22,152,55,22,98,40.5
2387,0,62,178,85,8,84,39.2
13017,1,33,169,70,13,89,39.8
7321,1,21,182,81,6,84,39.4
6184,0,56,192,93,1,80,37.8
11901,1,29,167,65,30,110,40.8
8434,1,36,173,68,27,108,40.8
5871,1,44,162,59,27,105,40.9
10504,0,32,199,94,3,84,38.5
219,0,34,185,93,20,99,40.3
11174,0,37,187,86,23,100,40.5
1543,1,65,156,63,21,102,40.4
9112,0,26,177,75,11,85,39.9
1089,0,20,172,72,9,88,39.8
1756,1,67,154,58,9,92,39.9
531,0,45,194,103,14,85,39.9
11153,1,45,169,63,16,94,40.4
14416,1,21,165,60,20,103,40.6
1015,0,28,187,88,22,109,40.4
11857,0,24,193,89,10,95,39.7
5041,1,77,166,66,21,107,40.7
14298,0,21,184,79,22,110,40.8
6813,0,44,192,91,4,90,39.1
872,1,39,159,62,15,93,40.0
201,0,76,187,96,12,96,40.1
13493,0,35,190,92,20,94,40.8
9413,1,33,181,75,5,81,39.4
4750,0,37,189,92,16,98,40.4
7188,1,24,145,49,12,88,40.2
9858,0,26,174,77,9,88,39.6
14106,0,66,166,66,16,96,40.7
2429,0,24,184,80,23,99,41.0
14112,0,50,182,90,29,99,41.2
5439,1,78,154,60,9,85,39.7
11325,0,78,188,95,4,90,39.0
5236,1,50,162,59,14,99,40.3
4660,0,73,184,90,10,90,39.6
14593,1,32,179,76,29,101,41.0
3955,1,69,170,72,16,88,40.1
4366,0,75,168,65,10,84,39.6
9375,0,39,188,89,27,108,40.7
8789,1,63,173,71,29,108,40.9
10141,0,71,180,79,7,93,39.2
7126,0,23,190,91,6,84,39.6
5543,0,32,174,76,9,98,39.4
6948,0,27,197,96,8,89,39.5
4154,1,37,177,69,14,97,39.9
1229,0,41,200,98,2,82,38.1
11783,1,71,179,78,6,83,39.4
9536,1,25,177,76,13,87,40.0
8750,1,53,170,64,28,104,40.7
13399,0,54,199,98,3,89,38.8
13865,1,51,160,63,2,82,38.3
7492,0,61,172,80,3,89,38.8
6645,0,47,178,82,26,104,41.2
446,1,53,156,60,26,104,40.7
335,1,64,164,67,13,94,40.2
7067,0,50,184,90,28,107,40.9
1880,1,50,160,53,27,107,40.8
5856,1,29,164,60,14,92,40.1
13524,0,42,187,92,5,87,39.1
619,1,42,168,68,17,91,40.4
13481,0,42,208,108,8,84,39.5
13403,0,52,189,85,20,106,40.8
2320,0,62,177,82,21,102,40.7
7619,0,27,177,82,11,79,39.9
12967,0,57,188,92,7,92,39.4
5347,0,38,164,73,14,91,40.1
10359,0,71,209,109,18,95,40.0
3921,1,32,165,65,20,91,40.6
5051,0,63,175,78,26,105,41.0
10915,0,31,162,66,5,94,39.1
2359,0,29,171,76,13,88,40.0
9397,0,33,191,92,26,103,40.8
2026,0,55,180,86,26,104,40.3
2430,1,26,167,59,28,106,40.6
2324,1,22,151,54,17,100,40.2
14461,0,35,175,77,25,100,40.8
4022,0,62,187,94,5,84,39.5
8855,0,35,184,84,8,80,39.7
6520,0,36,149,58,6,93,39.2
10737,1,20,166,62,24,96,40.8
6211,1,24,164,61,29,109,40.8
4443,1,22,169,67,8,90,39.3
7973,1,29,160,55,5,85,39.3
9693,0,65,163,66,1,91,37.3
14993,0,45,179,78,11,98,39.9
2235,0,40,177,84,7,82,39.4
12890,1,36,162,60,22,103,40.5
13813,0,36,166,66,16,101,40.2
1532,0,69,167,71,24,99,40.6
14214,1,56,155,55,21,109,40.4
8388,1,29,169,71,1,84,38.0
58,0,28,198,101,19,95,40.6
5100,1,23,156,58,21,102,40.6
3490,0,57,210,122,5,80,39.2
2666,0,44,172,81,5,82,38.9
4639,1,28,165,58,5,83,38.8
555,1,61,168,66,29,107,41.1
929,0,64,169,79,27,96,40.5
133,0,49,184,86,26,103,40.8
5755,0,42,166,65,26,109,41.2
14536,1,77,174,74,23,106,40.5
7831,1,24,167,62,4,90,38.9
6367,1,30,171,71,8,75,39.6
5721,1,71,164,68,24,100,40.8
11839,0,21,186,80,13,97,40.0
5210,1,24,169,67,4,79,39.2
6953,1,37,172,68,25,109,40.5
9692,0,33,182,88,23,100,40.6
10480,0,24,196,96,30,114,41.0
8942,1,65,160,58,14,97,40.2
12789,1,20,146,47,9,92,39.7
10519,0,26,189,86,5,90,39.2
1903,0,52,201,105,23,104,40.7
13366,0,21,183,78,12,88,39.9
4863,0,59,190,99,25,107,40.7
13286,1,67,173,70,8,96,39.2
14122,1,37,161,62,27,110,40.4
9113,1,64,169,71,19,100,40.5
118,1,28,158,60,27,113,40.8
13108,1,26,155,56,22,96,40.7
112,1,20,136,45,11,94,40.1
13349,1,30,156,57,11,87,39.8
5113,1,28,153,53,13,97,39.9
3299,1,49,153,57,21,101,40.3
10901,0,29,195,93,2,78,38.2
10738,1,60,169,68,18,99,40.4
10327,0,35,188,86,25,101,40.7
3610,0,38,192,89,3,78,38.9
11494,1,29,160,54,8,101,39.7
9830,0,38,193,99,11,94,39.9
3071,0,27,195,94,20,98,40.5
3104,1,32,175,70,26,104,40.9
944,0,42,196,93,14,93,40.0
13271,0,46,179,82,29,104,40.7
458,0,41,188,91,20,106,40.5
9835,0,69,188,98,24,112,40.7
4612,1,39,187,87,13,101,40.2
5043,0,51,200,96,25,114,40.9
241,1,63,166,68,26,108,40.8
10410,1,78,175,74,19,101,40.4
711,0,28,180,79,9,93,39.6
10631,0,34,190,93,9,85,39.6
9975,0,51,191,92,4,78,38.9
8712,0,54,181,82,30,110,40.7
3173,1,30,173,65,22,107,40.4
8412,1,66,160,55,10,81,39.9
10645,0,63,191,93,18,93,40.3
14075,1,65,148,48,26,106,40.6
8805,1,35,175,72,24,95,40.7
13963,0,22,172,69,5,91,38.9
4449,1,31,157,57,10,95,40.0
4027,0,23,187,83,24,104,40.9
13985,1,31,171,70,5,83,39.0
9166,1,47,161,64,15,98,40.2
1646,1,61,160,60,3,88,38.5
10247,1,46,174,73,12,93,39.7
2064,1,60,189,83,3,86,38.3
13740,1,44,163,65,23,99,40.6
2151,1,79,149,54,13,93,40.1
7845,0,20,186,84,22,93,40.5
7703,0,28,193,84,7,87,39.7
5958,0,63,182,86,14,96,40.1
346,0,76,195,93,23,96,40.5
8690,0,21,207,102,7,84,39.3
1833,0,42,179,80,8,93,39.4
1241,0,22,188,93,29,107,40.6
8516,1,25,184,82,20,93,40.8
10994,0,52,205,103,14,105,40.5
10628,0,55,184,88,10,98,39.8
10771,1,30,166,63,19,95,40.1
7233,0,21,199,95,4,80,38.9
11145,0,26,191,88,3,79,38.5
1766,1,67,155,56,4,74,39.0
4352,0,67,176,78,27,101,40.8
9492,0,35,201,104,22,107,40.6
14083,0,22,181,86,26,104,40.6
7669,1,27,168,66,16,91,40.5
12087,1,33,167,62,23,107,40.3
7936,0,30,182,82,11,85,39.6
13348,0,45,177,81,18,85,40.7
10396,0,21,177,79,24,103,40.9
6977,0,65,195,100,24,98,40.5
8347,1,63,160,63,8,90,39.3
5268,1,39,168,73,16,102,40.5
9872,0,20,167,65,12,91,40.3
7865,1,26,162,55,21,103,40.6
9530,0,38,190,91,26,113,40.8
11170,1,48,179,82,28,114,40.7
1735,0,53,179,79,9,86,39.7
5040,0,24,191,93,17,110,40.5
13817,0,74,202,113,7,86,39.3
12470,0,29,178,85,18,93,40.8
934,1,55,155,55,9,88,40.0
3101,1,27,160,64,14,98,39.8
3677,1,25,165,68,1,78,37.5
10142,1,53,167,69,11,91,40.0
3342,1,76,155,63,13,94,39.9
3222,0,67,184,91,23,106,41.1
2106,1,54,174,68,9,95,39.4
7798,1,27,159,61,16,105,40.5
10916,0,31,174,83,10,90,40.0
13795,1,25,166,67,3,79,38.4
12205,0,22,179,81,21,96,40.3
12253,0,21,187,85,9,94,39.5
13319,0,64,163,63,6,89,39.0
12691,0,24,182,76,26,114,40.7
11500,0,38,174,74,28,102,40.9
6577,0,54,180,77,25,105,41.0
13696,1,30,146,49,18,100,40.4
13371,1,39,164,68,15,89,40.4
8560,0,47,187,87,16,103,40.2
7066,1,38,163,70,17,94,40.4
7397,1,20,164,66,16,96,40.5
9288,0,31,174,74,25,100,40.6
468,0,49,185,93,22,99,40.5
7558,1,38,164,61,20,94,40.6
14369,1,21,163,62,29,116,40.7
7663,1,44,159,64,12,97,39.8
8497,0,56,200,101,28,112,40.9
887,0,25,198,97,11,92,39.9
1547,1,58,175,71,11,100,39.8
11969,1,33,145,46,12,93,40.0
13262,0,31,198,101,3,77,39.0
4654,1,44,169,69,7,88,39.8
538,0,73,189,89,18,99,40.6
9011,1,40,152,55,8,83,39.7
14156,0,74,187,90,12,77,40.1
1167,1,54,172,69,10,87,39.3
11376,1,29,179,69,14,92,40.4
14776,1,35,182,78,23,100,40.6
7799,1,35,169,67,13,96,40.1
2360,1,72,164,65,12,104,40.1
3972,0,25,204,103,10,93,40.0
2478,1,26,174,73,21,104,40.8
3896,1,23,154,54,28,105,41.0
13375,1,41,177,69,5,82,39.1
2412,1,57,180,73,6,87,39.4
4295,1,73,177,75,2,87,38.5
9673,0,44,184,84,18,99,40.5
6623,0,37,193,96,11,93,40.2
12239,1,37,162,60,19,98,40.3
4358,0,35,192,94,20,105,40.5
4363,1,69,160,60,24,104,40.9
6875,0,34,179,82,29,111,40.8
14346,0,33,171,69,28,114,40.7
10099,0,68,178,78,10,90,40.1
244,1,30,163,58,22,109,40.5
7712,1,30,170,62,18,96,40.5
10029,1,23,166,62,14,99,40.6
4304,1,57,175,74,15,94,40.4
1539,0,63,178,76,6,87,39.1
9005,0,26,191,93,13,89,40.3
2045,1,25,157,59,11,82,39.7
4110,1,27,173,68,18,99,40.4
3029,1,33,159,58,22,99,40.7
8335,1,61,162,63,14,96,40.2
8018,0,32,188,93,16,110,40.1
8189,0,40,209,116,4,86,39.1
13454,1,20,163,58,4,81,38.9
12224,0,35,198,97,22,102,40.6
994,0,47,192,93,13,95,40.3
6061,0,73,190,98,12,91,39.8
8588,1,33,151,50,15,95,40.0
2310,0,22,188,89,7,80,39.2
2365,0,25,177,82,2,85,38.1
6360,1,41,170,65,21,96,40.5
4493,1,75,178,76,6,90,39.2
989,1,38,169,64,9,99,39.5
6671,1,59,157,60,5,84,38.8
13994,1,35,174,68,10,90,39.7
11517,0,57,188,88,26,101,41.3
5717,1,74,154,57,18,103,40.2
12180,1,59,166,61,27,105,40.5
12978,1,26,175,76,22,105,40.6
1852,0,44,175,79,19,95,40.7
6319,0,78,188,96,11,82,40.0
1649,1,26,162,56,21,101,40.5
5456,1,46,165,63,19,107,40.3
2907,0,74,182,90,21,102,40.5
10910,1,43,151,52,18,103,40.6
11975,1,30,153,53,25,114,40.7
9763,1,61,163,66,6,76,39.1
12994,1,30,166,61,3,82,39.1
14039,1,42,171,68,20,95,40.5
11942,1,20,165,60,10,86,39.7
4577,1,46,169,73,19,101,40.5
13046,0,32,183,86,3,81,38.5
2473,1,66,153,61,22,96,40.7
11530,1,55,141,52,16,103,40.1
2401,1,28,149,53,28,109,41.0
1908,1,47,174,73,28,101,40.9
9573,1,51,170,71,16,100,40.3
7716,1,55,159,59,26,108,40.9
5290,1,61,162,61,16,99,40.4
1580,1,61,162,62,7,83,39.7
14347,0,21,189,90,23,99,40.5
5475,1,51,166,70,22,92,40.9
14072,1,22,155,61,9,91,39.8
5880,0,48,202,103,25,107,40.9
9888,1,72,168,64,9,86,39.7
6478,0,38,186,91,9,90,40.0
8773,0,66,197,101,8,87,39.6
12596,0,36,181,79,5,87,39.4
2455,0,76,179,80,9,94,39.2
645,0,20,184,84,1,76,37.8
2060,0,68,178,77,8,89,39.8
4964,0,28,172,81,25,113,40.7
8155,1,75,165,68,17,97,40.7
7337,0,66,183,84,29,108,40.9
12208,1,73,148,53,2,79,38.0
6277,1,46,162,58,24,106,40.4
599,0,58,172,75,27,107,40.7
9469,0,27,176,78,9,86,39.6
7680,0,59,192,97,28,112,41.3
3665,1,61,147,56,18,98,40.2
2947,1,73,184,83,13,97,40.3
6454,0,31,170,67,5,90,39.1
7900,1,22,163,60,12,86,39.5
3112,0,57,186,83,12,83,40.1
13711,0,20,183,85,13,89,40.3
2530,0,24,192,93,21,99,40.9
10420,1,22,155,53,17,108,40.4
14699,1,50,161,57,23,111,40.5
12165,1,30,162,58,23,106,40.6
7879,0,50,183,82,27,110,40.8
14148,0,56,174,74,16,102,40.1
6421,0,41,195,100,30,107,40.8
14622,1,26,147,48,14,101,40.2
8708,1,41,177,74,3,77,38.5
14960,0,23,202,107,5,83,39.0
137,0,42,185,78,26,110,41.4
12218,1,70,189,86,28,101,40.6
7998,0,23,189,87,16,99,40.4
9256,0,75,180,84,26,109,40.9
4562,0,30,182,86,25,94,41.0
3830,1,40,171,72,13,100,40.0
6082,0,78,189,95,18,97,40.0
12117,0,43,180,84,6,89,39.2
7875,1,52,161,62,2,81,37.7
7750,0,34,180,77,4,94,39.0
1139,0,42,186,83,11,94,40.1
1839,0,44,184,89,14,96,40.2
1249,0,30,190,94,28,111,41.0
5485,0,67,176,78,24,101,40.9
10197,0,46,186,93,21,96,41.1
720,0,20,172,71,18,99,40.3
13287,1,23,168,68,7,81,39.4
10696,0,37,185,81,1,84,38.0
1744,0,57,192,97,17,96,40.4
6796,0,32,186,84,10,85,39.9
11462,1,20,179,74,3,92,38.7
14432,1,30,164,62,2,81,38.1
8944,0,24,180,84,21,98,40.6
14832,1,77,171,71,21,97,40.3
13929,1,32,154,55,22,113,40.1
5786,1,20,163,66,1,86,37.8
997,0,38,185,91,5,82,39.2
9327,0,32,181,84,22,100,40.7
10873,0,30,175,74,20,97,40.5
2116,0,45,179,82,26,107,40.6
10464,0,41,201,108,6,92,39.7
1421,1,26,167,68,28,104,40.9
2031,0,46,180,78,25,99,40.7
5529,1,32,158,58,8,89,39.5
1247,1,29,169,69,15,97,40.4
8765,0,60,187,91,18,99,39.9
12599,0,23,192,95,6,85,39.6
2800,1,29,164,64,16,96,40.2
9976,1,55,152,50,3,86,38.4
12995,0,29,193,92,4,85,39.0
2475,0,20,172,75,10,88,39.7
9765,1,27,154,56,20,100,40.1
9236,1,25,173,62,16,91,40.2
10736,1,56,158,61,2,81,38.3
4009,1,52,173,68,20,99,40.3
11029,0,29,179,84,28,111,40.8
13105,1,20,176,70,9,87,39.7
14173,1,25,161,62,2,90,38.3
12084,0,20,167,66,10,91,40.3
5029,0,28,184,88,20,107,40.5
2011,1,52,161,64,24,96,41.0
5464,0,54,195,92,27,106,41.0
4131,1,22,164,65,30,98,41.1
12487,1,53,157,63,6,84,39.1
6044,0,27,185,82,12,95,40.0
1361,1,25,176,66,29,109,40.9
3635,1,25,163,65,18,100,40.6
7744,1,22,160,59,17,88,40.6
5737,0,46,188,83,25,101,40.7
10650,0,34,195,90,20,100,40.6
5799,1,23,181,74,12,86,40.2
8639,1,30,148,53,18,89,40.5
2536,0,41,185,86,22,104,40.5
4350,1,54,138,41,30,113,41.1
1067,1,23,148,48,13,77,40.2
14690,0,54,175,81,6,83,39.3
5610,0,61,191,91,25,114,41.0
4349,0,28,182,87,29,104,40.8
2240,1,41,182,77,23,115,40.6
13838,0,28,206,109,6,92,39.5
7681,0,55,187,89,18,94,40.1
2082,1,71,160,63,3,83,38.7
9574,0,31,178,86,21,110,40.7
988,1,24,167,66,12,89,40.0
4725,0,25,178,83,26,112,40.8
237,1,35,172,71,11,85,39.9
6725,1,65,172,71,17,94,40.5
5977,0,20,194,90,15,91,40.3
8104,1,58,155,60,11,100,39.9
2889,0,58,179,82,23,107,40.4
14025,0,25,186,90,1,84,37.9
8012,0,32,185,89,4,88,38.6
11782,1,32,170,66,25,114,40.6
13011,1,47,153,56,15,109,39.8
13664,1,23,179,75,4,89,38.8
716,0,73,183,90,21,94,40.5
809,1,25,171,70,11,92,40.0
6878,1,73,160,60,21,108,40.4
9408,1,31,175,65,15,95,39.8
602,0,63,200,98,28,105,40.9
14997,1,43,159,58,16,90,40.1
1401,1,55,150,53,5,82,38.8
115,0,50,171,74,2,82,38.1
14956,0,25,178,82,26,112,40.4
9672,0,53,201,98,16,94,40.2
6815,1,66,175,74,28,116,40.8
9181,0,25,162,63,25,106,40.4
3171,0,39,175,77,6,86,39.5
7449,0,75,178,79,2,76,38.2
353,1,60,176,71,24,107,41.0
830,0,46,181,82,24,104,41.0
13123,0,41,179,83,26,107,40.5
5175,1,24,168,67,21,100,40.4
8187,1,54,166,68,12,94,40.1
10032,0,30,184,90,22,105,40.4
2154,0,66,185,85,26,103,41.2
462,1,26,173,73,1,69,37.9
9329,0,54,202,99,16,99,40.5
779,0,79,202,108,18,99,41.0
13699,0,60,180,79,4,87,38.9
7545,1,75,158,57,12,87,40.0
12775,1,29,176,72,18,95,40.4
6313,1,39,156,62,29,94,41.0
8813,1,62,161,61,3,85,38.7
13568,0,47,178,77,19,93,40.4
3204,0,26,183,80,3,78,38.3
710,0,49,198,102,17,100,40.5
3615,0,20,209,109,23,99,40.6
13654,1,59,181,77,19,94,40.5
10708,1,46,154,53,19,99,41.0
11790,1,45,166,59,7,80,39.1
13043,1,70,172,68,29,109,40.7
11040,1,46,167,62,5,80,39.3
12116,0,21,188,80,14,103,40.1
1992,1,38,157,57,5,83,39.3
9950,0,26,177,69,12,89,40.0
13924,0,45,204,106,18,94,40.4
11807,1,54,165,62,12,97,39.8
11669,0,56,187,91,17,92,40.4
4202,0,69,168,71,20,107,40.5
3912,0,57,186,83,18,98,40.7
5203,1,20,180,71,22,104,40.4
5380,1,28,157,55,28,113,40.7
5576,0,29,186,91,21,107,40.3
7448,0,63,180,88,24,114,40.7
10107,0,77,184,87,6,80,39.2
4417,0,75,184,89,22,97,40.7
12389,0,30,177,82,19,89,40.7
5514,0,55,204,112,7,86,39.7
1466,1,53,156,57,16,94,40.1
10882,1,45,187,88,21,103,40.6
12000,1,55,176,70,11,90,40.2
12840,0,48,162,67,4,86,38.8
10185,1,41,161,57,14,92,40.2
8488,0,41,184,91,23,113,40.4
6537,0,55,176,83,9,81,39.7
14900,0,43,180,79,1,78,37.4
7939,0,20,206,95,17,86,40.5
1299,1,53,171,69,25,109,40.6
11695,1,43,148,48,5,91,39.4
6563,0,39,192,91,18,92,40.5
2182,0,69,171,74,13,90,39.6
6719,0,31,186,90,16,95,40.0
7687,0,22,192,91,26,113,40.7
5302,0,42,172,80,1,78,37.8
5636,0,54,189,92,8,91,39.8
10710,0,51,188,99,18,90,40.5
11480,1,59,169,70,8,92,39.4
4864,0,41,187,93,23,105,40.9
8054,1,75,166,68,12,90,40.1
14857,1,79,160,59,21,100,40.4
7219,1,59,164,63,20,109,40.5
12941,1,22,168,65,13,97,40.1
14783,0,68,192,97,24,98,40.5
11155,1,32,161,62,30,110,41.0
7561,0,59,202,107,6,88,39.0
13550,1,62,155,54,19,94,40.3
14781,0,49,191,96,4,86,38.8
6108,1,51,166,67,11,89,39.5
14178,1,37,171,71,21,97,40.9
10725,0,20,193,91,7,84,39.4
14906,1,57,154,61,20,97,40.6
10255,1,70,149,51,28,98,40.6
7954,1,47,176,67,4,87,38.6
8108,0,26,184,85,17,96,40.4
13267,1,20,164,62,10,85,40.0
8239,0,36,176,75,20,103,40.3
1854,1,44,183,82,20,103,40.4
13717,1,32,160,58,22,102,40.6
13041,1,22,159,58,15,94,40.3
11334,0,45,179,79,28,108,40.4
6754,1,28,154,56,28,106,40.4
4834,1,20,168,67,5,82,39.4
13839,1,22,164,55,6,87,39.1
12184,1,22,159,55,4,86,38.8
1590,0,20,199,98,30,104,41.0
3285,1,58,167,66,16,87,40.4
2864,0,68,166,71,3,67,38.7
7392,1,37,166,65,28,107,40.8
12898,1,39,145,51,30,108,41.0
2388,0,26,176,81,12,90,39.7
2278,0,55,171,70,17,93,40.3
8759,0,44,190,97,19,104,40.1
2034,0,75,196,99,29,99,41.0
14879,0,42,190,97,22,102,40.6
456,1,64,155,55,25,114,40.8
6217,0,35,202,97,24,103,40.8
11148,1,46,168,64,22,97,40.8
10046,1,35,164,58,27,104,40.9
12688,1,50,187,81,4,82,39.2
6477,0,22,165,64,17,97,40.1
10069,0,45,182,78,8,92,39.7
13074,0,76,177,82,6,98,39.6
7204,0,33,205,114,4,90,39.2
9285,0,50,197,103,3,85,38.6
1087,1,64,155,60,21,102,40.6
10228,0,29,190,90,2,88,38.6
8554,0,32,189,93,8,84,39.3
13227,0,57,174,78,29,112,41.3
89,0,25,202,100,9,94,39.8
1452,0,49,190,96,28,103,40.5
1620,1,54,171,68,6,82,39.2
11363,0,23,201,101,27,103,40.9
11535,1,74,174,74,14,95,40.0
12040,0,51,193,93,28,115,40.8
7093,0,33,181,77,12,88,40.1
14674,0,55,179,85,23,108,40.6
12878,1,57,160,62,25,102,40.5
1966,0,22,194,93,8,90,39.6
14111,0,52,200,97,30,116,41.3
2161,1,69,172,69,11,95,39.7
963,0,45,166,74,7,91,39.4
6320,0,31,181,78,17,102,40.4
2419,1,31,151,52,23,104,40.5
9780,1,79,158,60,17,98,40.6
14257,1,23,146,53,2,84,37.8
2392,1,63,168,65,19,96,40.3
1176,0,39,176,76,23,109,40.7
14969,1,34,163,65,16,105,40.1
1537,0,71,181,87,3,82,38.4
769,0,38,176,77,2,80,38.6
13766,1,66,175,77,10,90,39.9
10707,0,20,186,85,4,93,39.1
13898,1,77,160,59,30,110,40.8
9579,0,59,184,86,26,101,40.8
10146,0,28,191,93,19,93,40.6
3058,1,22,170,64,30,115,41.2
12200,1,26,163,61,13,103,40.3
11514,0,69,185,85,30,113,40.7
12018,1,77,153,58,8,90,39.5
7446,1,72,182,81,18,95,40.4
5417,0,23,180,82,14,91,40.3
5727,0,33,181,81,19,102,40.6
2328,0,54,166,76,2,83,38.3
4491,0,59,177,83,19,104,41.0
11718,0,59,178,82,18,99,40.6
7138,1,33,157,49,4,80,38.7
7108,0,26,197,98,5,77,39.2
3085,1,54,183,74,29,107,40.9
6603,0,48,184,86,11,95,39.9
12777,1,72,189,86,24,95,40.8
13548,1,52,180,83,6,93,38.8
14715,0,53,179,83,26,106,40.8
1350,1,34,180,74,13,94,40.0
4004,1,32,142,48,5,79,38.9
2168,1,27,175,71,22,99,40.8
4313,1,44,168,66,25,110,40.7
3478,0,55,198,104,18,103,40.0
10740,0,53,170,78,16,94,40.7
14502,1,21,169,69,3,82,38.7
7002,0,78,177,82,6,79,39.2
5423,1,23,171,68,17,92,40.2
5649,0,23,191,84,24,111,40.8
13541,1,20,174,70,26,98,41.0
834,1,62,171,78,22,103,40.5
3480,0,56,174,78,4,83,38.5
2894,0,40,187,88,14,87,40.0
6660,1,54,153,55,6,87,39.3
1740,1,35,160,58,2,77,38.2
13617,0,77,195,99,11,97,39.6
8869,0,58,185,89,2,89,38.4
1603,1,50,172,68,25,101,40.8
341,0,41,192,99,22,98,40.5
2619,1,36,172,72,4,80,39.2
7210,1,46,153,51,30,115,40.8
3503,1,39,165,62,28,107,40.7
6094,1,50,167,64,20,103,40.4
952,0,29,186,91,8,84,39.6
11092,1,40,155,61,4,87,39.0
9591,1,45,176,76,23,96,40.4
6828,1,75,184,81,2,75,37.9
13905,1,45,163,61,20,98,40.4
5394,0,53,196,102,2,89,38.2
12352,0,66,185,88,17,100,40.6
12290,1,78,159,64,28,111,40.7
11595,0,30,167,70,27,107,40.9
9378,0,67,184,86,2,81,38.2
14104,0,73,190,99,11,91,40.1
4372,0,44,183,87,27,104,40.7
3793,0,48,181,86,3,87,38.9
12109,0,28,191,83,7,80,39.4
5705,1,22,153,51,9,85,39.8
5854,0,57,187,94,5,86,39.5
7809,1,43,156,58,6,87,39.1
4015,0,40,184,92,11,95,40.0
7044,0,29,174,73,20,107,40.7
13808,1,73,177,78,28,117,40.6
508,0,27,174,79,8,102,39.7
4963,0,40,196,102,5,91,39.1
14084,1,36,179,73,14,88,40.1
6844,0,20,189,85,11,95,40.0
6175,0,20,164,69,6,82,39.1
12802,0,49,193,87,9,85,39.8
10341,1,60,164,61,2,83,38.1
5338,1,65,164,68,21,99,40.6
5950,0,37,199,107,11,95,39.9
9151,1,23,156,56,18,93,40.6
9196,1,51,168,63,20,103,40.7
4200,1,63,123,40,9,97,39.9
13433,1,38,163,61,25,104,40.5
1257,0,48,177,81,28,111,40.9
6121,1,54,162,61,3,85,38.6
11408,0,62,170,77,9,86,39.6
14707,0,49,196,100,22,99,40.6
12242,0,28,181,83,3,86,38.6
5872,1,24,162,57,22,104,40.7
14893,1,25,170,68,23,90,40.5
10680,0,71,205,115,20,95,40.7
3833,0,34,203,101,12,102,39.8
192,0,38,192,92,21,104,40.6
7827,1,36,168,69,26,104,41.1
14318,1,53,174,69,10,93,39.8
11069,1,29,158,51,21,96,40.5
11360,1,37,151,52,15,89,40.4
11438,1,52,152,58,10,92,39.5
4338,1,21,158,58,11,88,40.0
12574,0,34,204,104,21,104,40.6
10392,0,31,183,80,21,99,40.4
3213,1,26,163,60,21,98,40.7
6150,0,29,175,73,27,98,40.9
11142,0,71,197,92,15,91,40.0
4779,0,25,184,88,19,96,40.5
12743,1,25,141,49,17,94,40.3
14248,0,66,204,107,13,89,40.0
12051,0,50,183,93,11,88,39.9
8603,1,29,138,45,13,101,40.1
4237,1,64,165,66,8,80,39.4
10376,1,28,161,56,2,85,38.2
8334,0,25,206,111,3,91,38.8
10241,1,37,154,57,25,100,40.7
119,0,38,188,93,28,104,40.9
7714,1,28,171,68,18,99,40.3
7568,1,31,168,67,13,96,39.9
10800,0,49,190,94,21,97,40.2
6372,1,61,154,57,16,102,40.1
8529,0,48,173,75,14,93,40.2
11005,0,25,203,105,29,112,40.8
7279,1,27,175,73,13,93,40.0
2740,0,28,199,96,21,103,40.2
8276,0,68,187,91,16,98,40.3
5962,1,35,168,62,4,74,38.9
7573,1,31,177,71,2,85,37.2
1675,0,29,190,93,13,90,39.8
12522,1,54,159,63,16,96,40.3
4958,0,38,170,75,14,95,40.4
13324,1,27,151,49,19,101,40.2
8683,0,38,185,85,29,110,40.8
8563,0,69,183,87,27,112,41.0
8027,0,53,179,89,8,92,39.7
10162,1,20,164,60,19,109,40.8
2226,1,37,156,57,22,96,40.6
3761,1,65,166,68,18,101,40.4
778,0,58,191,91,10,91,39.6
6534,1,58,163,66,24,103,40.7
7272,0,61,194,91,19,108,40.1
3472,0,28,194,86,19,103,40.3
8099,0,50,174,79,12,88,39.4
4922,1,25,171,60,25,112,40.8
7549,0,37,185,83,26,106,41.0
7569,0,33,187,83,2,82,38.2
7639,1,43,172,67,4,85,39.2
5018,1,39,165,67,17,90,40.4
9846,0,75,179,84,3,88,38.7
9343,0,25,204,105,10,83,39.4
14924,1,41,169,62,29,111,41.0
344,0,28,192,92,7,92,39.5
2246,0,58,175,78,19,100,40.6
12156,1,24,153,54,1,78,37.7
9292,1,71,154,58,18,98,40.5
10817,1,64,174,74,7,88,38.9
2627,0,60,199,109,16,96,40.2
12702,1,39,164,69,20,94,40.6
8449,1,28,155,54,11,87,40.2
5452,0,50,196,98,3,87,38.4
10459,1,21,147,45,29,116,41.1
4354,1,74,171,74,1,83,37.8
1557,0,78,170,78,14,103,40.1
13431,1,25,152,58,2,86,38.1
10984,0,42,192,92,7,91,38.9
5218,1,37,158,57,27,106,40.8
1439,1,66,167,61,23,106,40.8
8640,1,69,191,88,6,82,38.8
1436,0,41,190,88,24,103,40.6
12189,0,21,219,126,15,97,40.4
3548,0,29,184,90,27,105,40.6
13918,1,33,149,52,27,109,40.7
8013,0,21,188,94,21,105,40.3
13356,1,43,163,66,12,95,39.9
10635,0,24,175,77,18,93,40.0
6874,1,41,173,69,10,91,39.7
5371,1,27,144,48,3,86,38.8
8428,0,45,190,94,10,84,39.7
12996,1,24,176,70,5,94,39.1
3757,0,54,176,77,18,100,40.6
9876,0,70,179,85,15,92,40.1
11742,0,45,182,89,19,99,40.8
10876,0,22,190,91,17,98,40.1
2297,0,75,177,85,11,97,39.7
13900,1,61,180,77,24,99,40.3
4194,1,25,154,53,12,95,40.1
10584,0,49,192,93,27,100,40.7
121,1,68,159,68,24,108,40.5
6649,0,23,179,82,15,91,40.2
1892,0,25,181,84,19,102,40.6
10285,0,31,177,79,24,96,41.2
9273,0,32,197,97,27,111,40.9
902,1,45,158,60,15,93,40.1
5025,1,20,171,68,23,99,41.1
14922,1,54,155,59,16,91,40.5
10030,0,62,180,87,16,96,39.8
6809,1,67,161,63,13,82,39.9
11571,0,65,190,94,26,102,40.9
3753,0,30,190,89,16,95,40.1
13787,0,39,196,98,6,88,39.2
11873,0,65,184,90,19,102,40.4
12100,0,34,173,71,28,113,40.7
6245,0,26,185,90,25,110,41.1
3214,1,65,168,66,24,111,40.6
13538,0,20,174,69,17,98,40.4
13830,0,55,178,78,18,90,40.1
6365,1,34,167,64,10,99,39.6
4035,1,27,176,69,6,82,39.2
6409,0,76,193,101,14,99,40.2
10325,0,23,191,95,23,105,40.5
598,0,24,178,78,22,102,40.7
5882,1,44,146,52,25,101,40.7
14618,1,53,166,54,17,101,40.2
6422,1,61,177,77,16,91,40.1
14980,1,22,161,67,3,81,38.6
14797,1,40,148,53,9,87,39.6
12782,0,58,183,85,16,95,40.0
6271,1,40,178,73,8,88,39.7
7965,0,56,186,96,6,86,39.6
107,1,26,159,53,19,92,40.5
1689,1,35,167,63,20,103,40.4
10266,0,79,185,88,26,104,40.7
10903,1,46,163,63,3,84,38.6
13462,0,63,208,112,16,92,39.9
9587,0,52,186,90,5,80,38.7
4801,0,58,194,95,23,106,40.5
13337,1,61,180,74,8,86,39.5
13305,0,54,196,101,19,98,40.5
9927,0,75,178,75,22,106,40.3
541,1,66,162,66,24,99,40.7
5207,1,21,153,50,2,82,38.3
11499,1,45,154,52,26,107,40.6
3023,1,33,153,53,26,111,40.3
4517,1,44,174,67,8,87,39.9
8643,0,78,203,110,24,110,40.8
7293,1,22,162,64,2,78,38.6
64,1,64,151,56,20,97,40.4
9078,0,23,188,91,1,88,37.6
11703,0,69,172,77,20,101,40.8
3210,1,22,157,54,21,88,40.0
7268,1,50,164,63,13,102,40.0
6179,1,55,172,68,23,97,40.6
1842,0,60,194,101,13,92,39.7
6785,1,62,170,69,27,113,40.6
389,1,37,157,59,16,94,40.2
14563,0,53,195,96,28,106,40.7
8088,0,45,188,87,5,89,39.4
12846,1,36,166,66,15,101,40.2
10260,0,24,164,64,17,97,40.1
6681,0,36,187,89,10,93,39.7
1706,1,47,166,64,21,107,40.6
6221,0,27,179,75,20,101,41.0
2845,1,41,162,60,30,104,41.3
14359,0,47,194,91,13,82,40.0
2314,1,67,155,56,6,82,38.7
4105,0,27,187,88,14,98,40.2
10230,1,32,149,51,5,85,39.1
9833,0,29,177,74,8,89,39.5
7631,0,39,190,91,19,112,40.4
13,1,32,157,54,18,93,40.4
3775,0,48,178,78,1,77,37.8
1043,0,25,204,107,21,98,40.2
8732,1,22,173,70,15,96,40.2
5984,0,79,170,75,18,95,40.6
4018,1,29,158,56,10,91,39.9
8325,1,22,166,63,26,109,40.6
12870,1,32,160,61,14,101,40.3
9169,0,32,180,86,23,97,40.5
5515,0,38,171,70,9,97,39.5
13182,1,52,166,60,4,81,38.9
5056,0,75,182,88,11,94,39.9
12951,1,67,161,64,10,90,39.6
9148,1,47,172,67,13,91,40.6
12813,0,75,180,85,30,108,40.9
8010,1,57,160,61,25,104,40.7
13044,0,42,189,87,24,99,40.9
4560,0,63,179,83,16,92,40.2
10891,0,61,190,90,7,85,39.6
6584,1,39,171,67,19,105,40.5
14859,1,32,159,59,8,93,39.8
334,0,67,173,78,4,95,38.7
10408,1,64,188,85,28,106,41.1
5178,0,65,175,77,26,116,40.8
2699,1,26,163,59,4,86,38.8
7815,1,21,178,74,12,101,39.7
5550,1,30,161,63,15,90,40.3
399,0,42,182,82,19,103,40.2
10899,1,54,156,57,8,82,39.6
4843,1,38,170,70,13,91,39.9
1302,0,21,176,75,19,109,40.5
292,1,58,170,72,8,103,39.9
7510,0,24,195,92,10,93,39.8
3882,1,39,160,60,16,96,40.3
4878,0,36,179,82,25,103,40.6
2081,1,55,169,71,9,91,39.7
4252,0,77,186,93,29,102,40.8
10516,0,30,199,96,9,96,40.1
3908,1,33,161,65,5,82,39.0
3410,0,29,167,71,16,86,40.4
888,0,45,177,81,19,102,40.4
5510,0,47,167,69,9,101,39.8
11011,1,52,161,61,20,97,40.2
3805,0,34,172,81,21,103,40.7
12326,0,21,179,78,20,102,40.4
3346,0,29,179,77,26,97,40.9
5230,1,32,178,73,18,102,40.2
4139,1,55,144,50,7,82,39.4
1593,0,43,169,73,21,104,40.6
4991,0,79,176,82,13,96,40.3
7249,0,47,182,92,27,106,41.0
11348,1,69,156,58,19,102,40.5
10238,0,53,210,110,1,80,37.9
9749,1,35,175,72,23,108,40.9
376,0,39,178,80,25,105,40.7
670,1,33,187,80,6,90,39.0
9103,0,31,190,92,13,92,40.0
12469,0,21,185,81,25,112,40.7
5742,0,21,177,82,3,84,38.5
13083,1,21,170,64,4,89,38.6
647,1,56,171,66,20,103,40.0
12590,1,23,164,55,6,91,39.5
9682,0,63,184,85,28,110,40.9
9726,0,38,190,87,28,99,41.1
4046,0,67,178,80,15,87,40.6
9940,0,68,169,77,25,108,40.6
9773,0,53,183,86,12,91,40.1
3717,1,24,175,72,15,90,40.3
13824,1,52,145,48,7,80,39.5
3859,1,57,139,44,28,108,40.9
12066,0,45,176,80,30,112,41.0
5970,1,67,171,67,29,116,41.1
10440,0,69,189,91,2,83,37.6
13582,0,27,194,90,2,81,37.8
9485,1,68,160,63,21,98,40.4
12492,0,78,197,102,3,79,38.5
7698,0,57,177,79,29,117,40.7
7075,0,38,177,76,4,86,39.1
8044,0,22,176,72,26,104,41.0
12619,1,63,157,61,16,92,40.6
9515,0,39,181,82,5,80,39.2
10709,0,45,184,85,14,90,40.0
14217,0,38,172,73,10,91,40.1
14271,0,76,182,82,10,92,39.7
4061,1,32,176,77,21,103,40.5
3629,0,77,207,105,13,101,39.9
5712,0,66,190,97,15,96,39.9
11339,1,30,171,67,4,82,38.8
9939,0,30,194,95,11,101,39.6
11664,1,24,157,58,30,100,40.9
13551,0,58,193,92,27,111,41.1
14685,1,68,179,77,8,89,40.1
1498,0,30,211,105,12,101,40.0
11430,1,52,191,86,24,105,40.7
3716,1,73,153,55,23,107,41.1
12906,0,48,170,75,3,90,38.7
2406,1,55,174,71,22,93,40.5
2341,1,74,163,64,29,106,40.8
1326,1,35,145,48,4,90,38.9
7795,1,58,171,73,15,97,40.0
5972,0,67,197,102,8,75,39.6
8481,0,31,191,93,14,94,40.1
2219,1,73,149,55,30,107,41.2
3888,1,27,182,75,5,93,39.5
1535,1,63,184,77,1,79,38.1
6690,0,23,189,85,21,103,40.6
4803,1,26,181,73,1,75,37.8
1111,0,76,189,99,18,93,40.0
2946,0,31,191,90,25,106,40.9
10505,1,23,165,61,23,104,40.4
6733,1,46,167,70,8,85,39.5
1681,0,71,193,98,24,99,40.9
1544,1,45,176,76,8,87,39.9
4598,1,31,172,72,27,112,41.0
165,1,31,163,62,4,88,39.1
3998,1,52,181,76,6,85,39.2
7850,1,41,169,62,9,85,40.0
2457,0,31,176,80,11,81,39.7
596,0,31,186,94,7,92,39.7
10204,0,30,184,78,17,92,40.2
3530,0,40,197,102,19,99,40.7
4331,0,46,195,93,17,103,40.4
12136,0,23,181,76,8,84,39.1
5546,0,59,181,88,24,96,40.7
11419,1,69,154,53,20,103,40.6
7612,0,77,176,82,23,99,40.6
2871,0,20,176,73,18,97,40.9
8143,1,36,184,73,23,107,40.8
14767,1,78,167,72,23,105,40.5
8167,1,49,163,62,30,100,41.2
9893,1,48,171,71,30,110,40.7
14274,0,49,170,70,4,87,39.1
12250,0,30,168,74,23,100,41.0
7164,0,46,178,79,28,102,40.7
6970,0,50,201,103,7,95,39.4
8305,0,38,184,80,5,88,39.0
1931,0,47,182,89,30,113,41.1
7642,1,34,165,61,3,89,38.1
10242,1,23,145,44,12,92,40.0
10935,0,35,194,99,5,86,39.1
1468,1,20,153,54,10,90,39.6
12757,1,58,168,62,9,90,39.9
768,1,30,166,66,16,87,40.2
6818,0,76,204,109,29,107,41.3
14128,1,26,157,56,15,96,40.3
12897,1,34,148,53,16,94,40.4
3012,1,34,159,60,17,98,40.1
4674,1,40,157,56,4,87,38.4
397,0,22,193,85,28,116,41.0
13003,1,59,178,74,7,89,39.8
2957,0,32,197,98,26,111,40.7
9085,0,27,185,85,17,108,40.4
7726,1,29,162,57,2,91,38.3
9887,1,45,171,65,22,103,41.0
10008,0,31,195,93,18,105,40.1
9597,1,29,147,50,17,96,40.2
4516,1,47,165,67,6,89,39.5
12815,1,61,175,71,18,99,40.3
2497,0,26,181,86,22,98,40.4
14591,0,41,194,96,22,105,40.6
3189,1,72,166,60,20,100,40.8
14982,0,22,177,74,21,97,40.5
6838,0,73,191,98,27,106,40.8
3382,1,53,174,66,22,105,40.6
13834,0,34,185,80,12,92,40.2
14745,1,30,157,58,7,94,39.2
11082,1,45,152,54,12,88,39.9
9934,1,22,176,67,25,108,40.9
12246,1,25,162,56,30,106,40.4
14145,1,70,155,58,4,87,38.9
14919,1,67,159,58,6,94,39.5
12783,1,46,150,50,4,76,38.9
9774,0,34,178,80,26,107,40.7
6752,1,58,163,67,20,100,40.7
11891,0,27,175,74,13,102,40.1
3544,1,47,163,62,25,99,40.3
9216,1,78,168,72,13,88,39.9
13062,1,44,164,66,23,103,40.5
13452,1,48,147,54,14,101,40.1
7731,0,20,193,87,29,109,40.9
10687,1,22,158,56,26,107,40.9
8391,1,70,167,64,22,97,40.4
35,1,74,158,59,10,93,39.6
8469,1,36,176,74,23,108,40.8
4175,1,33,160,57,13,100,40.0
14917,1,65,156,54,18,96,40.2
4852,0,41,174,74,4,80,38.8
9650,1,38,161,53,2,79,38.4
9990,1,25,171,66,13,98,39.8
6538,0,33,170,70,21,101,40.5
3364,0,20,175,73,15,98,40.7
2146,1,28,165,59,12,91,39.8
3993,1,31,167,65,19,99,40.3
12083,1,65,155,57,12,89,40.1
14264,0,35,176,73,25,99,40.8
9567,0,71,190,88,5,75,38.9
14806,0,50,196,101,5,86,39.3
2335,0,50,208,112,18,90,40.0
160,1,56,167,60,12,86,40.2
3814,1,52,151,58,16,93,40.1
10938,0,33,172,79,4,85,38.7
921,1,57,167,65,27,107,41.1
938,1,68,164,63,26,110,41.3
3766,1,33,159,59,2,84,37.9
14509,1,40,172,66,20,98,40.7
12370,1,74,156,60,10,88,39.6
3974,1,21,165,66,6,83,39.3
8822,1,26,166,58,28,109,40.8
2153,0,43,176,79,26,115,41.2
8256,1,37,151,51,30,115,40.9
12742,0,20,163,59,23,113,40.7
10301,0,26,201,94,3,79,38.0
498,1,23,169,70,13,90,40.1
11957,0,55,187,84,3,85,38.3
352,1,35,168,67,17,101,40.1
6089,0,31,196,92,28,105,40.8
11725,0,23,180,85,2,85,37.8
6382,1,28,154,60,25,102,40.7
4833,0,23,188,89,16,103,40.3
268,1,49,168,67,21,98,40.4
13977,1,43,158,60,18,101,40.4
10356,1,64,159,55,25,110,40.8
4314,1,20,150,53,3,77,38.6
8833,0,21,187,86,23,96,41.0
10194,0,25,201,107,4,78,38.8
2002,0,58,199,102,15,91,40.4
9988,0,77,186,93,7,81,39.2
2742,1,55,155,54,5,81,39.0
11938,0,56,185,86,22,104,40.3
3725,0,57,173,72,6,90,39.3
12706,0,46,189,90,11,89,40.0
5677,0,49,186,84,6,84,39.3
3603,1,36,154,59,5,87,39.3
4470,1,21,160,56,11,84,39.9
9323,0,61,184,91,26,105,40.7
4584,0,21,171,72,5,86,39.4
13713,1,33,163,60,16,105,40.0
10011,0,23,177,84,28,117,40.9
12173,1,45,165,64,30,104,40.5
7170,0,54,185,80,26,97,40.7
6532,1,42,164,63,4,88,38.6
11840,1,42,167,68,12,93,40.0
4792,0,26,176,78,25,107,40.3
2784,1,77,152,56,27,107,40.7
14065,1,69,161,59,24,105,40.8
5734,1,38,178,73,11,95,39.7
2866,0,65,186,86,21,110,40.6
12922,0,52,191,91,22,100,40.8
250,0,30,197,103,27,109,40.5
2097,1,41,159,60,18,97,40.8
886,0,26,187,91,15,95,40.1
960,1,20,166,64,2,74,38.2
11464,0,27,195,90,5,82,39.1
13912,1,21,180,73,14,88,40.4
10177,0,21,183,83,28,105,40.8
2696,0,38,177,79,28,107,41.0
9038,1,25,167,62,3,89,38.5
14154,0,51,185,86,3,82,38.8
620,0,44,184,85,9,85,39.6
6997,0,71,191,92,9,87,39.8
4649,0,50,188,95,25,109,40.9
13948,0,53,175,81,5,89,39.2
11278,0,33,190,92,15,98,40.3
11076,1,68,166,64,18,94,40.6
2926,0,56,171,71,8,87,39.6
3092,1,58,161,61,11,87,39.9
13317,1,64,151,54,22,106,40.7
1614,0,69,198,101,23,109,40.6
8987,1,48,168,63,1,79,37.9
1393,0,69,168,72,2,79,38.4
1572,0,32,185,84,28,107,40.9
11024,0,48,187,94,19,95,40.3
7347,1,62,181,76,4,87,39.0
12146,1,33,162,57,17,97,40.5
8562,0,65,161,68,29,102,40.8
14342,0,75,184,83,23,104,40.8
12280,1,20,176,72,13,90,40.2
2667,0,45,197,104,16,101,40.1
1900,0,73,188,95,21,103,40.4
2285,0,32,177,82,27,106,40.6
2986,1,33,182,78,5,83,39.3
12671,0,59,185,91,22,98,40.8
4312,0,53,182,89,14,92,40.1
2599,0,68,201,105,19,100,40.3
6934,1,28,152,52,6,86,39.2
11751,0,62,185,91,26,107,40.5
2811,1,23,168,67,17,101,40.7
4899,1,27,174,77,30,112,40.9
3100,0,32,186,85,8,88,39.5
12740,0,20,188,89,7,95,39.3
7864,0,71,193,98,17,94,40.3
3679,0,47,166,71,9,95,39.5
10636,0,31,183,83,26,106,40.7
9490,1,47,165,67,6,80,39.1
14368,0,45,166,75,25,109,40.6
10641,1,26,171,62,9,90,39.8
1615,1,44,172,61,5,82,38.9
3451,0,42,182,85,22,94,40.7
11150,0,42,176,79,11,99,40.1
14238,1,22,151,55,8,82,39.6
13070,1,42,172,62,20,100,40.5
4893,1,34,173,67,14,94,40.2
11506,0,49,177,76,19,100,40.6
11136,0,71,190,90,25,109,40.9
1653,0,48,187,87,1,70,37.7
13451,0,21,196,98,22,100,40.8
2783,1,77,159,61,28,114,40.8
6228,1,66,186,81,10,87,39.7
1811,0,26,184,86,8,96,39.4
14086,1,23,176,68,18,107,40.4
13328,0,31,190,93,3,93,38.8
4058,1,22,166,61,18,97,40.3
11246,0,76,188,90,30,109,40.9
12704,0,28,192,92,14,93,40.3
1795,1,78,179,80,21,100,40.8
13612,1,33,162,58,25,109,40.7
8097,1,46,152,56,18,102,40.1
5538,0,42,193,96,24,109,40.9
132,1,60,174,67,11,99,39.7
14542,1,53,148,53,2,88,38.1
13412,0,26,187,83,29,110,41.0
8995,1,27,174,74,4,87,38.8
421,1,33,154,59,28,105,40.6
215,0,34,181,78,3,86,38.2
1746,1,70,179,80,22,105,40.5
4768,1,50,168,67,5,81,39.2
2759,1,42,150,52,25,98,40.7
2355,0,21,177,75,16,86,40.1
13805,1,70,168,72,16,88,39.9
6987,0,26,178,80,19,95,40.4
1110,0,44,165,70,5,97,39.2
10638,1,39,172,72,1,82,37.7
5067,1,72,154,59,5,84,39.4
4844,1,20,173,69,17,95,40.4
1732,1,34,160,63,29,119,41.3
3864,0,38,181,80,18,98,40.2
8184,1,37,157,55,19,100,40.7
9657,1,27,169,67,19,109,40.3
7743,0,59,194,95,30,109,40.6
12881,0,54,173,74,14,96,40.1
815,1,37,171,66,25,106,40.7
549,1,51,161,59,25,101,40.6
1426,1,22,152,54,15,100,40.4
13603,1,20,170,64,2,85,38.0
7124,0,25,185,90,15,96,40.5
10889,1,33,154,58,1,87,37.8
6028,1,28,163,57,4,91,38.8
2707,0,33,169,71,24,110,40.7
8072,1,71,161,65,10,93,39.9
12444,0,25,191,84,28,107,40.8
13689,1,64,156,51,5,82,39.1
523,1,59,156,58,19,91,40.3
10556,0,34,183,81,3,84,38.5
11803,0,24,193,88,16,94,40.1
14300,0,37,189,85,21,106,40.4
14943,1,45,165,61,18,96,40.2
2188,1,73,153,58,5,78,38.9
3473,0,66,192,86,1,83,37.7
14162,1,38,159,59,22,94,40.4
9699,0,24,167,66,13,87,40.2
5819,0,51,178,76,7,76,39.3
9828,1,36,159,59,2,76,37.6
10913,1,34,157,60,24,100,40.7
3846,1,35,173,71,29,114,41.0
8514,1,53,155,55,24,103,40.6
11081,1,46,166,66,8,90,39.8
13917,1,35,179,68,5,85,39.2
3235,1,23,158,62,21,97,40.5
5091,0,21,178,78,28,105,40.9
1303,1,21,167,63,22,102,40.8
11793,0,24,179,76,27,108,40.8
11468,1,37,174,71,7,86,39.9
6589,1,30,173,72,9,95,39.7
4081,1,28,160,65,24,104,40.6
5489,1,63,152,52,17,103,40.1
5999,0,45,193,96,20,102,40.5
12461,1,43,159,62,27,114,41.1
6149,0,52,194,100,2,80,38.2
4478,0,54,183,83,14,101,40.2
11827,1,78,169,68,18,95,40.2
3209,0,33,162,70,19,100,40.4
2451,1,36,141,48,14,98,40.0
12196,1,21,167,63,29,115,41.0
11002,1,25,171,69,12,92,39.9
13982,0,26,165,68,1,89,37.6
1009,1,33,151,51,16,88,40.3
881,0,32,173,77,16,97,40.0
9552,0,68,187,90,11,100,39.6
5504,1,67,159,57,9,88,40.1
6321,1,70,154,57,24,108,40.5
12506,0,26,182,86,26,102,40.7
14633,1,35,169,69,21,99,40.5
14170,1,53,136,43,24,103,41.2
467,1,57,149,56,13,91,39.9
9793,0,49,192,96,5,93,39.1
7019,0,69,188,95,11,92,39.9
4274,0,40,180,78,14,89,40.1
1063,1,58,164,62,12,93,39.7
4134,0,36,180,78,6,85,39.2
122,0,79,176,86,20,102,40.1
3979,1,33,177,72,14,92,40.3
12571,1,43,157,56,6,83,39.2
5425,0,73,192,92,2,68,38.2
9800,0,39,180,82,23,105,40.7
4450,1,35,155,54,17,101,40.4
11019,0,72,180,86,27,117,41.2
7929,0,55,200,100,23,109,40.6
4337,1,69,170,65,10,91,39.6
14032,1,29,175,72,20,100,40.5
9667,0,50,177,83,11,96,39.8
9247,0,76,172,78,15,104,40.0
12356,0,24,170,68,15,94,40.1
4174,1,51,150,57,18,100,40.1
1308,1,38,164,64,8,90,39.8
13295,0,56,201,100,17,101,40.4
10861,1,33,162,57,16,88,40.3
11682,0,24,182,86,13,91,40.0
10466,0,59,177,85,17,91,40.3
931,1,33,171,74,7,95,39.4
8656,1,68,150,56,19,107,40.4
459,0,61,179,77,11,90,40.0
5801,1,76,171,69,10,89,39.9
4789,0,38,201,101,8,87,39.7
3081,0,24,180,77,18,96,40.4
10430,1,59,165,64,26,101,40.7
2718,1,23,154,52,19,103,40.6
3580,1,54,159,60,19,104,40.6
3412,1,23,172,69,24,103,40.8
4011,1,32,150,57,19,96,40.3
3596,1,66,169,73,10,88,39.6
3826,0,44,186,86,26,100,40.5
1622,1,44,166,65,6,83,39.2
1150,0,43,191,91,10,93,39.8
9254,0,23,183,80,17,97,40.1
6093,0,28,198,103,2,87,38.3
5188,0,56,179,80,17,90,40.4
6263,1,23,169,67,7,81,39.5
7228,0,27,183,84,27,118,40.8
4319,1,56,169,65,26,100,40.9
6292,1,24,171,65,25,107,40.9
8114,0,64,203,109,11,102,39.6
4258,1,56,158,58,24,104,40.2
1162,1,43,168,61,8,89,39.7
3620,1,54,181,85,21,101,40.4
12272,1,51,160,58,11,87,39.7
6425,1,41,173,68,12,91,40.1
10812,1,68,152,51,23,107,40.6
12494,0,22,183,81,7,85,39.3
12299,0,50,186,93,17,99,40.5
14996,1,27,165,65,6,85,39.2
12071,1,68,154,56,12,94,39.7
4375,0,78,209,112,4,85,38.6
10137,1,35,164,59,10,88,40.0
9284,1,35,170,66,8,99,39.8
9856,0,25,174,77,8,100,39.1
1777,1,53,150,54,15,86,40.2
2183,1,60,160,65,5,83,39.1
8218,1,77,172,74,15,96,40.3
12375,0,44,181,84,30,114,40.9
6606,0,44,198,97,29,109,40.7
6985,0,57,186,87,25,107,40.6
8401,1,30,163,64,25,98,40.6
2396,1,23,159,55,3,84,38.4
13714,0,69,186,86,8,89,39.8
218,1,64,157,63,17,105,40.1
14094,1,60,155,56,25,110,40.8
8968,0,20,193,98,5,88,39.2
9509,1,31,169,66,26,112,40.4
12982,0,79,175,83,24,93,40.8
5101,1,42,162,58,19,95,40.7
1427,0,26,188,86,22,109,40.5
7776,0,48,190,90,1,80,38.0
4386,0,22,181,81,28,111,40.8
9174,1,52,155,58,21,108,40.5
6384,0,28,170,72,10,91,39.7
4162,0,54,186,82,2,83,38.3
13879,1,42,178,74,11,93,40.0
9160,1,21,157,52,26,106,41.0
3688,0,29,197,92,22,97,40.8
99,0,43,183,88,26,107,40.7
11954,1,64,153,57,26,111,40.8
11171,1,40,160,58,21,103,40.5
7514,1,34,162,57,22,96,41.0
9418,1,42,156,60,22,102,40.4
10533,0,39,178,79,11,92,39.6
9261,1,78,161,62,19,94,40.2
9234,1,27,171,64,8,89,39.6
1677,0,24,205,110,5,78,39.0
9470,0,42,188,92,22,99,40.6
12001,1,28,178,73,5,84,39.1
4187,1,74,162,67,23,100,40.8
8779,0,55,179,83,14,98,40.1
2637,0,23,193,88,1,84,37.7
1378,1,29,178,76,26,100,40.8
9996,1,54,178,71,9,88,40.0
6636,0,50,189,96,14,93,39.9
5790,0,54,178,85,3,74,38.3
14332,1,56,152,54,30,102,40.9
7071,1,25,154,54,13,87,40.2
9173,1,54,166,71,23,103,40.7
8979,0,35,180,86,17,101,40.4
9114,1,52,152,58,13,98,40.4
9607,1,64,172,70,24,104,40.5
3485,0,38,173,74,15,94,40.0
4762,1,24,162,62,15,89,40.1
12095,1,21,161,57,23,95,40.8
5072,1,27,165,66,30,104,40.6
9534,0,22,200,91,29,100,40.9
10264,0,26,189,88,10,94,40.1
8538,0,29,182,81,18,99,40.7
7308,1,21,161,62,2,76,37.8
9653,1,71,180,76,13,89,40.3
2593,1,23,142,47,12,96,39.9
4410,0,22,174,76,15,93,40.6
8552,1,59,173,68,29,111,41.0
12767,0,71,196,97,23,110,40.7
3309,1,64,166,68,25,109,40.8
7488,0,54,197,104,10,96,39.8
10601,0,39,198,99,27,109,40.8
4293,0,21,193,94,10,90,39.9
3239,0,56,176,83,29,110,40.6
1643,1,24,175,66,17,93,40.5
11754,1,76,170,67,12,101,40.2
8382,1,41,148,53,29,111,40.9
4017,1,45,163,64,8,80,40.0
3453,0,53,184,83,13,95,39.8
6528,0,70,200,101,14,92,39.9
5459,0,26,168,70,19,112,40.6
627,1,52,174,69,7,88,39.2
12410,1,35,174,68,25,105,40.7
6079,0,21,181,81,24,107,40.5
11848,0,28,175,72,11,91,39.8
1073,0,40,185,87,25,102,40.7
557,1,30,162,57,18,98,40.5
2724,0,35,186,90,14,100,40.0
7096,1,32,188,82,8,84,39.6
2714,0,29,185,88,16,96,40.3
12655,1,26,150,52,29,108,40.5
11366,0,30,173,79,3,81,38.6
9411,0,48,183,81,14,99,40.2
6255,0,50,195,100,29,105,40.8
8660,1,23,159,54,6,86,39.5
14496,1,55,158,54,27,105,41.0
11505,1,45,171,66,6,82,39.2
2470,0,40,195,98,18,93,40.5
7636,1,35,158,49,29,110,40.8
1533,0,25,174,71,20,103,40.3
13868,1,52,155,58,20,110,40.3
3726,1,48,154,60,18,104,40.6
14042,0,21,187,83,19,101,40.5
896,0,73,187,96,2,91,38.0
14422,1,22,154,52,12,94,39.7
5869,1,20,147,48,12,88,39.6
10382,1,34,169,67,8,76,39.5
4926,0,55,191,95,19,99,40.6
9627,0,24,193,91,5,90,39.3
10717,1,31,167,66,18,96,40.4
10802,0,38,175,79,7,84,39.5
6455,1,65,159,64,25,98,40.7
14596,1,36,162,57,7,80,39.9
8830,1,35,152,51,18,96,40.6
6832,1,27,170,63,10,92,39.7
7617,1,67,169,71,24,107,40.6
14045,0,30,189,89,15,91,40.3
14529,1,33,142,44,19,105,40.7
1377,0,24,169,73,26,118,40.6
714,0,38,198,96,27,95,40.6
14854,0,65,182,84,29,115,40.9
13379,0,28,191,87,6,82,39.3
14155,0,59,173,78,10,95,39.8
11808,1,43,154,56,17,105,40.5
4069,0,50,164,68,28,108,40.9
6775,0,30,187,86,4,83,38.6
11679,0,47,177,84,27,104,41.0
2771,1,27,159,58,8,89,39.8
1918,1,31,179,73,18,91,40.3
9634,0,36,173,78,30,114,40.6
5920,0,66,174,81,26,108,40.6
10379,0,59,179,81,5,83,39.1
4014,0,38,197,104,16,97,40.1
11555,1,21,156,54,26,93,40.9
7462,1,35,165,66,13,98,40.1
1364,0,59,199,96,14,89,40.5
5976,0,36,170,76,25,106,41.0
1092,0,75,187,92,7,86,39.5
4435,1,30,170,67,14,94,40.2
3737,1,65,163,65,4,84,39.3
597,1,23,159,60,15,91,40.2
6058,0,21,174,75,29,111,41.3
10294,1,35,157,52,14,99,40.1
7994,1,69,160,61,2,81,38.4
10135,1,61,185,88,22,98,40.8
8912,1,37,156,53,2,84,38.0
13411,0,23,207,101,24,103,41.0
8341,1,21,172,58,1,79,37.5
8261,0,21,193,97,19,98,40.3
12903,0,23,175,73,23,110,40.6
560,0,60,184,84,4,85,39.3
7761,1,50,151,51,6,87,39.3
6631,0,78,175,84,20,109,40.3
1658,0,30,165,69,13,92,39.9
8053,1,52,168,65,1,85,37.9
7464,1,54,174,69,7,78,39.6
12322,0,56,177,81,6,85,39.2
3477,1,28,158,55,19,101,40.5
5939,1,62,161,61,18,97,40.7
12525,1,34,186,78,8,81,39.5
4039,1,73,166,65,7,83,39.5
4446,1,62,178,73,8,84,39.6
1165,1,62,165,69,18,97,40.7
978,0,32,180,86,23,106,40.6
7414,1,43,164,59,28,114,40.9
9768,0,34,190,95,17,91,40.2
7091,1,50,148,55,4,92,38.7
1974,0,22,186,81,21,101,40.3
11601,0,62,200,105,5,91,38.8
5363,0,44,203,101,8,88,39.3
7415,0,73,171,80,29,108,41.2
9797,0,41,180,83,17,91,40.4
14779,1,24,151,49,11,96,39.8
8964,1,50,147,45,23,102,40.8
3261,1,24,164,65,6,85,39.2
2194,0,26,175,76,12,92,40.3
9118,0,68,190,89,4,86,38.8
13346,1,78,166,68,20,98,40.1
14948,1,25,159,57,7,79,39.6
5156,1,54,153,55,28,111,40.7
12696,0,22,177,76,9,89,39.7
4002,0,29,196,97,26,105,40.9
5379,0,28,174,76,7,89,39.6
6463,1,39,173,72,25,104,40.4
8392,1,30,170,64,6,86,39.0
10411,1,34,173,73,27,103,40.8
11357,0,40,186,93,9,85,39.6
13814,0,20,188,88,11,101,40.1
4524,0,50,183,91,15,108,40.0
8542,0,34,188,83,14,93,40.2
3877,0,58,181,82,25,104,41.0
434,1,22,171,69,21,95,40.1
1731,1,37,161,57,3,78,38.7
11192,1,31,149,52,23,108,40.6
12221,0,58,186,87,9,90,40.0
7252,1,21,154,55,5,80,39.1
445,0,62,185,91,24,97,40.6
11851,1,43,145,55,3,83,38.4
4436,0,57,209,120,26,105,41.0
2528,0,48,194,96,26,100,40.4
4997,0,60,192,88,27,109,40.6
5802,1,45,177,75,7,90,39.1
14553,1,34,159,59,20,91,40.7
10772,0,52,185,94,7,84,39.5
13584,1,65,166,61,16,87,40.6
11177,1,53,174,73,5,88,39.4
14462,0,58,183,86,13,91,39.8
1332,0,21,198,101,7,86,39.1
1592,1,62,163,62,3,84,38.3
12798,0,39,188,91,9,88,39.6
12463,1,23,158,57,14,94,40.4
8731,1,37,147,54,13,105,40.2
13616,0,36,200,105,21,94,40.5
6196,0,20,183,86,21,103,40.7
8790,1,63,146,45,14,101,40.1
7626,0,30,183,83,30,97,41.3
6922,1,61,176,70,15,96,40.2
3383,1,25,149,54,11,95,39.7
3428,0,46,203,110,9,91,39.7
12217,1,68,163,59,28,107,40.8
2486,0,54,181,81,4,79,38.6
2524,1,50,167,70,13,92,40.1
14256,1,45,147,48,3,80,38.3
6113,1,23,163,62,20,103,40.3
8068,0,64,209,107,23,111,40.7
2711,1,26,164,61,12,88,40.2
10128,1,36,158,60,11,91,39.7
11252,0,63,181,85,16,96,40.9
38,0,44,184,86,25,114,40.8
8849,1,75,156,60,7,81,39.5
4294,1,61,173,69,14,91,40.2
10087,1,69,171,66,3,69,38.8
14762,0,20,179,79,13,88,40.1
270,0,49,194,101,16,103,40.4
13675,0,59,201,100,20,102,40.4
11962,0,23,176,77,9,82,40.0
9110,0,41,185,87,19,104,40.6
5310,0,55,159,61,17,103,40.7
5391,0,28,181,87,18,91,40.6
11760,1,41,155,59,7,87,39.1
12893,0,38,175,77,15,103,40.4
12482,1,74,167,72,19,102,40.5
4024,0,38,172,78,20,94,40.5
1676,1,24,167,62,18,108,40.5
14494,1,22,164,64,18,91,40.5
13066,1,23,157,56,5,94,39.4
4074,1,21,164,61,19,95,40.3
13455,0,47,180,87,23,101,40.2
5057,1,36,177,74,16,94,39.9
5455,1,33,160,53,7,84,39.3
14844,1,52,159,62,23,99,40.4
917,0,27,179,84,15,96,40.2
2378,1,39,144,53,19,91,40.7
7616,0,42,186,84,18,91,40.1
10149,0,57,191,90,16,104,40.3
1665,0,72,194,98,29,111,40.8
8241,1,36,161,63,13,92,40.3
4322,0,69,184,87,18,91,40.0
10839,0,48,178,75,15,91,40.4
5658,0,28,163,66,17,91,40.2
9279,1,62,179,80,6,88,38.9
13132,0,46,173,77,5,91,39.1
1251,1,38,163,59,6,76,39.5
10724,1,39,177,72,21,92,40.2
8226,0,74,189,96,27,110,41.1
11358,1,57,176,74,12,94,40.1
6565,1,76,170,68,27,114,40.9
1430,0,34,188,93,9,87,39.7
6118,1,32,150,49,8,82,39.5
10603,0,73,172,86,29,105,41.1
808,1,46,168,64,2,85,37.7
4839,0,27,190,90,28,106,40.4
6180,0,38,179,79,6,91,39.3
8938,1,74,146,50,19,101,40.5
8909,1,62,171,75,12,92,39.8
5495,1,49,158,62,10,93,39.9
8825,1,26,145,46,28,105,40.9
3197,1,51,151,51,10,94,39.6
303,1,50,177,70,22,106,40.9
313,0,36,191,93,16,97,40.0
14612,1,21,173,71,21,104,40.6
5094,1,47,148,55,3,79,39.0
8436,0,52,185,79,26,106,41.0
8535,0,35,198,95,13,99,40.3
4884,0,26,192,90,17,109,40.5
7720,1,29,173,68,22,105,40.8
9127,1,29,169,69,24,104,40.4
3528,1,49,174,72,20,100,40.6
12374,0,36,195,93,5,89,39.2
8109,1,66,171,70,13,96,40.3
2269,1,46,187,82,24,98,40.7
8470,0,74,177,81,28,112,40.9
14436,1,75,156,61,29,102,41.2
5752,1,52,149,55,23,106,40.6
4051,0,69,195,95,10,92,39.6
13585,0,77,206,106,25,92,40.8
8738,0,51,182,89,24,108,40.9
8311,0,79,184,87,24,104,40.6
1268,1,61,153,52,2,81,37.9
11199,1,26,158,56,22,97,40.4
14694,1,21,167,59,8,88,39.4
12124,0,61,199,114,2,83,38.2
12600,1,51,162,59,11,89,40.0
7156,0,56,183,80,20,97,40.6
7963,0,20,172,73,6,84,39.4
14372,1,79,184,86,16,98,40.4
3765,0,62,190,90,7,82,39.4
11370,1,44,177,71,24,104,40.5
5085,0,66,173,74,16,96,40.3
7456,1,53,168,66,11,86,40.0
1119,0,22,185,80,27,112,40.7
10794,1,76,169,70,16,99,40.0
1369,1,61,159,59,10,82,39.9
9253,1,20,173,72,8,79,39.5
4042,1,22,184,81,5,82,39.4
4726,0,27,187,82,25,101,40.8
3931,1,26,155,52,23,109,40.4
9870,0,26,187,93,26,106,40.7
8323,1,36,163,62,24,105,40.8
8019,1,46,161,63,23,99,40.5
1859,1,28,175,71,6,83,39.3
4339,1,43,150,54,23,106,40.7
1541,0,30,178,86,4,85,38.8
8206,1,20,173,69,1,84,37.9
1634,1,54,167,65,1,80,37.6
3611,0,50,170,73,26,104,40.8
12947,0,21,190,90,7,88,39.3
6215,1,45,151,48,28,111,40.7
2225,0,52,178,85,6,79,39.3
3381,0,41,197,102,24,108,40.2
4666,1,28,151,48,25,101,40.7
5535,0,48,182,84,17,96,40.3
8626,1,43,149,56,21,103,40.5
1902,0,42,182,87,21,107,40.1
13492,0,52,179,87,21,100,40.4
5284,0,29,164,67,30,102,41.2
2779,1,28,167,63,1,73,37.6
3708,1,24,172,64,30,104,40.7
4794,1,78,159,53,18,104,40.1
13231,1,21,167,67,18,100,40.2
7895,1,50,173,73,8,85,39.9
7035,0,37,191,89,5,83,39.1
9084,1,33,159,63,30,106,41.0
4911,1,33,161,57,18,99,40.5
12605,1,34,160,62,4,87,38.6
12584,1,20,162,58,4,76,39.2
8472,1,37,149,51,6,93,39.3
1977,1,22,150,52,22,102,40.7
14172,1,66,164,64,9,89,39.6
14933,1,57,178,73,23,102,40.3
2983,0,21,181,83,21,102,40.3
1828,1,48,158,54,4,91,38.9
5855,0,45,191,94,12,96,39.8
8437,1,67,160,61,5,79,38.9
5830,1,36,163,58,2,78,38.2
8856,1,47,173,76,24,100,40.8
10456,1,46,159,56,19,102,40.4
8728,0,32,168,72,29,102,40.8
11683,1,61,175,78,12,91,39.8
4550,0,73,163,70,24,102,41.1
12115,1,29,161,62,24,106,40.4
12561,1,66,156,61,5,81,38.9
4914,0,63,203,111,16,92,40.1
7983,1,76,144,47,4,88,38.9
8837,0,46,181,87,27,106,40.8
3055,0,28,184,88,1,86,37.7
4114,0,20,191,91,9,100,39.7
13887,0,26,189,89,19,95,40.5
195,1,49,174,75,7,93,39.2
2007,1,65,137,41,3,83,38.7
1524,1,60,159,58,22,107,40.5
2584,1,61,175,74,13,92,40.1
11329,0,25,188,85,12,93,39.9
2734,1,38,153,56,8,86,39.4
3049,1,27,174,68,24,109,40.6
5265,0,51,186,85,23,100,40.6
6780,0,48,179,82,11,90,39.6
3730,0,43,202,104,19,100,40.7
6569,1,67,171,72,11,88,39.9
8458,0,28,183,87,15,100,40.3
13061,0,28,181,80,19,105,40.2
8293,1,67,159,61,8,86,39.3
12631,1,27,180,72,6,87,39.2
8332,0,25,190,91,24,116,40.5
3031,0,27,191,90,18,107,40.6
2212,0,34,176,78,12,98,39.7
3771,1,36,160,59,6,84,39.4
11615,1,77,164,68,17,95,40.2
11169,1,62,164,63,20,93,40.4
10803,1,20,162,58,3,78,38.6
5240,0,30,194,97,17,95,40.6
8743,0,40,181,85,30,107,40.7
12003,0,32,194,94,13,97,39.9
5603,0,51,183,89,17,103,39.9
11096,1,25,179,69,27,112,40.7
12924,0,70,197,98,16,95,40.2
14517,0,30,177,77,19,100,40.9
8973,0,26,175,78,8,94,39.4
4390,1,52,157,56,26,110,40.8
11536,1,43,180,74,10,92,40.0
12646,0,64,175,80,20,98,40.6
8850,1,35,134,39,6,90,39.1
9065,0,26,188,87,8,76,39.5
2216,0,74,196,94,24,102,40.7
10350,1,25,149,47,28,106,40.8
6066,1,66,171,62,3,80,38.6
10210,0,25,179,77,24,108,40.8
5793,0,21,181,81,15,100,40.0
8649,1,41,166,66,22,93,40.9
10416,0,60,178,75,6,87,39.4
14769,1,45,171,66,22,100,40.7
1885,1,63,155,58,14,88,40.2
8658,0,48,187,96,8,80,39.6
4021,1,22,164,62,2,85,38.5
9263,1,48,151,56,8,88,39.2
11220,1,46,168,68,19,102,40.7
7564,1,45,161,61,10,93,40.0
11165,0,32,191,92,16,94,40.5
3762,0,32,194,93,26,102,40.7
8962,0,29,186,79,9,84,39.6
10154,0,66,178,82,21,98,40.5
6873,1,53,145,49,4,83,39.2
7485,0,25,184,83,28,107,40.8
4415,1,73,152,52,19,98,40.4
8531,1,35,173,68,29,108,40.4
6209,0,37,213,110,29,112,40.9
14729,1,24,158,56,26,100,40.9
1878,1,23,148,47,8,87,39.5
11208,1,28,162,66,4,83,38.9
7717,1,43,156,65,27,102,40.6
8268,0,54,189,89,15,99,40.2
5112,0,21,185,83,9,94,39.9
1916,1,21,165,61,15,85,40.4
13549,1,29,158,52,24,110,40.5
13520,1,34,153,52,2,79,38.3
8694,0,45,173,84,6,95,39.1
13781,1,25,156,48,21,101,40.4
11073,0,21,195,94,5,88,39.2
9767,0,43,190,92,15,97,40.3
6961,1,29,149,49,6,88,38.9
2178,1,70,172,72,15,99,40.3
4397,0,21,178,83,7,91,39.3
7439,1,46,166,59,23,100,40.8
14615,0,34,166,70,10,95,39.9
13639,1,49,165,66,9,82,39.6
12685,0,49,181,88,22,100,40.8
10743,1,32,158,56,14,90,39.8
2347,1,29,153,49,10,88,39.9
11224,1,78,161,56,25,106,40.6
10412,1,58,169,69,21,103,40.7
13811,0,45,182,83,3,84,38.3
13833,1,49,156,58,14,92,40.2
3612,0,67,204,102,3,75,38.8
9728,0,25,157,67,30,109,40.8
575,1,29,157,57,22,99,40.9
13457,1,77,152,61,4,91,38.9
13682,0,35,175,77,12,90,40.1
6678,1,23,149,47,28,114,40.8
1680,0,44,177,77,16,91,40.5
3348,1,29,158,56,29,110,40.8
4043,1,64,175,68,3,87,38.6
14123,0,56,182,88,22,100,40.6
1269,0,31,182,86,9,86,39.8
5678,1,45,172,69,29,101,40.7
11466,1,22,164,64,8,94,39.2
7632,1,25,155,56,16,95,40.9
6387,1,35,174,67,25,105,40.6
3163,1,36,168,69,19,95,40.7
6185,0,28,161,66,13,83,39.8
804,0,35,191,90,24,108,40.3
9467,1,34,168,67,20,95,40.2
11747,0,61,185,86,23,90,40.6
6127,0,29,169,73,21,100,40.3
2548,0,21,178,76,30,113,40.9
1459,0,49,202,104,18,101,40.7
13290,0,55,181,80,27,107,41.1
7922,0,32,190,82,23,98,40.5
11215,0,20,193,97,21,97,40.7
6471,1,25,156,59,6,89,39.2
603,0,77,176,82,21,102,39.9
2804,0,69,195,98,16,101,40.1
11016,1,71,166,71,16,90,40.3
1954,0,46,171,73,26,101,40.7
4780,1,69,169,72,20,104,40.4
13298,1,27,156,54,13,98,40.2
9947,0,24,191,86,4,81,39.2
13294,1,25,174,73,13,90,40.3
12569,0,54,172,71,21,107,40.9
1597,0,79,184,87,5,87,39.1
1026,0,45,196,94,10,91,39.9
11406,1,60,157,59,12,90,40.4
2421,1,69,144,47,19,96,40.5
2316,0,26,187,89,13,89,40.1
6659,1,21,156,57,9,79,39.7
8031,1,28,154,49,9,85,39.8
770,1,54,169,71,29,107,40.5
12816,0,56,173,72,20,98,40.5
14479,1,28,160,61,5,88,39.6
6686,1,30,163,63,30,111,40.9
1004,0,73,200,106,12,89,40.0
914,1,49,166,66,10,80,40.0
12379,0,73,178,80,10,92,40.1
10364,0,21,188,86,12,95,40.3
6332,1,49,173,68,19,104,40.2
11012,0,23,197,101,19,97,40.6
14880,1,65,196,97,8,89,39.9
634,0,29,173,71,4,81,39.1
3151,0,37,185,87,13,101,39.7
2821,0,28,187,90,25,110,40.7
7887,0,42,197,100,14,95,40.3
4659,1,20,160,53,20,97,40.5
3851,0,24,167,66,27,100,40.5
2657,1,56,162,59,26,101,41.1
13558,0,44,177,83,5,86,39.0
12354,0,26,182,78,28,105,40.7
1025,1,39,179,74,16,98,40.4
6979,0,57,180,86,30,117,41.3
4299,1,51,169,67,23,97,40.5
12977,1,45,140,41,25,99,40.7
13732,1,73,158,60,17,97,40.3
12361,0,37,193,95,23,102,40.8
9671,0,73,170,77,8,85,39.6
2990,0,72,185,89,12,85,40.1
9060,0,55,188,94,21,98,40.5
11331,0,31,189,88,27,110,40.6
7977,1,44,160,61,1,79,37.8
4010,0,70,176,83,6,96,39.2
7310,1,74,170,73,10,86,40.0
1320,0,38,181,81,26,102,41.2
6487,1,29,156,54,28,102,40.8
14855,1,32,158,61,5,80,39.2
2326,1,46,165,69,3,74,38.5
7142,1,47,153,57,3,84,38.9
14734,1,45,160,56,24,102,40.6
11028,0,79,195,105,20,98,40.7
1413,0,54,169,78,14,92,40.1
7581,1,21,169,70,14,98,40.3
5222,1,29,159,57,26,116,40.9
10672,0,30,182,79,13,101,40.2
14834,1,22,154,60,5,80,38.9
697,0,24,212,105,9,90,39.8
3120,1,23,156,55,3,84,38.2
14503,1,49,173,70,3,80,38.2
2500,0,50,193,92,13,93,39.7
12353,0,35,163,69,16,86,40.2
12483,0,25,195,90,22,104,40.7
10956,1,37,159,61,10,90,40.1
11556,0,38,185,86,13,91,40.3
4412,0,37,195,102,1,76,37.7
7635,0,54,184,84,13,89,40.2
3437,0,20,185,79,19,98,40.5
11411,0,46,181,82,4,86,38.9
2381,1,37,154,61,5,82,39.5
12330,0,77,199,106,28,113,41.0
6886,1,32,173,66,11,87,39.9
5183,1,23,158,55,20,105,40.2
12961,0,48,178,78,26,107,40.9
14935,1,35,180,76,11,91,39.8
14679,1,28,151,56,6,82,39.2
789,0,32,168,73,30,111,40.7
12338,1,30,175,66,15,100,40.3
13124,0,59,187,95,3,82,38.2
7932,1,60,177,81,8,85,39.7
10220,0,48,206,111,13,86,40.1
3870,0,45,188,97,13,92,39.5
11498,0,31,178,78,19,106,40.4
6743,1,46,166,63,2,77,38.2
974,0,48,199,110,6,81,39.4
1626,0,43,211,113,7,81,39.4
3460,1,64,169,65,17,94,40.3
9475,0,29,193,93,15,92,40.1
3975,0,76,177,83,14,101,40.3
2107,1,20,175,74,24,108,40.8
7692,0,32,182,84,2,84,38.0
7026,1,28,164,61,14,107,39.9
5401,0,49,180,82,13,88,39.6
13671,0,20,190,86,4,75,39.1
4189,1,23,170,67,3,88,38.3
5911,1,25,158,58,27,115,40.9
14441,1,68,164,67,30,110,41.2
4218,0,20,173,68,4,87,39.1
12403,0,48,186,85,14,89,40.4
5632,0,76,192,100,20,96,40.3
10747,1,25,175,72,13,94,40.2
8182,0,46,194,88,1,80,37.6
9322,0,35,172,72,25,100,40.5
5961,1,49,152,50,5,93,39.4
11447,1,37,165,61,12,98,40.1
11667,0,33,189,93,23,97,40.9
14626,1,20,147,47,12,97,39.9
9669,1,35,163,61,27,113,40.7
7940,0,69,180,86,12,97,40.3
10093,1,28,154,58,30,113,40.6
14386,0,24,176,81,7,92,39.7
2009,1,44,168,70,18,94,40.3
3219,0,51,184,93,3,84,38.5
11445,1,28,154,52,20,92,40.7
12491,1,22,177,73,16,100,40.6
452,0,51,182,81,28,106,40.9
8633,1,56,171,69,25,107,40.7
6975,0,36,172,73,24,106,40.4
614,0,37,185,87,11,96,39.5
14535,1,39,170,64,19,103,40.5
14001,0,72,191,97,29,116,41.0
10131,0,35,190,89,6,89,39.3
11303,1,41,153,60,7,85,39.3
2733,0,48,184,83,19,92,40.7
8620,0,51,177,74,11,94,40.0
4647,1,58,169,72,6,89,39.1
7001,0,57,203,107,22,96,40.7
2173,1,26,162,56,5,81,39.1
4474,0,20,179,78,15,88,40.3
14265,0,63,180,82,7,94,39.7
12077,0,20,205,100,7,95,39.8
9826,0,60,200,107,21,98,40.4
6967,0,55,193,99,6,89,39.2
1179,0,44,192,101,23,106,40.5
8831,0,40,204,109,2,76,38.1
1949,1,54,162,59,24,114,40.8
1127,0,56,199,101,5,84,39.0
12382,1,22,160,59,3,90,38.8
7871,0,53,196,100,26,114,40.7
9070,0,26,203,100,4,81,38.9
5982,0,22,175,73,16,93,40.6
10922,1,20,147,48,21,100,40.5
10807,0,30,187,94,18,94,40.4
3317,0,63,158,63,17,95,40.2
9651,0,25,182,78,24,102,40.8
9156,0,22,189,91,12,96,40.0
362,0,46,194,91,14,91,40.0
8447,0,50,183,89,23,96,40.4
206,1,28,161,57,6,83,39.5
11420,0,25,173,77,9,94,39.4
343,1,29,166,65,11,84,40.0
13064,1,34,173,71,14,96,40.2
9896,1,24,165,59,4,84,38.9
7647,1,38,160,61,8,86,39.6
7468,0,78,182,87,1,79,37.5
1077,1,30,168,61,28,105,41.4
9521,1,55,155,53,12,95,39.7
10021,1,45,171,64,10,86,39.7
9476,1,35,161,62,10,101,39.9
13176,1,54,167,72,15,93,40.1
10722,0,76,189,91,6,93,39.7
9264,1,30,159,53,16,101,40.5
14888,1,78,158,58,14,101,40.2
326,0,52,189,92,23,97,40.7
13310,1,44,181,75,22,95,40.4
9076,0,66,181,86,18,100,40.4
9258,0,72,167,76,28,102,40.4
6352,0,34,189,89,30,114,40.8
1376,1,61,149,52,4,85,38.8
9664,0,53,189,91,20,103,40.5
5346,0,39,168,70,22,100,40.7
2236,0,27,188,84,25,100,40.8
12942,0,49,200,96,26,97,40.5
14971,0,27,203,104,6,86,39.2
14896,0,39,176,83,11,91,40.1
10342,0,58,177,84,8,87,39.4
14807,0,71,175,76,10,97,39.9
2774,0,45,184,88,15,97,40.0
332,1,25,163,60,7,89,39.4
12429,0,77,176,78,4,79,38.6
370,0,21,202,98,21,108,40.5
6385,1,30,176,72,17,104,40.2
6096,1,45,168,63,3,81,38.6
1491,1,29,168,69,5,91,38.7
2883,0,71,189,95,5,77,38.8
6927,0,45,180,79,4,79,38.7
8508,0,25,191,85,25,105,40.7
1235,1,26,170,73,8,82,39.6
9595,0,53,185,91,27,98,40.8
2001,0,27,180,83,13,93,40.2
3873,0,30,192,92,1,72,37.7
11866,1,61,157,59,29,101,40.9
5016,0,25,171,74,27,104,40.7
7937,1,72,170,73,16,104,40.5
7367,1,68,152,54,4,85,38.6
12591,1,28,163,60,7,93,39.4
2650,1,31,154,48,12,96,40.1
4533,0,59,193,94,24,101,40.8
1868,0,23,177,85,22,113,40.7
12720,1,61,160,64,19,93,40.1
6816,1,48,173,66,4,93,39.0
674,1,42,157,56,18,95,40.5
7993,1,45,164,64,17,92,40.3
8937,1,23,174,69,2,83,38.0
12159,1,76,156,56,28,102,41.0
2415,1,30,174,69,14,86,40.6
2439,1,66,158,61,30,112,40.9
14985,1,46,168,66,4,78,39.1
8868,1,23,172,62,23,103,40.8
882,0,28,182,76,21,107,40.6
14313,0,75,170,72,23,98,40.9
7355,0,69,183,94,7,88,39.4
3136,0,33,180,79,23,106,40.9
10132,1,40,159,65,8,78,39.6
13765,1,29,167,66,25,104,40.4
5285,1,44,173,75,27,115,40.7
11205,0,29,182,82,13,91,40.2
10865,1,75,152,51,3,89,38.3
5107,0,35,187,88,26,108,41.1
11077,1,51,152,56,4,86,38.5
3987,0,78,174,80,9,87,39.5
12902,0,21,190,96,22,107,40.8
11276,0,55,198,99,7,83,39.7
2263,0,63,154,62,28,101,40.9
417,0,49,179,79,7,95,39.5
12073,0,35,196,102,21,107,40.5
9326,1,25,164,63,6,81,39.0
7844,1,36,161,58,17,90,40.2
2977,1,47,173,67,2,86,38.1
8659,1,62,161,65,11,88,39.5
12810,0,77,174,78,8,88,39.8
4898,1,24,179,68,16,101,40.1
5332,0,55,186,89,10,83,39.5
11988,1,29,165,59,19,94,40.3
1661,0,57,208,113,29,116,41.0
3893,1,44,173,66,25,88,40.6
14989,0,61,179,84,27,116,40.7
7422,0,36,195,99,17,101,40.2
5140,1,57,156,60,14,95,40.4
10274,1,25,177,73,15,95,39.9
475,0,22,163,65,9,92,40.0
6322,1,35,171,71,29,108,41.0
11015,1,52,169,67,18,96,40.1
12371,0,40,179,84,27,114,40.8
1595,0,43,183,83,25,99,41.1
939,1,33,155,55,4,80,38.7
1952,1,22,163,59,16,104,40.1
9120,0,28,192,99,8,81,39.7
9704,0,29,181,79,8,79,39.8
13771,0,23,206,109,17,100,40.5
3994,1,32,161,57,4,91,39.0
4865,0,44,214,113,3,85,38.9
14245,1,73,159,59,10,94,39.9
8213,0,52,177,77,23,99,40.4
10026,0,31,182,80,28,107,41.1
13614,1,27,196,96,11,93,40.0
1310,1,26,160,56,25,107,40.4
10729,1,20,160,64,23,108,40.6
12884,0,58,162,71,10,88,39.5
11184,1,51,175,75,25,105,40.8
7416,1,48,155,59,13,91,40.1
8582,1,21,173,68,29,112,40.7
2978,0,47,170,70,24,109,40.6
12530,0,48,193,96,5,88,39.1
11291,1,30,172,70,23,102,40.6
11149,1,75,168,67,18,102,40.5
1158,1,40,155,54,19,98,40.5
7214,0,64,191,94,15,99,40.4
9351,0,27,189,96,20,108,40.6
5114,0,43,185,89,16,100,40.4
12254,1,36,166,71,15,99,40.4
4967,1,24,165,66,14,90,39.7
14017,0,77,173,71,21,105,40.5
1720,1,56,149,49,14,92,40.1
9854,0,31,187,90,24,98,40.8
3911,1,22,157,56,26,114,40.8
6250,0,76,170,81,5,82,38.9
8052,0,47,183,85,24,98,40.7
1423,0,26,185,82,16,85,40.1
14465,0,22,173,70,25,105,40.6
11097,0,52,160,68,5,79,39.0
10468,0,57,203,106,19,100,40.4
2953,0,29,167,71,5,85,39.2
10088,0,23,189,81,23,101,40.5
14158,0,37,190,93,28,108,40.7
8594,0,61,188,86,25,107,40.4
12705,0,48,181,90,14,90,40.3
6494,0,37,193,96,28,104,40.9
13293,0,48,186,89,16,91,40.5
12008,1,63,181,77,30,106,40.5
11821,0,73,191,99,26,104,41.1
6037,0,30,180,84,16,98,40.1
13001,0,58,187,94,9,88,39.7
13628,1,49,170,67,21,93,40.9
13647,0,69,203,111,2,83,38.5
3143,1,31,168,65,10,88,40.0
13488,1,33,157,55,23,107,40.9
2644,1,52,154,57,11,89,40.1
3597,1,22,173,66,20,93,40.8
4602,0,45,193,93,6,90,39.7
5403,0,45,200,102,1,85,37.2
9116,1,20,183,77,25,103,40.6
6504,0,21,169,69,21,107,40.9
3874,1,36,180,75,19,98,40.6
4073,1,54,161,60,9,94,39.5
12139,1,33,169,68,16,98,40.0
6539,0,21,185,83,10,98,39.7
2414,1,31,173,75,2,77,38.7
5676,1,41,164,63,6,86,39.2
4921,1,27,171,62,5,87,39.2
5957,0,43,171,72,16,99,40.2
4796,0,25,181,81,2,89,37.6
4327,1,26,185,76,23,97,40.7
2482,1,40,173,68,21,89,40.4
2021,0,71,187,92,27,109,40.4
11062,0,23,174,75,28,110,40.7
7,0,41,175,85,25,100,40.7
6441,1,37,172,70,16,96,40.2
9126,1,38,168,68,19,98,40.7
9306,1,42,174,67,10,94,39.6
10704,1,59,145,50,11,95,40.1
13145,1,49,178,68,21,97,40.5
9503,0,44,181,79,17,94,40.3
4508,1,34,159,57,5,89,39.2
1826,1,60,161,64,21,100,40.3
14089,0,37,175,77,20,86,40.5
3122,1,27,168,64,22,102,40.7
5792,1,20,160,59,29,112,40.5
13703,0,21,178,74,16,90,40.3
14747,1,48,143,50,27,100,41.0
3984,0,53,196,103,9,91,39.8
10686,1,59,168,67,13,89,39.8
3355,1,76,172,76,21,105,40.3
805,0,32,202,99,27,115,40.5
4317,0,28,173,73,20,104,40.2
13999,1,31,153,52,6,91,39.2
746,0,63,176,79,12,90,39.8
9912,0,25,167,69,2,88,38.4
8080,0,64,181,82,26,94,40.9
10795,0,34,167,71,8,85,39.5
13115,1,40,170,73,25,105,40.5
522,1,33,172,76,5,79,38.7
2221,0,33,178,82,30,108,41.1
7348,0,70,194,97,3,87,38.7
13281,1,76,179,73,2,78,38.2
3075,1,42,162,56,28,108,41.0
8679,1,55,167,64,21,98,40.6
10698,0,25,183,82,7,88,39.1
8149,1,21,161,60,3,85,38.6
10231,1,25,164,61,18,87,40.3
5545,1,42,169,72,10,90,39.8
9321,1,26,168,70,28,101,41.3
4267,1,69,152,52,2,88,38.4
11223,1,57,155,55,19,99,40.3
197,0,27,180,86,24,107,40.7
9390,1,23,172,65,26,107,40.7
3799,0,21,173,75,10,94,40.1
10240,1,26,155,47,4,86,38.9
14643,1,44,164,60,23,105,40.8
7244,1,24,141,45,9,91,39.8
556,1,48,177,75,10,101,39.9
7495,1,23,161,59,16,93,40.1
8369,0,23,180,78,6,83,39.5
14036,1,72,168,66,13,96,40.1
13629,1,29,171,69,4,81,39.3
6047,1,27,189,82,13,96,40.2
7356,0,21,195,99,26,101,40.9
7007,0,56,183,80,24,108,40.8
732,1,42,170,75,14,98,40.3
4120,1,56,180,79,4,74,39.0
12185,1,28,165,64,27,109,41.0
1611,0,73,204,103,17,101,39.9
1564,0,49,188,88,19,98,40.0
9925,0,75,170,74,24,107,40.3
4841,0,73,176,81,22,102,40.8
2480,0,77,162,69,8,89,39.4
10425,1,53,158,61,24,106,40.7
10080,1,24,161,58,18,96,40.5
7085,0,32,181,87,16,96,40.3
11337,0,39,185,87,26,110,40.9
9973,0,32,205,111,16,102,40.2
1134,1,30,169,63,5,83,38.8
111,0,21,188,90,29,110,40.8
3879,1,49,168,66,2,81,38.3
2023,0,40,190,90,4,86,39.1
528,0,22,182,82,9,86,39.8
9044,0,54,189,93,18,105,40.2
836,1,77,151,52,28,103,40.6
10224,1,56,157,61,24,106,40.6
3403,0,26,174,73,27,108,40.5
11894,0,42,191,98,6,80,39.2
1609,1,34,185,75,14,93,40.0
10978,1,29,170,64,16,100,40.0
263,0,67,171,75,19,97,40.5
8717,1,30,168,69,2,85,37.8
11318,1,39,171,67,19,91,40.4
10005,0,23,192,98,27,104,40.9
14704,1,57,161,61,15,95,40.3
5735,0,37,175,74,22,103,40.3
8974,0,61,196,96,2,73,38.5
11065,0,51,198,95,19,98,40.5
11973,0,27,205,109,26,103,41.0
7345,0,48,203,106,17,98,40.5
4806,1,73,176,70,18,97,40.2
14727,0,70,193,97,25,109,40.9
1708,1,49,185,79,27,102,41.2
4566,0,46,170,72,16,94,40.1
5810,0,57,189,88,18,98,40.2
3963,1,37,179,75,4,89,38.8
14530,1,21,177,70,27,105,40.8
12681,1,33,159,56,27,110,40.9
12822,0,31,173,77,13,95,40.2
13424,1,28,164,64,27,107,40.9
3195,1,35,155,55,11,87,39.7
9712,0,29,170,75,9,93,39.9
11117,1,63,178,76,15,98,39.9
14667,0,72,196,92,25,110,40.5
755,1,63,173,66,8,83,39.4
13021,1,27,161,57,9,88,39.8
5024,0,70,175,83,27,106,40.6
5471,1,37,176,68,5,87,38.9
9709,0,20,182,86,3,87,38.6
12181,1,48,168,64,24,106,40.7
8730,0,38,172,76,25,109,40.4
5519,0,52,183,86,8,81,39.6
3077,0,61,189,91,13,86,40.3
8134,1,38,159,61,7,87,39.5
7590,1,21,156,60,17,91,40.2
393,1,67,162,62,26,93,40.7
4098,1,69,162,63,23,104,40.8
14639,1,21,158,61,12,89,40.1
4912,0,78,175,76,21,102,40.1
2629,0,42,179,77,4,72,38.4
12778,0,60,189,91,22,100,40.6
10586,0,60,170,71,30,108,40.8
13128,0,51,168,68,2,71,38.1
1200,0,35,206,109,8,91,39.6
3839,1,20,155,55,2,82,38.3
8668,0,26,188,82,28,112,40.7
8791,1,53,167,64,8,89,39.9
3275,1,21,155,50,13,98,40.2
4947,0,28,183,88,4,86,39.3
10365,0,40,184,79,21,103,40.8
2180,0,44,183,83,11,96,40.1
10746,1,29,148,46,18,91,40.3
13835,0,57,188,97,11,95,39.9
11190,1,40,153,52,9,80,39.8
8387,0,75,191,93,24,103,40.6
3051,1,50,171,70,2,81,37.9
12381,0,31,192,93,30,117,40.7
3525,0,41,179,84,19,103,40.6
8500,1,29,178,68,5,77,39.2
10178,0,42,187,86,17,99,40.1
8543,0,25,187,79,4,85,38.9
1581,0,60,162,72,6,89,39.1
13595,0,60,183,87,17,97,40.6
6974,0,35,173,76,17,101,39.7
4192,0,44,189,95,12,94,40.0
6846,0,43,180,80,2,74,38.7
11067,1,22,184,84,21,97,40.4
11989,1,59,163,65,10,96,39.9
5870,1,20,169,64,20,99,40.8
7134,1,76,170,71,28,116,40.4
11034,0,70,177,77,9,89,39.6
9955,0,50,187,91,25,94,40.7
7897,1,28,157,57,25,110,41.0
4880,0,38,200,99,16,100,40.2
9817,1,63,168,68,18,104,40.6
1386,0,38,187,93,7,84,39.5
9184,1,39,168,62,16,91,40.4
12376,1,57,159,61,2,87,38.5
10333,1,42,178,75,30,110,40.8
6301,0,60,194,94,2,72,38.7
13600,0,72,191,92,8,73,39.7
4388,1,26,170,73,10,85,39.9
3167,1,22,153,55,21,107,41.1
13743,0,44,178,83,6,84,39.4
8923,0,22,172,74,8,85,39.5
9392,0,62,175,79,12,96,39.9
6523,1,31,156,51,7,86,39.6
14333,1,35,181,76,28,107,40.9
13157,1,48,180,74,9,95,39.6
14163,0,26,183,86,2,82,38.0
3769,1,62,152,52,8,85,39.5
4670,1,20,155,54,24,110,40.7
8624,1,40,162,60,27,109,40.4
2700,1,37,164,63,12,91,39.8
12916,1,63,161,64,4,88,39.0
4746,1,60,165,60,3,88,38.9
6951,1,31,204,101,6,84,39.3
9663,1,78,170,67,25,108,40.5
6650,1,47,173,69,26,106,40.8
12035,0,20,192,90,17,104,40.6
9276,0,40,191,94,9,83,39.7
8810,0,20,192,90,20,106,40.4
9059,1,28,149,52,7,83,39.2
13252,0,34,186,84,8,83,39.7
1264,1,68,151,58,2,75,38.0
12279,0,40,184,89,2,82,38.0
5936,0,26,175,74,29,107,41.1
605,0,26,189,91,30,108,40.7
10912,0,30,199,103,22,92,40.4
13815,0,36,173,79,22,109,40.5
6325,1,34,152,47,3,79,38.2
10323,1,30,178,77,13,94,40.2
3507,1,38,151,52,23,98,40.8
8172,0,46,187,83,19,100,40.5
3358,0,26,190,88,14,95,39.7
12244,0,65,193,99,4,78,39.1
2049,1,57,159,52,17,98,40.4
10715,1,31,153,60,12,93,40.0
660,0,41,179,80,26,106,40.6
5145,1,29,161,59,9,91,39.7
11288,0,72,181,88,27,111,40.9
7856,1,34,166,68,14,84,39.9
9449,0,28,183,86,13,92,40.2
644,1,30,157,60,3,87,38.7
2315,0,51,182,86,2,94,38.3
10577,1,52,153,55,30,108,40.7
5668,1,38,160,61,22,112,40.4
11206,1,23,155,59,29,101,40.9
11351,1,22,163,63,19,106,40.4
12496,1,60,163,65,21,97,40.5
8197,1,71,153,56,11,94,40.0
2165,1,61,162,68,21,103,40.4
11004,1,23,178,70,20,101,40.6
1510,0,37,195,93,19,91,40.5
14672,1,56,162,63,7,87,39.3
1079,0,76,179,85,16,98,40.3
3435,0,26,186,82,2,77,37.9
9777,1,20,158,55,10,82,39.7
382,0,71,185,96,5,85,39.1
9694,0,42,198,101,7,82,39.5
10286,1,25,185,74,8,90,39.2
7494,1,20,165,68,4,79,38.7
4144,0,20,191,94,9,92,40.0
1454,0,22,186,87,22,104,40.8
6131,0,70,188,86,3,89,38.4
93,0,57,184,91,7,95,39.2
2288,0,56,192,101,18,96,40.3
11233,1,39,170,72,11,86,40.1
1098,1,29,154,55,5,85,38.8
10169,1,73,171,72,24,108,40.7
2761,0,78,186,91,5,84,39.1
1893,0,73,179,87,10,91,39.6
4408,0,37,192,97,27,103,40.7
14634,1,55,146,49,20,92,40.2
10676,1,69,171,70,9,84,39.8
5174,1,24,158,56,6,79,39.6
7830,0,24,173,75,28,106,40.7
4831,0,20,163,69,2,78,38.3
10041,0,41,174,83,6,84,39.6
10688,0,26,187,89,21,106,40.5
13978,1,24,170,65,28,106,40.9
3080,1,73,185,79,15,95,40.1
12792,0,25,179,80,4,89,39.1
12735,1,46,160,62,15,101,40.0
481,1,33,164,61,20,105,40.6
11221,0,64,197,104,27,105,41.3
9697,0,24,199,106,8,96,39.7
1355,1,40,162,62,13,83,40.0
10626,0,36,190,94,26,109,40.6
13990,1,44,149,50,20,94,40.4
1601,1,32,182,77,4,81,38.8
10870,0,32,207,103,18,106,40.3
4400,1,30,164,66,1,67,38.1
14149,0,45,184,89,6,88,39.1
4586,1,22,175,66,7,90,39.3
4460,0,20,170,72,29,113,40.9
3696,0,20,191,95,21,103,40.7
2508,1,41,182,83,15,91,39.8
11862,0,49,171,76,6,80,39.5
9228,1,26,163,63,10,89,39.3
2905,1,63,162,67,9,83,39.8
4709,1,44,153,56,8,91,39.5
7136,1,70,170,66,3,86,38.8
10859,1,22,167,59,16,99,40.2
13438,1,52,149,52,15,105,40.4
1502,1,38,174,69,17,90,40.5
8117,0,65,191,91,29,105,41.0
7064,0,43,204,107,13,94,40.1
8707,1,21,162,60,16,96,40.0
6954,1,54,168,63,10,92,39.9
8922,0,61,181,87,25,112,40.7
949,1,31,160,60,12,95,40.2
4325,1,20,152,54,17,94,40.3
286,0,48,175,75,19,110,40.7
11810,1,38,165,66,27,114,40.9
63,1,62,185,77,13,84,40.4
2550,0,31,179,80,28,112,40.9
5353,0,25,179,81,16,98,40.3
7524,0,37,189,89,9,91,39.7
13706,0,31,185,87,9,94,39.4
12670,0,51,188,84,5,89,38.7
5670,0,25,177,76,24,104,40.5
3433,0,31,180,79,25,102,40.8
8999,0,27,186,93,27,104,40.4
5119,1,51,168,66,6,82,39.7
9922,1,33,178,76,3,76,38.5
1478,1,37,190,81,26,103,40.9
13139,0,45,185,82,3,86,38.4
2252,1,41,176,71,13,89,39.9
4573,1,29,159,59,21,100,40.5
956,1,60,162,63,12,100,39.9
11871,1,31,168,70,29,108,40.9
2043,0,58,212,111,20,95,40.3
8963,0,37,192,88,9,90,39.5
14759,1,67,164,65,21,105,40.6
12921,1,25,173,65,18,96,40.4
13892,1,41,168,66,22,101,40.5
13278,1,26,160,58,22,95,40.4
9691,1,75,178,77,14,92,40.3
8736,0,26,198,100,26,106,40.9
11959,1,31,170,70,30,100,41.0
8823,1,22,165,57,29,107,40.5
12904,1,48,166,65,12,97,40.2
2253,0,22,195,95,29,108,41.0
9911,0,52,175,75,18,102,40.5
8884,1,64,183,79,17,99,40.3
12856,0,33,179,75,19,95,40.3
14763,1,39,140,48,19,92,40.6
4735,0,36,184,82,13,89,40.0
264,0,23,182,81,30,112,41.0
10531,1,40,156,60,13,95,40.4
7018,1,27,178,71,29,114,40.8
4261,1,27,158,56,25,97,40.9
14511,1,29,154,55,26,102,40.9
13691,1,49,154,55,14,94,40.3
12548,1,23,161,59,20,106,40.4
8722,0,41,176,74,25,105,41.0
11817,1,20,168,69,30,113,40.8
8223,1,77,169,65,29,106,40.9
9040,1,41,175,78,28,101,40.7
7930,1,75,171,72,17,92,40.6
1424,0,73,183,85,23,106,40.4
2668,0,70,195,98,14,102,40.5
7853,1,25,151,53,21,92,40.6
8848,0,32,204,108,17,96,40.1
12733,0,32,190,96,17,88,40.0
10351,1,75,157,58,11,93,40.2
5066,1,31,165,65,22,90,40.6
12418,0,49,184,88,14,85,40.2
5566,0,70,185,83,1,74,38.1
10508,1,21,160,57,3,91,38.7
9964,1,58,163,57,29,106,41.0
10218,1,24,154,53,9,81,39.3
1534,0,38,181,82,16,98,40.2
14826,1,61,166,66,18,95,40.3
3331,1,24,167,63,16,94,40.3
11327,1,21,161,56,6,84,39.1
7910,0,51,185,85,24,102,40.4
9269,0,26,193,94,11,90,40.1
14706,0,45,182,87,15,90,40.0
2816,0,48,176,82,9,83,40.0
10988,1,56,159,61,20,101,40.8
1914,1,27,162,58,13,88,40.3
8100,0,31,185,86,9,83,39.9
7525,1,55,169,67,21,102,40.6
1821,1,59,155,55,20,96,40.4
11232,1,79,163,66,2,90,38.3
8193,1,31,170,64,26,98,40.6
2202,0,21,167,65,21,102,40.5
9294,0,32,196,96,27,105,40.7
13508,0,77,176,85,24,101,40.7
4451,1,54,185,78,13,93,40.0
4669,0,29,197,94,17,105,40.3
4356,1,30,168,64,4,90,39.0
1248,1,76,160,59,12,85,40.0
14330,0,34,156,65,16,96,40.1
9498,1,21,197,91,11,88,39.8
14821,1,47,171,75,20,91,40.6
10017,0,29,182,82,25,105,40.6
12868,1,29,178,75,14,94,39.9
6963,1,24,135,45,6,83,39.2
3573,0,56,182,85,6,96,39.2
13355,1,40,169,68,7,86,39.2
1305,0,34,195,93,22,108,40.7
832,1,39,177,74,6,78,39.1
14021,1,41,148,54,16,101,40.5
10405,0,72,184,90,2,77,38.1
12459,1,64,165,68,4,86,38.7
11269,1,22,148,51,19,102,40.5
8947,0,47,200,103,3,72,39.1
7420,1,55,147,48,2,90,38.0
12258,1,25,171,67,26,104,40.7
4488,1,77,161,63,28,106,40.9
9596,1,52,156,58,4,89,39.1
75,1,27,168,64,2,76,38.2
9248,1,72,175,74,27,101,41.3
6057,0,20,176,78,18,89,40.4
5340,0,65,166,65,2,85,38.0
11188,0,31,173,79,4,85,38.6
9137,0,42,193,95,21,104,40.9
5909,0,30,193,89,27,94,40.6
8331,0,30,177,82,24,103,40.6
7206,0,51,186,88,3,81,38.6
4223,0,72,192,102,12,98,40.0
4393,1,30,164,61,4,86,39.0
13761,0,54,199,98,7,88,39.6
2331,1,44,169,67,20,101,40.5
12543,1,45,184,85,22,94,40.4
7915,0,70,182,83,17,96,40.2
9764,0,29,199,97,27,107,40.7
1747,0,31,183,81,8,78,39.7
11121,0,41,180,85,4,81,38.5
12570,0,79,165,73,13,79,40.0
2164,1,54,148,54,18,98,40.3
14243,1,34,154,50,26,107,41.1
1809,0,39,203,103,2,74,38.2
12127,1,41,163,59,17,100,40.0
13370,0,59,181,85,21,97,40.7
3004,0,46,189,88,7,87,39.2
6767,1,68,173,67,24,100,40.5
3703,1,47,162,64,9,87,39.7
10961,0,46,195,97,21,107,40.3
5089,1,34,165,60,5,91,39.3
4065,0,35,182,83,6,92,39.4
11890,1,68,162,63,9,93,39.5
7548,0,20,184,85,13,97,40.1
7275,0,20,174,74,21,103,40.7
6010,0,21,191,87,25,105,40.6
11410,1,58,154,61,22,103,40.5
14617,1,43,178,76,11,93,39.3
1262,1,29,167,64,5,86,39.1
4576,1,58,161,62,19,104,40.5
9122,0,24,169,74,12,93,39.8
14581,1,46,154,52,8,80,39.5
13831,0,76,203,106,8,95,39.3
11383,1,24,158,54,11,90,39.7
11400,1,33,182,76,29,101,40.9
6898,0,21,181,79,18,91,40.3
10895,0,79,193,103,17,99,40.4
4569,0,30,176,78,8,87,39.6
4461,0,45,187,89,8,82,39.6
1951,0,67,181,84,9,93,39.9
8344,1,67,169,72,18,103,40.7
1417,0,23,186,85,19,98,40.4
14598,1,22,173,69,7,83,39.4
1327,1,27,155,55,3,80,38.3
5713,0,28,181,91,28,101,41.0
6435,0,26,184,83,1,86,37.8
724,1,40,165,62,19,100,40.5
350,1,46,180,75,12,93,40.1
4861,0,33,191,90,21,105,40.5
4729,1,22,151,50,7,98,39.5
11945,0,62,186,91,27,104,40.2
6750,1,30,161,56,15,95,39.9
14041,0,27,184,92,2,85,37.9
11567,0,71,185,98,14,98,40.2
13947,1,31,173,64,16,86,40.3
4756,1,56,160,57,25,104,40.2
11558,0,50,180,88,14,88,40.2
3474,1,50,159,59,22,94,40.6
13702,0,68,184,93,21,95,41.0
6561,0,30,194,88,4,80,38.7
3446,0,52,190,91,26,103,40.9
10581,0,32,184,85,5,89,39.1
10012,1,31,182,71,20,98,40.7
10047,1,74,161,62,24,107,40.7
4829,0,76,198,109,14,92,40.3
9090,0,29,178,83,28,104,40.8
9784,1,39,152,50,15,91,40.1
12261,0,43,191,96,21,115,40.4
7172,1,64,157,54,16,95,40.5
12468,0,46,188,87,20,93,40.5
1851,0,49,181,84,28,104,40.8
1995,0,21,173,71,28,111,40.9
984,1,72,166,66,19,102,40.2
6388,0,27,185,79,18,94,40.0
8676,0,37,194,99,12,87,40.0
2636,0,36,201,106,29,115,41.2
9794,0,54,185,87,26,108,41.0
449,1,54,168,63,17,92,40.3
8426,1,51,151,58,5,83,38.9
4515,1,27,170,66,5,82,39.1
7841,1,35,164,61,16,90,40.1
4520,0,55,192,96,24,97,40.8
14134,1,71,136,47,20,94,40.3
2498,0,46,182,82,2,79,38.5
11046,1,26,152,51,6,93,39.3
9796,1,63,161,59,12,89,40.5
12235,1,68,158,64,16,90,40.4
14417,0,43,186,93,20,107,40.3
8663,0,27,189,82,27,109,40.6
2565,1,66,191,84,11,98,40.4
13567,0,42,186,83,10,80,39.7
12063,0,36,194,100,6,79,39.3
2653,0,22,190,94,15,91,40.2
85,0,44,189,88,13,94,40.0
14953,0,24,199,103,14,87,39.9
1790,0,44,186,86,13,101,40.0
2825,0,32,168,69,19,100,40.4
8885,1,32,153,52,5,89,39.2
2374,0,60,187,92,3,81,38.8
11282,0,49,169,78,10,96,39.7
9809,1,59,170,70,3,80,38.6
2084,0,38,172,70,24,102,40.6
1102,1,55,157,57,24,105,40.5
2835,1,72,163,62,13,86,40.0
3282,0,52,186,93,6,90,39.4
12609,0,71,185,94,10,92,39.6
5923,0,37,192,99,23,107,40.8
9357,0,47,185,83,18,103,40.6
1965,1,41,149,54,26,102,40.7
5008,1,22,164,64,17,95,40.3
9560,1,31,180,75,27,104,40.9
14752,1,40,154,61,19,96,40.7
10576,1,48,175,75,11,92,40.0
13967,1,39,179,77,17,99,40.0
3841,0,77,201,101,24,109,40.8
12067,0,57,189,91,19,106,40.1
5960,0,23,182,82,23,109,40.7
8281,0,22,188,83,28,113,40.7
82,1,34,144,50,7,83,39.3
4810,1,24,177,76,19,96,40.5
4497,0,45,177,79,24,104,40.5
3425,1,22,165,64,15,93,40.3
1084,0,55,193,98,24,112,40.8
4157,1,36,172,74,13,106,40.1
5003,1,22,166,58,8,89,39.6
6601,0,21,167,74,8,85,39.7
10056,0,62,173,79,12,90,40.2
13147,1,47,151,56,25,108,40.7
1518,1,26,156,56,20,99,40.8
11739,1,40,172,66,10,86,39.7
13827,1,29,164,60,19,96,40.5
11824,1,20,166,64,15,93,40.0
9093,0,63,202,106,21,91,40.8
9539,0,58,177,86,16,101,40.5
10442,0,30,174,71,29,114,40.9
12204,0,43,193,98,27,116,40.9
14500,1,23,151,53,26,102,40.7
11239,1,21,175,69,10,98,39.7
10022,0,44,178,82,26,101,41.0
3467,0,45,176,79,6,90,39.3
108,0,34,181,83,25,102,40.9
9551,1,36,164,60,17,100,40.2
3918,0,40,176,77,28,107,40.9
13745,0,39,165,69,15,99,40.3
14181,0,22,196,98,10,91,40.3
11737,1,27,166,59,28,108,41.0
13721,0,76,188,90,29,102,40.7
6554,1,26,153,54,7,94,39.4
9554,0,28,202,97,11,91,39.7
13913,0,23,175,82,2,92,38.4
14121,1,56,177,78,27,107,40.9
6826,0,42,206,113,14,95,40.2
10383,1,31,175,71,4,86,38.7
12172,0,52,199,94,15,99,39.9
8719,0,48,175,78,5,86,39.6
13191,1,42,156,53,11,87,39.7
12028,0,34,198,97,18,101,40.5
3109,0,30,170,70,13,95,40.1
6289,1,48,185,82,2,84,38.4
9384,0,28,197,98,28,108,40.3
12465,0,79,186,92,4,80,38.9
2789,0,44,170,70,9,85,39.5
14860,1,30,165,65,16,101,40.3
7506,0,38,180,87,15,90,40.2
581,0,42,198,104,26,103,41.3
4954,0,45,192,95,17,94,40.3
14516,0,42,190,93,19,105,40.5
4102,1,62,178,77,16,91,40.7
14473,0,28,180,86,16,98,40.2
655,0,41,186,87,14,100,40.3
14074,1,29,159,64,17,97,40.2
9190,1,68,150,56,16,92,40.3
14659,1,67,166,65,20,103,40.6
4523,1,52,160,57,25,105,40.7
5478,0,56,187,87,18,99,40.6
13080,0,25,173,71,5,84,39.2
11310,0,39,174,76,12,85,40.0
5808,0,72,203,106,24,94,40.7
10853,0,33,188,90,14,99,40.1
14565,1,61,185,79,28,109,40.5
5912,0,62,164,64,10,86,40.1
5602,1,31,145,46,28,104,40.7
12832,1,38,157,61,4,87,38.4
14357,1,57,160,62,23,103,40.2
12489,1,57,168,65,1,83,37.6
6670,1,62,163,60,2,84,38.4
12450,0,65,178,83,23,99,40.8
6453,1,26,176,69,28,108,40.8
2410,1,53,161,63,11,84,40.2
10051,1,65,177,77,3,80,38.6
13843,0,28,198,99,21,101,40.5
11513,0,72,183,94,9,88,39.6
6684,1,29,166,59,7,86,39.2
9746,0,71,176,81,20,98,40.7
3182,0,40,196,93,22,98,40.6
11998,0,28,180,84,25,110,40.6
11158,1,34,162,62,5,87,39.4
8153,1,63,158,58,28,107,40.7
1925,1,30,160,59,19,98,40.6
2096,0,22,191,85,27,96,40.9
5007,0,47,182,89,18,94,40.7
43,1,54,171,66,20,98,40.1
6091,1,23,165,66,11,96,40.0
1094,1,20,151,51,27,101,41.1
10485,0,27,172,72,22,98,40.9
12664,1,32,158,55,24,110,40.8
11461,1,68,168,70,23,108,40.6
5500,1,35,164,65,3,74,38.6
2544,1,41,177,76,10,83,39.8
8662,1,43,144,49,12,83,39.9
1548,1,32,158,58,9,91,39.8
9589,0,56,205,108,28,106,40.6
4396,1,31,170,67,22,108,40.6
4107,0,78,197,103,9,89,39.7
3682,1,25,162,59,23,97,40.5
12360,0,41,218,119,18,85,40.2
173,0,36,185,91,2,91,38.1
3605,1,58,171,74,11,81,40.1
6123,1,55,178,70,29,101,40.6
9869,0,53,202,103,29,109,40.8
9045,1,30,172,67,22,112,40.3
13510,1,78,187,84,4,84,39.0
12915,0,20,170,75,27,103,40.9
12963,1,66,162,64,29,110,40.8
11596,0,31,187,92,4,90,38.6
2110,1,20,157,49,24,111,40.1
3763,1,35,169,65,25,110,41.1
9056,0,36,187,91,7,78,39.5
2897,0,64,194,97,5,80,39.2
13733,1,20,175,73,25,99,40.5
11051,1,45,166,61,30,113,41.0
8342,1,62,174,70,10,97,39.6
692,1,43,158,61,22,99,40.6
12973,0,72,183,81,13,94,40.5
14632,0,30,175,78,22,100,40.3
14691,0,65,200,103,27,95,40.8
11650,1,58,169,68,22,101,40.6
4003,1,60,169,71,10,98,39.8
3501,0,27,177,75,19,101,40.0
8669,0,79,189,92,17,104,40.2
46,0,33,184,86,8,86,39.9
138,1,66,174,69,13,87,39.8
11829,0,21,186,89,4,86,38.6
6287,1,61,186,90,14,88,40.0
1612,0,54,179,75,30,108,40.7
12751,1,64,164,68,29,109,40.9
14339,1,66,159,66,17,95,40.3
643,0,28,184,85,8,94,39.4
2248,1,45,182,80,26,108,40.8
9291,1,66,179,75,30,113,41.1
9930,1,77,165,65,12,93,40.4
9714,0,26,179,77,15,98,39.8
611,1,40,157,60,7,89,39.9
8351,1,71,149,49,9,90,39.7
926,1,53,155,53,2,85,38.0
3824,1,32,160,62,28,107,40.7
11963,1,22,155,54,14,95,40.5
10731,1,21,169,64,10,94,39.9
6851,1,27,170,63,16,106,40.2
8106,1,24,159,55,5,89,39.4
7925,0,38,193,91,21,102,40.6
14602,0,79,169,76,23,95,40.6
5351,1,64,163,65,25,99,40.9
1745,0,37,185,85,10,90,39.6
985,1,45,159,62,8,94,39.6
11008,1,37,189,77,13,99,39.8
12852,1,28,164,59,9,90,39.5
52,1,21,179,73,9,90,39.6
4283,1,47,166,68,27,103,40.9
3673,1,79,164,67,12,97,40.2
10407,0,20,178,83,12,102,39.9
4851,0,21,171,73,20,91,40.7
8151,0,20,176,81,14,92,40.2
6762,0,64,195,96,16,92,40.3
1477,1,53,170,71,10,101,39.5
4616,1,68,159,63,28,105,41.1
6969,0,55,188,85,6,87,39.4
13325,0,28,180,79,14,92,40.2
2190,0,74,197,105,12,88,39.7
155,1,30,153,53,26,108,40.6
7430,0,55,192,102,18,95,40.1
488,0,35,187,91,15,95,40.3
8375,0,35,172,75,22,98,40.9
11265,1,21,163,58,2,84,38.1
8951,0,38,194,99,13,93,40.1
10777,1,22,170,68,26,109,40.7
11696,0,21,191,86,16,103,40.1
2441,1,27,170,67,5,77,39.1
7800,0,65,183,87,13,90,40.1
3166,1,61,171,72,6,80,39.2
7742,1,29,179,73,21,108,40.6
6136,1,26,172,68,7,82,38.9
4365,1,36,163,59,4,83,38.9
7958,0,35,187,94,18,105,40.5
9000,1,43,164,61,2,81,37.8
8576,1,20,157,57,6,82,39.1
13363,1,45,166,63,8,80,39.6
11587,1,50,184,83,27,107,40.7
8721,1,51,141,48,12,87,39.9
4176,1,39,163,65,7,85,39.6
493,1,32,147,51,4,83,39.1
1725,1,23,143,45,4,91,39.3
12836,0,37,186,90,28,118,40.5
14201,1,40,152,52,22,99,40.8
6428,1,39,167,63,25,107,40.9
5895,0,55,185,85,4,93,38.7
5039,0,21,180,78,14,105,40.2
10606,1,79,153,53,5,87,39.2
2053,0,30,203,99,3,87,38.5
4243,1,41,184,83,28,102,40.9
1370,1,20,172,65,8,97,39.6
12269,0,36,183,85,11,98,40.0
3916,1,29,165,62,13,87,40.2
12843,0,33,183,91,13,92,40.1
5303,0,31,184,87,3,89,38.5
1955,1,43,166,66,12,89,40.1
12499,0,20,187,88,6,87,39.1
5201,0,23,179,80,22,100,40.7
8466,1,23,166,68,4,77,39.0
12692,1,64,163,62,2,90,37.8
5389,1,20,156,56,22,99,40.3
6144,1,24,163,59,10,85,39.8
3969,0,40,189,91,25,99,40.6
9187,1,25,177,75,29,105,41.3
14822,0,36,194,92,9,84,40.1
8908,0,32,180,83,14,99,40.1
835,1,63,158,61,3,87,38.5
5220,0,25,180,81,29,114,41.1
3499,1,65,178,73,17,91,40.2
14761,0,28,171,76,15,94,40.5
7880,0,65,162,66,19,105,40.4
5228,1,47,176,75,6,83,39.8
9488,0,38,195,97,10,89,39.8
2533,0,44,184,88,22,98,40.8
14828,0,62,183,81,10,88,39.7
3898,0,41,186,82,14,100,40.3
12497,1,58,166,66,30,115,41.1
12887,1,54,171,68,6,87,39.4
8024,1,47,166,64,27,114,40.8
8474,0,51,185,94,24,96,40.7
12568,1,33,162,57,4,76,39.2
7730,0,32,193,86,29,112,40.8
3489,0,61,168,76,27,113,40.7
2540,1,64,150,55,19,102,40.4
10847,1,22,153,56,29,117,40.9
1635,0,34,183,81,5,77,39.4
6749,1,27,166,58,15,101,40.1
10863,1,33,155,52,7,82,39.2
6346,0,60,195,100,15,101,40.4
1028,1,38,166,63,2,85,38.3
13737,1,76,155,55,7,86,39.6
9325,0,23,190,87,9,76,39.8
13392,0,27,166,65,13,88,40.3
4118,0,60,192,97,17,80,40.3
2479,0,64,186,90,21,108,40.2
10353,1,20,143,47,3,79,38.4
4207,1,68,171,67,3,85,38.5
455,0,47,182,82,27,100,40.7
8352,1,31,161,67,4,79,38.7
1733,1,55,160,62,19,95,40.7
36,1,70,154,59,10,88,40.0
4332,0,53,173,77,11,90,39.7
1701,1,53,167,69,30,110,41.0
11449,1,31,157,54,8,84,39.8
11766,1,30,164,64,11,92,39.6
13725,1,69,156,61,27,106,40.7
5697,0,38,173,72,3,75,38.5
7421,0,46,198,95,12,95,39.9
7211,0,36,208,109,13,91,40.3
9655,1,25,163,61,2,75,38.2
9204,0,68,190,95,15,94,40.2
10770,0,20,191,94,22,105,40.8
12889,1,20,151,54,19,97,40.1
9711,0,23,184,79,22,107,40.7
3027,0,40,184,82,26,103,41.1
293,0,41,179,85,25,101,40.8
272,0,42,195,95,17,105,40.2
3779,0,67,188,98,15,89,40.2
7298,0,63,174,76,25,112,40.7
9347,1,26,147,50,10,92,40.3
4504,1,59,149,55,2,77,38.3
4167,1,41,149,55,16,96,40.1
6525,0,67,183,84,29,105,41.0
4245,0,31,188,90,11,99,40.5
2981,1,46,170,71,27,114,40.7
14891,0,22,186,93,11,87,39.9
8236,1,35,178,72,13,91,40.1
2149,1,64,159,58,9,81,39.7
1342,1,21,164,61,7,82,39.6
12667,0,35,170,73,5,87,39.3
8282,0,27,185,85,9,86,39.6
13093,0,30,179,82,13,88,40.0
5393,0,35,176,83,16,102,40.2
3712,0,34,179,85,12,93,39.9
4113,1,36,179,76,1,83,37.3
443,0,75,172,74,10,98,39.7
14504,1,40,165,64,8,87,39.9
4689,0,50,184,87,15,96,40.1
2160,0,60,167,69,25,110,40.5
13092,1,27,184,78,28,108,41.0
10081,0,51,166,64,8,83,39.3
14820,1,41,154,58,19,98,40.2
3815,1,29,164,57,9,87,39.9
6728,1,25,170,70,2,84,38.5
12620,1,20,157,59,20,107,40.6
8590,0,21,197,101,30,108,41.0
7175,1,46,168,67,26,97,40.9
10552,1,78,193,96,17,92,40.3
2749,1,41,167,62,29,105,40.9
2290,1,60,161,63,3,89,38.3
4269,1,59,163,61,25,103,41.0
6456,1,20,177,66,8,83,39.7
8051,1,64,166,66,27,112,40.9
14994,1,48,159,57,10,94,39.8
4701,0,43,170,73,28,106,40.9
8929,0,69,169,69,6,92,39.7
2282,0,26,169,72,2,82,38.3
7024,0,40,193,93,23,107,40.6
8894,0,22,184,79,15,94,40.3
9516,1,21,171,65,2,88,38.3
1206,0,34,175,71,21,95,40.6
10810,1,46,166,64,28,99,40.7
1739,0,47,167,74,18,103,40.0
12025,0,61,191,100,28,111,40.8
2010,0,42,179,81,16,87,40.3
8924,0,52,173,74,6,88,39.3
7877,0,51,174,80,18,82,40.4
13303,0,73,180,82,2,79,38.2
10787,1,54,167,65,28,110,40.6
11456,1,53,159,64,11,95,39.9
14941,1,58,175,73,14,99,40.2
12610,1,41,165,62,26,113,40.8
4862,0,27,188,84,6,87,39.1
11436,1,27,158,59,24,106,40.4
7689,0,52,176,77,26,112,40.8
7409,0,38,175,78,19,108,40.5
10643,0,65,187,85,23,101,40.6
10763,1,30,158,59,29,104,40.9
323,0,57,169,72,8,84,39.7
8539,0,26,196,96,13,89,40.3
429,1,61,173,73,26,102,40.8
12259,0,50,198,105,1,78,37.6
1891,1,46,151,51,28,108,40.9
2823,1,26,167,67,19,111,41.0
12111,0,23,187,90,12,99,40.5
9043,0,79,190,95,17,91,40.4
1726,0,49,171,71,27,107,40.8
3208,1,57,159,61,24,99,40.6
6114,1,22,153,56,7,92,39.5
13662,1,28,169,72,14,87,40.7
12913,1,25,167,64,23,95,41.0
2121,1,62,144,47,18,95,40.5
2332,1,65,166,62,11,90,39.6
8696,1,28,171,72,13,92,40.1
2257,0,24,179,81,19,97,40.3
14811,0,34,184,79,10,88,39.9
3510,0,47,190,89,24,104,40.7
4809,0,46,176,75,16,91,40.5
4597,0,38,189,91,15,101,40.0
13007,0,57,195,93,24,106,40.7
13928,0,32,176,80,10,87,39.8
7197,0,67,177,80,14,90,40.0
13465,0,66,163,69,16,90,40.4
969,1,61,158,60,23,102,40.5
9878,0,74,186,88,20,95,40.4
5450,0,40,189,88,11,90,40.0
7823,0,31,202,102,8,79,39.6
11877,1,51,182,82,21,99,40.7
10417,0,34,185,88,14,94,40.1
4457,1,21,152,50,1,86,37.3
9132,0,40,183,84,18,101,40.3
14757,0,20,184,85,17,90,40.7
13528,1,37,167,61,4,86,38.8
8078,1,24,144,49,28,110,40.4
6794,0,20,173,79,2,78,37.9
7848,1,40,168,68,8,85,39.2
8688,1,70,161,63,13,85,39.9
1136,0,38,182,81,19,99,40.1
1039,1,56,159,60,5,91,38.7
9206,0,65,182,89,5,87,39.1
13421,1,28,153,49,23,108,40.5
8593,1,54,167,71,9,96,39.4
10427,0,31,201,97,22,102,40.4
5926,1,42,167,68,2,85,38.1
7266,0,22,203,106,11,98,39.5
2551,1,26,159,61,7,88,39.5
9063,0,65,176,82,15,97,40.1
13719,1,67,186,84,3,83,38.3
14866,0,31,174,72,18,99,40.3
6447,1,38,156,61,23,100,40.4
10854,1,43,154,50,26,101,41.0
11740,1,52,181,76,19,98,40.2
5257,1,35,177,71,1,87,37.7
9019,0,27,175,77,29,117,40.9
578,1,76,176,77,28,107,40.6
12575,0,57,185,80,7,93,39.4
6055,1,48,156,54,9,93,39.7
1642,1,45,167,70,6,86,39.3
5345,1,54,170,72,15,89,40.2
6366,1,38,176,73,8,83,39.7
13950,0,33,214,112,30,107,41.0
226,0,22,179,73,10,84,39.9
5166,1,35,180,78,12,98,40.2
5959,1,36,170,65,12,93,40.1
6885,1,72,165,66,13,101,40.1
6705,0,60,193,97,30,105,40.8
4108,1,62,156,63,13,86,40.4
7105,0,42,191,89,26,98,40.3
8724,1,57,160,57,2,90,38.0
4171,0,42,175,72,28,107,41.1
13250,1,39,160,66,5,80,39.0
6555,0,29,168,73,14,93,40.3
3739,0,25,181,82,3,81,38.7
401,0,64,203,97,23,106,40.7
7541,1,27,179,72,28,105,40.9
12346,0,79,195,106,15,91,40.0
5292,0,69,189,92,6,90,39.1
9300,1,26,169,64,4,84,38.8
471,1,45,163,58,5,84,38.9
14192,0,39,186,86,4,88,38.6
2511,0,23,185,85,14,97,40.5
2616,1,29,161,65,28,110,41.1
9684,1,62,165,66,28,107,40.7
8900,0,31,210,112,20,107,40.7
4869,0,34,183,82,3,84,38.6
6340,0,50,180,79,22,103,40.4
2615,0,24,170,72,9,77,39.7
12430,0,69,185,93,22,99,40.7
7157,0,35,174,78,29,102,41.0
7068,1,42,163,60,3,83,38.5
5267,0,28,185,80,12,91,40.2
9820,1,26,174,72,7,90,39.9
6468,0,23,182,76,27,107,40.5
13106,0,38,179,86,24,103,40.6
14742,1,64,182,74,3,87,38.7
10759,1,31,150,51,1,86,37.9
6135,1,53,166,67,7,91,39.5
3356,0,22,177,77,7,87,39.3
1166,0,27,203,109,8,88,39.8
2384,0,78,176,79,8,91,39.5
4636,0,49,179,82,23,97,41.0
3312,0,36,210,117,4,76,39.0
10856,1,39,149,56,8,85,39.5
7193,0,38,177,82,26,103,40.8
13168,0,73,188,93,29,111,40.9
4210,0,22,203,97,8,90,39.4
3032,1,39,181,80,11,84,39.8
7152,0,27,184,88,6,88,39.4
2458,1,63,171,68,7,84,39.8
5182,0,22,180,79,21,95,40.6
4946,0,38,182,88,15,91,40.1
2516,1,21,155,58,27,103,40.7
12768,0,44,182,86,26,107,40.7
5255,1,21,167,67,20,105,40.7
2522,0,42,176,80,26,116,40.5
10057,1,33,182,75,25,101,40.5
5928,0,47,182,84,18,96,40.4
9447,0,62,189,98,3,89,38.3
8510,1,32,168,64,18,96,40.5
8544,1,32,165,63,21,104,40.5
6452,0,41,178,81,13,87,40.0
3059,1,30,181,79,16,102,40.4
5795,1,78,161,59,16,89,40.2
11516,0,20,182,83,14,91,40.2
1505,0,51,176,78,20,104,40.6
26,0,33,173,73,7,78,39.3
9089,0,53,197,104,28,106,40.6
7894,1,50,176,70,17,103,40.7
6242,0,68,173,77,12,91,39.8
11128,1,54,175,75,12,101,39.9
9997,1,44,179,78,1,87,38.3
12206,0,31,178,79,16,93,40.5
9687,1,62,150,53,15,94,40.3
12529,0,32,181,76,15,99,40.6
13263,0,46,179,82,18,109,40.3
10963,1,79,183,78,10,103,39.7
14490,0,31,198,102,30,107,40.8
12202,0,32,191,92,8,84,39.3
14777,1,55,166,67,21,97,40.7
1773,0,20,200,94,25,103,40.7
13014,0,32,188,86,24,101,40.7
10292,0,27,203,98,24,90,40.7
9969,0,22,164,69,29,108,41.0
6015,1,72,157,59,21,92,40.5
10900,0,25,181,78,20,106,40.6
11666,1,68,166,65,15,101,40.1
14125,1,21,177,72,14,90,40.1
12289,1,26,182,71,13,101,39.7
11632,1,71,164,63,4,82,38.9
10752,1,55,176,69,6,77,39.2
12079,0,55,184,90,21,106,40.7
5139,1,67,163,59,25,107,40.6
10348,0,49,202,106,1,77,38.3
7084,1,73,153,53,28,119,40.8
10299,0,42,172,77,20,95,40.4
8359,1,62,160,64,7,80,39.4
3552,0,52,183,84,18,100,40.4
3434,1,21,169,64,12,90,39.9
7237,0,28,163,71,20,95,40.6
14129,1,36,159,62,23,105,40.5
5197,1,28,168,65,2,82,37.9
10038,1,21,166,62,26,108,40.9
7658,1,52,141,47,15,101,40.2
12744,0,49,188,91,16,97,40.2
4254,0,37,193,95,8,84,39.8
9111,0,74,196,100,10,92,39.7
4276,0,31,207,111,6,92,39.3
8657,1,29,184,79,23,90,40.6
8404,0,37,181,76,5,79,39.6
3288,1,47,157,66,22,96,40.4
9677,0,73,194,95,5,96,39.2
9275,1,39,159,62,25,111,40.8
9838,0,41,178,83,25,115,40.5
10695,1,25,165,62,3,75,38.4
8710,1,70,171,69,8,87,39.3
8278,0,29,190,93,11,92,39.7
6824,0,24,183,85,27,107,40.8
5279,1,71,174,74,29,105,41.0
1848,1,40,169,70,18,97,40.5
3063,0,31,173,79,12,79,40.3
2810,0,44,184,84,10,92,39.6
9968,1,34,162,61,20,99,40.7
8564,0,30,179,85,28,110,40.6
1081,1,44,154,52,16,102,40.3
11027,1,42,180,76,29,119,40.9
3561,1,39,152,57,22,102,40.5
7928,1,37,152,52,7,89,39.2
7735,0,56,170,78,15,99,40.1
11544,1,23,160,66,13,95,40.1
7818,0,77,175,79,28,104,41.0
12594,1,23,168,69,2,83,37.5
1798,1,56,177,76,11,86,39.6
7893,1,25,180,72,23,100,40.9
4563,1,31,166,64,26,104,40.8
1335,0,58,188,88,18,93,40.6
5406,0,21,181,74,9,94,39.5
8819,1,22,159,59,6,87,39.4
7381,0,56,198,99,6,86,39.2
13338,1,30,177,74,13,104,39.7
1143,0,24,166,63,13,99,39.9
8763,1,25,178,71,5,94,39.2
13525,0,65,178,84,17,99,40.3
13270,0,49,181,85,23,108,40.7
6497,0,47,202,100,14,105,39.8
3074,1,58,159,57,21,101,40.5
164,1,25,164,63,21,101,40.7
7291,0,29,179,77,16,106,40.3
607,1,31,179,77,9,92,40.1
6559,0,27,192,91,8,88,39.4
3138,1,32,181,78,12,92,39.9
8152,1,76,151,58,5,88,39.2
6736,1,35,158,58,11,79,39.7
260,1,32,172,72,8,80,39.5
14468,0,45,175,82,1,76,38.1
14947,1,21,168,58,5,87,39.3
2527,0,20,194,97,20,96,40.4
930,0,31,182,87,22,94,40.5
11512,0,36,190,91,27,109,40.7
635,0,20,178,81,26,104,40.8
10118,0,70,197,98,19,101,40.2
7121,1,25,157,56,28,109,41.2
2676,0,22,183,91,29,114,41.0
9980,1,23,177,66,23,103,40.6
12080,1,35,169,69,18,104,40.3
13369,0,34,183,80,7,91,39.5
1313,1,78,159,56,18,93,40.4
12220,0,38,192,97,6,79,39.3
5974,0,32,165,67,11,98,39.8
7384,0,27,181,83,6,86,39.4
10062,0,51,190,87,25,103,40.4
3768,0,43,203,103,21,105,40.2
13760,0,62,187,94,27,108,40.7
14646,0,47,185,92,2,94,38.1
4763,1,52,152,51,15,97,40.1
12882,1,24,147,50,24,106,40.5
10712,1,69,152,55,14,95,40.4
9937,0,30,184,81,14,95,40.2
4832,1,73,163,58,6,89,39.1
3306,1,54,169,65,11,88,39.8
783,0,60,181,92,3,88,38.8
8627,1,52,171,69,10,96,40.0
10571,1,35,162,63,8,83,39.5
1923,0,31,192,96,12,95,40.4
4785,1,30,163,58,19,92,40.3
1078,0,49,182,85,9,87,39.5
2489,1,20,158,54,25,108,40.7
8727,0,65,194,98,18,97,40.4
1397,1,37,172,68,17,108,40.3
6503,0,78,195,105,10,96,40.1
580,0,73,190,94,7,92,39.3
5327,0,54,178,87,14,103,40.3
547,1,43,167,70,26,113,40.5
3377,1,24,152,52,10,83,40.1
3706,0,32,175,72,6,82,39.4
6331,1,34,147,52,19,92,40.4
664,1,29,163,59,26,111,40.9
14224,0,38,189,93,13,90,39.8
7015,0,52,177,73,27,111,41.1
2157,0,54,167,69,8,87,39.8
2205,0,36,190,95,27,106,40.7
1118,1,49,156,55,11,96,39.8
550,1,33,162,56,6,80,39.9
3257,1,22,163,66,19,99,40.5
2364,0,68,175,81,6,79,39.3
11678,0,27,193,94,7,89,39.6
11758,0,49,173,79,27,109,40.8
6984,0,44,176,77,9,80,40.0
13820,0,75,183,83,21,99,40.3
6341,0,55,188,91,7,82,39.6
2228,0,54,182,90,17,106,39.8
7389,1,22,155,52,16,93,40.0
13909,0,79,177,89,29,99,41.0
13479,0,66,182,86,27,113,40.8
14890,1,38,168,67,8,80,39.6
7380,0,45,173,73,14,99,40.2
9251,0,56,182,88,8,96,39.3
10372,0,50,176,80,13,89,40.1
8678,0,25,179,81,19,104,40.0
11651,1,22,158,58,8,89,39.7
10943,0,28,186,89,13,90,39.7
13516,1,21,168,65,29,100,41.1
10921,1,49,172,66,20,111,40.1
14469,1,63,147,54,29,117,40.4
1869,1,48,154,57,2,91,38.6
5458,0,34,185,79,21,92,40.3
13459,0,48,186,93,7,89,39.8
1194,0,43,191,97,26,119,40.8
14311,0,24,179,82,10,90,39.2
2099,1,49,180,80,2,83,38.5
2873,0,41,175,82,4,80,38.9
3559,1,31,164,57,22,109,40.7
13659,1,37,155,54,20,94,40.6
5109,0,27,196,95,8,87,39.4
4608,0,23,176,77,28,102,41.1
536,0,31,184,90,25,106,41.0
9182,1,56,154,55,17,94,40.2
1820,1,30,142,52,30,104,40.9
12611,0,67,188,99,7,82,39.3
4019,1,51,164,60,19,92,40.3
11707,0,31,194,94,29,111,40.9
13487,0,23,183,88,11,89,39.9
7705,0,23,182,89,8,79,39.3
1362,0,31,202,102,6,82,39.4
9480,0,73,201,109,10,87,40.0
11354,0,28,194,95,24,106,40.5
9979,1,52,169,70,21,108,40.8
12725,1,43,154,56,29,109,40.9
13944,1,25,168,62,4,76,39.0
14547,1,27,164,59,19,92,40.6
3008,1,25,181,78,15,96,39.9
5779,1,26,165,62,24,100,40.8
3228,1,66,166,65,23,104,40.9
2403,0,41,183,85,28,106,40.9
13712,1,20,142,48,19,91,40.1
5558,1,25,149,50,8,95,39.5
1506,1,23,176,72,23,107,40.8
1487,1,41,158,62,4,80,38.6
5466,0,20,195,97,14,101,40.4
431,1,23,173,72,28,110,40.9
2900,1,41,156,61,14,98,39.9
14008,1,25,167,61,17,105,40.2
6609,0,22,176,78,11,91,39.7
5905,1,58,179,79,11,88,39.8
12668,1,22,146,50,7,79,39.7
5319,0,66,198,96,22,108,40.6
12612,1,24,160,60,17,102,40.6
6582,1,38,168,61,22,104,40.7
14476,0,20,186,81,9,92,39.7
11074,0,35,172,72,10,99,39.8
8460,0,20,192,87,3,89,38.7
4253,1,43,148,52,29,108,40.5
10753,0,25,191,88,26,102,40.7
12334,0,20,180,79,7,83,39.3
10587,1,47,171,67,21,97,40.6
13049,0,26,195,86,26,102,40.7
12285,0,76,172,80,12,88,39.9
4976,1,51,162,59,2,82,38.2
13458,1,59,171,71,26,99,40.8
717,0,48,183,91,24,102,40.4
13362,1,20,153,52,14,92,40.1
2949,0,29,195,99,21,99,40.6
2336,0,33,187,93,2,85,38.0
5664,1,71,157,62,21,98,40.5
8290,1,61,167,63,10,93,39.9
5633,0,43,186,84,4,85,39.0
1157,0,26,175,74,22,97,40.8
10320,1,37,178,72,29,102,41.2
2807,0,33,160,67,20,103,40.0
1431,0,33,164,68,12,93,39.8
13018,0,27,185,80,1,80,37.9
2155,0,21,200,94,6,81,39.2
2732,0,28,166,66,2,72,38.0
5135,0,23,172,75,2,89,38.0
11653,1,21,144,47,16,104,40.4
10602,0,38,170,74,26,109,40.5
5858,0,49,177,85,15,99,40.2
2817,1,71,174,77,8,88,39.9
8782,0,61,191,96,26,107,41.2
3115,0,60,174,76,24,109,40.6
11893,0,45,181,78,16,88,40.3
6965,1,25,175,72,14,97,39.8
13026,1,38,166,63,13,90,39.9
12484,0,29,184,89,13,87,40.1
9465,1,31,161,65,9,93,39.8
12108,1,56,176,76,19,100,40.6
11250,1,35,165,61,7,92,39.6
2267,0,23,192,91,7,76,39.6
9633,1,53,162,58,30,111,40.8
3283,0,27,180,78,25,103,40.3
533,1,74,162,60,16,97,40.1
3715,1,28,175,72,7,93,39.5
8159,1,56,167,61,4,83,38.7
8142,1,44,164,63,24,105,40.7
5261,1,36,164,61,28,113,41.1
8709,0,21,182,83,10,89,39.5
6415,1,20,165,58,1,83,37.8
5692,1,63,169,68,29,108,40.6
11804,1,62,137,47,28,110,40.8
13032,1,32,171,67,7,84,39.6
12617,1,23,155,55,5,90,39.2
13447,1,21,166,59,29,106,40.7
4285,0,46,185,90,17,95,40.1
13423,0,37,197,92,1,87,37.5
14235,0,37,185,84,26,105,40.5
2581,0,66,204,109,14,101,40.1
845,1,56,168,66,3,85,38.7
12236,1,49,163,56,28,107,40.3
11072,1,32,168,62,28,106,40.8
14603,1,28,165,61,30,110,40.9
8596,1,40,158,55,16,84,40.1
854,0,57,184,78,3,71,39.0
3270,0,35,184,85,15,93,40.0
3853,1,76,179,80,21,110,40.9
6071,1,74,171,68,14,95,40.3
2103,1,27,149,55,25,98,40.6
8230,1,55,167,65,25,105,40.5
7190,0,38,174,77,7,83,39.5
3940,1,31,168,59,28,102,40.7
12863,0,21,193,90,24,100,40.9
5929,0,67,169,77,26,108,40.7
12440,0,55,177,79,5,92,39.1
1530,1,42,164,58,14,98,40.3
6662,0,26,181,81,5,85,38.7
14648,1,22,155,54,19,103,40.3
3496,0,22,171,79,20,107,40.3
4857,1,22,170,62,21,105,40.4
10875,1,50,163,58,16,93,40.3
734,0,40,167,66,6,87,39.1
5991,0,55,196,92,24,111,40.7
7542,0,52,173,73,25,107,41.0
9189,1,61,175,74,4,90,38.9
9920,1,49,161,63,10,87,40.0
5730,1,50,164,63,9,90,39.5
7699,0,58,183,89,27,108,40.8
4416,1,38,178,77,14,82,40.5
13546,0,39,184,88,17,93,40.4
150,1,26,176,76,19,97,40.4
13215,0,63,185,88,27,113,40.6
14433,0,68,187,81,9,87,39.6
10279,0,34,186,86,7,93,39.5
9100,1,39,173,69,24,102,41.0
13556,0,25,168,73,15,103,40.4
14604,0,47,173,71,27,102,40.5
10157,1,40,171,65,6,88,39.1
4193,0,56,178,80,25,109,40.6
10295,1,31,162,68,5,84,39.3
2111,0,37,189,97,11,88,39.7
13229,1,52,164,60,17,99,39.8
12447,1,32,171,70,23,104,40.7
6703,0,27,196,100,20,92,40.4
14054,0,77,177,85,5,80,38.8
1207,0,27,187,89,11,94,40.0
5659,1,66,168,65,22,107,40.4
4411,1,30,170,65,5,75,39.3
11068,1,33,169,71,24,104,40.9
8215,1,48,153,55,29,115,40.8
5971,1,32,162,55,29,112,41.1
10067,0,36,173,72,23,111,40.8
1647,0,48,184,82,15,96,40.2
9867,0,43,182,85,29,108,40.9
7840,0,27,184,87,3,81,38.6
12526,0,32,192,92,29,113,40.5
10452,0,44,187,85,2,80,38.0
10864,0,43,197,99,11,96,40.0
1641,1,63,172,69,24,101,40.7
7030,1,55,178,75,1,86,37.8
12604,0,46,190,87,8,89,39.6
8161,1,73,177,73,16,91,40.0
2438,1,28,162,60,3,84,38.4
9814,1,58,156,57,27,110,40.6
871,0,23,191,86,29,115,40.9
13312,1,73,154,56,9,94,39.9
511,1,22,140,45,7,86,39.1
13047,0,31,180,83,23,91,41.0
4542,0,32,170,78,16,98,40.3
4858,0,41,185,88,19,97,40.1
321,0,21,205,103,7,88,39.6
7701,1,20,171,72,25,107,40.7
1771,1,24,164,61,16,81,40.0
624,0,32,184,80,28,117,40.7
13340,1,32,166,61,28,107,40.8
12565,1,29,190,79,15,97,39.9
11686,0,26,174,75,7,84,39.4
12171,1,53,161,64,19,99,40.7
9487,1,60,156,59,23,106,40.7
3647,1,28,162,58,4,75,38.8
1960,1,58,167,62,28,105,40.7
11279,0,78,181,82,28,112,40.6
12132,1,30,176,69,18,100,40.3
1060,0,73,169,72,15,92,40.2
8406,0,45,174,83,27,94,40.9
2308,0,35,187,90,17,98,40.2
996,1,46,151,52,25,113,40.5
5862,0,70,187,89,28,112,40.8
6161,0,53,187,90,14,87,40.2
474,0,25,198,96,5,85,39.1
10114,1,42,172,70,11,104,39.9
10967,1,26,173,71,14,93,40.0
14938,0,30,206,103,7,91,39.1
8065,1,36,175,68,18,89,40.2
5010,1,38,165,66,9,93,39.5
8479,1,28,163,62,19,93,40.4
8760,0,27,187,85,16,101,40.1
7087,0,26,183,76,16,102,40.4
5325,1,70,172,67,12,94,40.1
3632,1,35,169,69,22,107,40.8
3811,0,48,173,79,21,96,40.7
11657,1,40,169,63,11,93,39.6
5432,0,73,176,78,3,79,38.2
3900,1,45,154,55,30,111,40.9
4758,1,33,153,54,12,93,39.8
5337,1,27,164,56,17,101,40.1
13540,0,24,183,83,13,90,40.2
1991,0,20,193,98,22,100,40.7
4890,0,20,180,80,6,82,39.2
3736,1,28,165,66,21,111,40.7
6072,0,60,188,91,28,104,41.2
267,0,34,185,83,23,97,40.8
8745,0,42,191,87,15,86,40.2
2446,1,59,156,54,12,96,40.0
12409,1,40,164,62,13,101,40.0
1076,0,44,169,77,16,91,40.2
10443,1,28,166,63,20,102,40.7
2363,1,30,165,64,20,101,40.4
12859,1,25,160,56,15,92,40.1
1938,0,37,182,82,11,89,39.8
3218,1,44,157,64,25,99,40.8
11888,1,28,164,56,28,115,40.7
10309,0,32,185,77,16,92,40.1
5531,0,23,195,87,9,93,39.7
11476,1,77,158,59,2,82,38.5
5409,0,65,177,78,30,112,40.6
14024,0,62,200,111,19,101,40.4
5906,1,23,186,74,19,112,40.6
14630,1,28,167,66,3,87,38.5
2982,1,21,155,53,4,88,38.7
12730,0,24,184,83,11,93,40.0
9463,1,43,156,54,24,108,40.9
3178,0,47,192,101,18,99,40.6
10257,0,34,164,71,17,90,40.2
14673,0,40,203,108,17,94,40.4
3033,0,41,172,74,25,109,40.5
5299,1,26,166,65,12,92,40.2
9501,0,77,187,89,15,89,40.0
12588,1,23,178,72,6,81,39.2
11915,0,78,189,94,3,84,38.2
14498,1,29,165,65,11,77,40.0
7262,1,39,158,63,11,87,39.6
8976,0,47,172,72,23,103,40.5
6442,0,20,176,79,26,103,40.8
6847,1,44,161,57,25,111,40.9
7633,1,27,150,56,22,92,40.5
11843,0,36,186,86,8,84,39.7
12031,1,63,169,69,12,90,39.9
2706,0,26,178,82,28,122,41.0
14028,0,75,185,88,20,96,40.3
2307,1,44,161,55,11,90,39.8
8982,0,33,192,97,22,101,40.4
8821,1,42,164,62,24,105,40.4
4541,0,31,182,76,1,84,37.5
5142,1,21,162,56,18,107,40.2
5349,1,63,178,82,16,94,40.1
7181,1,39,166,68,15,101,40.1
11267,0,61,166,69,29,106,40.9
4644,0,63,181,83,11,95,39.6
4264,0,32,192,92,19,102,40.6
2487,1,77,155,59,19,95,40.2
10172,1,38,166,65,15,100,40.4
2424,0,44,179,81,7,86,39.4
11797,0,55,183,88,3,79,38.6
9608,0,21,177,81,20,97,40.8
2752,0,79,176,83,3,83,38.7
7020,0,67,187,89,20,100,40.6
5181,0,59,175,80,17,101,40.2
7017,0,22,182,79,6,78,39.5
5365,0,24,179,79,28,107,40.6
2954,1,38,181,74,8,84,39.9
13881,0,24,184,84,19,97,40.3
9201,0,74,193,97,11,95,39.9
3242,1,22,174,73,20,101,40.3
11397,0,42,178,78,25,103,40.7
10287,1,25,172,69,17,94,40.3
14487,0,61,171,72,11,87,40.2
14142,0,33,183,90,5,82,39.5
5168,1,35,171,70,6,96,39.4
10434,0,68,190,89,26,102,41.1
10898,1,78,183,79,20,104,40.4
9199,1,47,154,57,11,96,39.8
4808,0,46,172,71,20,99,40.4
7065,0,40,192,98,4,93,39.1
4438,1,45,160,61,13,102,40.1
7752,1,22,147,45,29,107,40.6
11849,1,23,166,66,17,93,40.2
12814,1,40,153,52,29,102,40.9
2208,0,23,171,72,6,84,39.4
13547,0,20,178,77,12,96,40.0
6140,0,64,184,89,16,102,40.3
13907,1,50,187,76,11,91,40.1
4472,0,78,179,80,21,100,40.5
8055,1,30,167,64,7,91,39.5
7189,1,76,162,65,10,94,39.8
7022,0,26,175,72,22,96,40.7
3958,1,32,166,66,14,89,39.9
14728,0,22,177,79,16,91,40.4
7342,1,25,167,64,13,103,40.1
5757,1,39,155,54,29,114,41.0
2232,0,33,183,85,18,99,40.5
9458,1,43,161,63,11,90,40.0
10122,0,20,173,75,9,93,39.9
1791,0,28,186,78,19,91,40.2
2901,0,41,178,79,19,104,40.2
14721,0,44,198,98,28,106,40.8
7570,0,33,184,81,13,91,40.0
6027,0,47,201,108,29,105,41.0
5068,1,75,161,63,25,105,40.5
1184,1,46,174,72,11,92,39.7
7179,1,31,161,58,29,110,40.8
13022,1,40,166,63,10,86,39.7
8353,1,44,176,71,3,85,38.7
10319,1,59,168,62,24,93,40.6
9491,0,58,165,66,22,98,40.9
9230,0,27,175,75,5,76,39.4
12045,1,63,169,68,3,87,38.5
13663,0,22,187,89,21,99,40.3
14463,0,38,173,77,3,91,38.8
11122,0,54,197,99,18,112,40.6
2849,0,56,179,79,1,87,37.5
14803,1,54,167,67,24,109,40.7
3250,0,71,178,80,9,90,39.7
8525,0,58,175,80,14,93,40.1
2094,0,25,174,76,5,88,39.4
10336,1,34,179,75,7,91,39.4
516,0,67,155,64,6,88,38.9
5608,1,23,161,67,26,95,40.8
2609,0,51,181,82,9,79,39.8
14005,1,50,165,68,27,105,41.0
14251,1,26,164,57,27,107,40.8
6178,1,39,156,59,13,94,40.2
4882,0,64,186,92,21,102,40.2
4052,0,76,193,98,16,95,40.2
2605,1,24,169,63,2,81,37.8
12990,1,60,165,61,3,92,38.5
5410,1,60,175,78,19,91,40.3
14478,0,32,196,99,12,96,39.9
910,1,37,170,71,26,105,40.9
1124,1,38,162,68,2,81,38.6
10168,1,37,178,73,24,107,40.2
9213,1,48,176,74,1,81,37.8
10605,0,56,175,78,29,110,40.8
3932,0,33,174,79,17,100,40.5
2781,0,79,180,82,21,103,40.2
7640,0,37,180,85,22,96,40.8
14164,1,22,164,69,3,81,38.0
10604,0,28,161,66,17,92,40.4
139,0,52,189,90,22,96,40.5
1904,0,73,184,82,27,104,40.7
14048,1,64,150,47,22,101,40.8
3062,1,43,173,69,22,102,40.6
532,0,62,195,99,18,97,40.3
10043,1,39,170,69,27,110,41.2
12296,0,77,205,109,12,81,40.0
12770,0,62,185,92,21,101,40.7
3693,0,59,172,80,16,102,40.0
12639,0,61,161,65,6,90,38.8
9,1,26,146,51,16,90,40.2
6138,1,20,168,60,28,101,41.3
10140,1,24,161,60,22,106,40.7
2785,1,67,161,57,18,94,40.3
2723,1,51,175,76,24,111,40.8
7863,0,34,182,87,14,101,39.9
8524,1,38,144,48,17,98,40.1
11743,1,30,164,60,18,96,40.6
6490,0,21,182,84,10,99,39.7
9412,1,23,179,71,18,102,40.6
3170,1,70,147,46,10,93,39.8
8463,1,36,171,64,9,90,39.8
2291,1,49,155,54,14,91,40.3
13910,0,49,185,85,18,99,40.2
7601,0,57,191,95,23,98,40.5
2680,1,67,186,76,27,107,40.6
3867,1,33,179,72,6,94,39.5
6929,0,67,170,75,23,107,40.7
7435,1,28,167,67,2,91,38.0
3386,0,51,171,76,6,89,39.2
14047,0,27,170,66,11,80,39.8
13133,1,31,166,63,19,99,40.5
11621,0,30,165,65,16,87,40.4
4651,1,33,163,63,12,93,39.9
13185,0,29,210,111,6,84,39.2
14038,1,40,147,44,23,91,40.7
12626,1,69,179,76,9,87,39.7
8035,1,36,139,47,29,112,41.2
4501,0,25,184,77,10,83,39.7
11976,0,29,185,87,14,97,40.1
2863,1,48,175,75,3,76,38.9
2087,1,33,156,56,6,89,39.4
10542,0,36,188,89,27,107,41.0
1464,0,51,217,118,4,85,39.1
14160,0,31,171,73,10,94,39.5
10561,0,21,180,74,7,83,39.5
2717,0,44,196,102,30,101,41.1
8718,0,37,190,95,29,116,40.6
3891,1,22,159,58,6,85,39.0
6612,1,33,166,61,29,107,40.5
13589,1,20,163,66,9,74,39.6
5433,0,52,174,81,19,106,40.7
65,0,45,175,79,27,104,40.6
1288,0,30,199,99,16,103,40.3
1825,1,26,163,62,15,97,40.2
4876,0,20,179,77,23,97,40.6
4816,0,22,182,82,27,106,40.4
10962,1,23,150,48,26,108,40.6
856,1,24,174,72,8,91,39.8
8749,0,44,178,74,26,112,40.3
1405,0,21,193,92,20,108,40.5
6200,1,40,164,67,19,102,40.6
5937,1,46,156,56,15,86,40.3
8058,0,38,189,90,22,109,40.7
1005,0,26,180,88,4,91,38.8
13707,0,32,192,90,13,94,40.3
8186,0,36,187,92,12,86,40.0
8427,1,23,159,59,8,91,39.9
14831,1,39,163,66,23,98,41.0
4630,1,21,188,78,21,91,41.0
5780,0,29,186,86,18,96,40.3
13945,1,21,180,67,19,100,40.3
9212,0,70,189,90,14,95,40.1
12811,0,50,193,94,11,83,39.7
8703,0,39,167,69,8,79,39.8
5785,0,27,190,95,19,101,40.6
1721,0,40,172,69,16,102,40.3
1886,1,64,148,50,28,112,40.8
13439,0,30,179,84,25,105,40.8
12153,1,70,172,73,23,102,40.8
5894,0,26,194,99,8,85,39.6
3856,1,40,164,64,15,93,40.3
9340,0,22,183,83,19,109,40.3
3790,1,34,156,52,11,87,39.9
10623,1,71,161,68,29,114,40.7
2515,0,30,181,80,2,89,38.3
12351,1,43,154,55,10,89,39.8
8040,1,25,162,62,15,92,40.1
1743,1,42,178,72,23,104,40.6
13158,1,26,173,70,13,89,40.3
496,1,39,164,58,25,106,40.6
637,1,33,170,61,3,83,38.7
9523,1,37,163,57,18,97,40.3
3581,0,55,189,93,14,98,40.2
13870,1,22,170,65,20,95,40.5
9840,0,44,185,87,10,89,39.7
9373,1,58,153,59,5,83,39.4
3129,0,31,190,87,19,94,40.4
10015,1,56,187,76,28,99,41.0
12715,0,55,156,62,9,86,39.6
1769,0,36,196,103,10,99,39.7
5851,1,23,159,54,15,98,40.1
10066,0,25,179,84,18,94,40.6
14945,1,51,156,55,19,108,40.3
14653,0,59,166,70,17,90,40.2
510,0,36,173,75,16,94,40.4
14320,1,48,154,56,12,97,39.9
2061,0,78,195,97,25,103,40.5
7319,1,52,181,73,4,78,39.0
5328,1,23,164,65,4,77,38.8
8648,0,27,202,104,17,92,40.3
1808,0,64,184,87,12,89,40.0
7678,0,27,190,85,5,86,39.3
1388,0,25,181,82,28,107,40.8
756,1,46,154,57,11,97,40.2
9257,0,50,169,75,20,106,40.7
12521,0,33,171,73,26,108,40.9
1265,1,69,163,62,19,94,40.3
11940,1,54,153,53,25,106,40.8
1819,1,26,144,44,15,88,40.2
8883,0,57,190,89,19,97,40.6
11031,1,42,175,69,5,83,39.3
13254,0,67,183,87,26,106,40.4
13729,1,43,157,61,7,88,39.1
3633,0,66,181,90,20,101,40.6
8693,0,36,181,87,19,105,40.4
6264,1,69,147,49,11,102,39.8
6980,1,38,150,50,1,81,37.9
12786,0,27,191,92,30,112,40.9
7987,1,46,161,60,22,96,40.5
7539,0,22,180,82,14,97,40.0
12615,0,27,189,93,30,104,40.7
5117,1,27,149,50,19,98,40.4
14743,1,29,169,70,16,99,40.2
14151,0,58,179,83,15,95,40.5
10844,0,64,183,90,22,93,40.7
14484,0,71,190,88,29,106,40.9
9700,0,36,188,86,23,108,40.6
8402,1,21,165,60,28,105,40.4
13779,0,38,207,106,25,93,40.9
6177,1,32,162,66,4,85,39.1
6479,0,23,197,97,30,106,41.1
8928,1,46,171,73,28,116,40.9
7466,1,34,171,69,26,96,40.8
1994,0,65,204,112,25,106,40.9
3393,1,40,172,59,8,83,39.3
8574,1,36,153,57,28,113,41.0
13427,1,27,148,50,24,96,40.7
13057,0,44,193,96,17,103,40.3
2841,1,27,157,55,15,101,40.5
11799,0,48,182,88,15,97,40.3
4812,0,24,172,72,5,87,39.1
4163,0,76,187,94,7,98,39.1
11868,1,28,173,71,12,94,39.9
3622,1,62,176,77,30,116,40.6
8129,1,20,165,65,7,83,39.3
903,0,23,180,73,26,105,41.1
7661,0,38,197,94,3,83,38.5
2974,0,58,187,90,29,107,41.0
9526,0,41,172,76,30,102,41.1
5438,1,22,170,70,27,107,40.5
572,1,20,170,65,3,76,38.2
3532,0,47,183,91,20,94,40.5
2691,0,42,186,89,13,89,40.2
5126,1,35,156,59,10,89,39.4
3156,1,22,169,68,16,94,40.3
13151,1,34,160,62,21,106,40.6
10225,0,45,197,107,4,80,39.2
8411,1,39,191,80,15,93,40.1
14505,1,50,170,71,15,97,40.1
5764,1,44,170,67,7,91,39.4
13769,1,23,162,61,15,90,40.1
13728,0,62,194,89,2,83,38.4
2659,0,76,196,97,13,90,40.0
1106,0,32,182,83,17,108,40.4
12120,0,59,194,93,28,105,40.7
10074,0,42,184,89,24,105,40.5
1624,1,26,156,56,20,98,40.1
14595,1,46,173,63,9,88,39.7
6099,1,34,160,62,8,88,39.8
14538,1,28,183,78,17,107,40.1
7081,0,37,177,82,3,75,38.5
9136,1,67,153,62,10,89,39.6
10560,0,20,178,81,25,103,40.7
3511,0,29,188,91,10,89,39.9
507,1,35,169,69,23,96,40.7
7498,0,31,167,67,24,107,40.5
5725,1,23,168,61,8,90,39.6
14925,1,51,173,74,24,101,40.3
2697,1,73,167,67,2,86,38.4
12263,1,79,163,60,3,81,39.0
7938,0,58,199,105,8,95,39.7
10538,0,70,190,97,4,88,39.2
5457,1,26,150,54,5,89,39.1
3534,0,37,178,81,28,112,40.8
6317,1,57,166,67,2,83,38.5
3910,0,21,178,79,15,98,40.0
1114,0,39,189,93,20,100,40.4
7775,1,63,177,72,20,97,40.3
8800,0,42,174,76,29,108,41.1
4505,1,56,150,51,6,88,39.3
1862,0,55,195,102,8,85,39.5
11580,0,59,181,88,21,97,40.8
5652,1,20,161,57,14,95,40.0
11593,0,25,196,92,3,83,38.5
14307,0,46,185,90,3,76,38.7
8420,1,44,167,67,21,97,40.3
12504,0,51,195,99,29,102,40.6
14654,0,51,171,79,27,107,40.9
2035,0,34,178,80,21,106,40.4
6572,1,58,152,53,28,99,41.3
13268,0,48,198,102,7,94,39.4
2632,1,73,146,50,30,110,40.8
8419,0,27,171,73,17,102,40.2
2271,1,72,169,71,29,105,41.0
4909,0,44,172,79,6,86,38.9
1584,1,63,171,70,12,87,39.8
11592,0,78,185,85,24,97,40.9
13996,0,30,183,87,20,91,40.4
5006,0,22,189,80,5,86,39.3
7307,1,29,168,61,14,87,40.4
4979,0,23,192,91,27,108,40.8
9192,0,51,182,85,16,93,40.5
5761,1,75,170,72,22,98,40.9
1093,1,31,162,63,22,100,40.9
4656,1,59,169,64,29,114,41.1
4959,1,28,157,57,8,85,39.9
2088,1,42,160,61,20,103,40.6
2426,1,25,164,60,21,107,40.5
13517,1,78,184,85,27,109,40.6
5853,1,24,186,76,9,92,39.7
14030,1,54,146,52,4,82,38.4
9910,0,47,196,100,4,83,38.7
14749,0,70,150,59,1,80,37.9
11816,1,78,157,63,17,97,40.2
11295,1,39,159,61,17,92,40.1
8770,0,20,199,105,21,99,40.5
1687,1,52,170,64,8,88,39.8
1633,1,77,173,77,7,82,39.4
14270,1,57,164,58,6,81,38.9
9602,0,36,174,72,9,87,39.8
1083,1,36,161,56,17,91,40.4
6204,0,29,193,91,7,87,39.1
13697,0,26,196,100,12,81,40.3
8959,1,29,165,64,8,97,39.9
302,0,74,205,112,6,83,39.0
14599,1,73,160,63,10,80,40.1
69,1,66,174,69,28,111,40.9
10117,0,47,190,95,21,99,40.5
9221,1,46,175,74,1,77,37.9
10751,0,74,185,89,7,86,39.4
923,0,63,179,82,16,86,40.2
10855,1,30,160,60,15,97,40.7
13986,1,26,178,77,10,98,39.7
2745,1,28,167,64,16,108,40.7
329,0,73,198,101,18,97,40.7
5540,0,23,200,95,18,92,40.6
8178,1,48,151,48,21,105,40.6
1922,1,50,177,73,6,88,39.3
7349,0,22,199,97,24,104,40.6
5507,1,54,150,54,17,98,40.3
13121,0,26,195,97,26,102,41.0
8348,0,52,203,104,7,91,39.4
1323,1,27,157,54,17,95,40.3
2608,1,44,160,59,26,106,40.6
11729,1,25,154,58,4,91,39.2
13620,1,49,153,51,26,105,40.7
6045,0,53,181,85,10,85,39.7
14052,0,34,184,78,19,97,40.5
5585,1,79,151,52,8,79,39.7
3429,0,65,187,98,29,108,41.3
14190,0,69,187,93,11,99,40.2
3666,0,30,177,79,15,96,39.9
7357,1,38,163,59,25,109,41.0
7753,1,24,187,76,25,98,40.9
3644,0,59,195,104,15,92,40.3
406,0,51,190,94,21,105,40.4
10947,0,25,164,67,4,78,39.0
7324,0,27,185,87,7,89,39.6
3808,1,62,173,73,13,85,40.0
3405,0,67,174,74,12,92,40.0
1782,0,56,190,95,5,82,39.0
10006,0,30,193,95,26,115,40.9
6890,0,62,192,89,5,85,39.1
14326,0,59,188,90,7,85,39.2
11144,0,21,182,81,24,112,40.6
629,1,47,172,66,20,103,40.7
349,1,69,162,59,11,95,39.6
14605,0,30,181,77,25,97,41.1
3484,1,75,176,73,13,95,40.3
6253,0,79,169,78,8,93,39.5
6328,1,20,166,61,10,99,39.6
243,0,63,200,105,15,102,40.3
4328,0,24,166,70,9,91,39.6
9448,1,35,179,74,26,116,40.7
7012,1,39,184,74,15,93,40.1
11719,0,54,194,103,27,98,41.1
6639,0,62,202,104,27,102,40.8
13405,0,30,175,80,11,96,39.7
6912,1,55,163,62,19,98,40.7
4797,1,69,172,70,6,85,39.2
9839,0,37,179,77,7,81,39.5
14610,0,21,177,75,9,85,39.3
7828,0,62,185,92,11,87,39.8
10573,1,57,151,51,6,86,39.2
3169,0,33,189,92,18,105,40.3
1639,0,29,175,76,22,109,40.4
7585,1,73,162,67,4,83,39.2
3162,1,24,166,64,3,93,38.6
5071,0,30,181,82,19,101,40.4
1780,0,49,187,86,11,90,39.8
2939,0,20,185,83,12,101,40.2
8553,0,29,179,79,18,96,40.6
8020,0,21,181,85,4,77,39.0
6496,1,27,158,58,3,80,38.7
5997,1,27,170,70,14,93,40.0
14010,0,33,188,87,9,85,39.8
10639,1,74,172,76,21,104,40.5
5254,0,43,193,96,26,110,40.9
7571,0,21,182,85,15,93,40.6
9604,0,23,180,82,17,98,40.2
5816,0,20,185,91,17,96,40.3
13401,1,55,161,61,23,110,40.7
14334,1,31,161,59,21,100,40.7
13374,1,55,171,67,20,95,40.3
3009,0,78,180,87,20,102,40.4
2227,0,49,178,85,15,91,40.1
8306,0,53,175,73,14,94,40.0
4836,1,36,175,67,23,103,40.7
8902,0,65,193,96,16,87,40.4
3038,1,32,173,63,2,84,38.3
6859,1,51,163,65,26,114,40.8
2934,1,38,163,63,19,105,40.5
3970,0,71,191,94,19,101,40.5
1307,0,48,197,107,24,103,40.6
12714,0,47,193,99,20,99,40.6
1768,1,60,158,59,4,77,38.6
11444,0,27,185,88,14,103,40.0
5568,0,21,185,79,9,86,39.8
7122,1,30,144,47,21,99,40.6
7745,0,45,192,93,18,109,40.5
8132,0,21,169,69,25,102,40.5
6611,1,64,169,64,11,94,39.9
5908,0,46,182,89,15,98,40.6
5645,0,21,187,83,3,87,38.6
6545,1,47,164,60,5,86,39.1
10492,1,27,161,60,12,93,40.0
4429,1,63,159,59,29,106,40.8
5383,1,28,176,69,13,99,40.0
225,0,31,186,85,28,106,40.8
14680,1,44,152,50,22,115,40.8
5260,0,20,197,90,24,99,40.5
6782,1,61,155,58,26,115,40.6
1651,1,28,163,63,23,106,40.7
898,0,76,177,84,7,84,39.1
8550,1,24,159,62,24,109,40.7
6417,1,45,140,50,10,87,39.8
9616,0,23,176,79,13,98,40.2
9057,0,20,191,93,8,91,39.5
5562,0,36,198,101,8,89,39.8
6186,0,20,178,80,15,100,40.3
10657,0,20,181,77,18,94,40.2
12799,0,59,193,97,12,92,39.7
8156,0,53,173,75,18,93,40.5
11105,0,27,207,100,8,88,39.7
14229,0,35,198,99,10,101,40.1
4076,0,34,194,96,25,111,41.2
1174,0,34,196,98,14,88,40.4
12211,0,76,186,92,25,100,40.8
1435,1,44,174,72,19,102,40.3
5551,1,46,167,66,8,85,39.9
8119,0,48,182,88,17,102,40.4
6622,0,32,202,108,18,97,40.3
8546,0,22,183,85,10,89,39.9
915,1,31,157,56,3,84,39.1
4807,1,21,169,61,22,103,40.6
14360,1,63,149,50,18,100,40.5
11380,1,28,155,61,10,90,39.7
5367,0,23,165,69,14,101,40.5
12991,0,70,191,90,9,91,39.5
13645,1,77,166,65,20,105,40.3
13240,0,72,193,102,15,88,40.5
699,1,31,174,69,27,104,41.1
10489,0,72,178,80,28,113,41.1
10235,0,72,184,85,10,90,39.8
3422,0,26,191,96,8,92,39.7
13149,0,33,207,110,29,107,40.9
5123,1,30,170,64,11,87,39.7
4919,1,22,169,64,19,100,40.4
9203,0,71,189,90,7,93,39.7
5511,1,41,167,65,26,107,40.8
5682,1,38,166,64,12,89,39.8
5396,0,50,196,97,20,92,40.4
7507,1,29,158,51,28,114,40.8
14877,0,67,180,88,13,96,40.0
2721,0,35,174,78,7,98,39.4
3565,0,56,183,86,19,103,40.3
13301,1,73,160,59,9,87,39.7
13993,0,38,185,83,26,106,40.7
6472,0,67,167,70,29,109,41.2
13292,0,60,183,88,11,87,39.5
2656,1,21,182,77,19,102,40.4
2159,0,55,181,87,1,75,37.8
5102,1,24,175,74,17,88,40.5
8454,1,59,157,57,26,101,40.6
6519,0,43,197,94,18,93,40.4
14427,0,58,188,90,6,81,39.0
4626,0,77,181,85,7,85,39.5
5082,0,37,192,95,29,119,40.7
13716,0,57,193,97,8,85,39.4
189,1,58,165,68,6,88,39.4
13806,0,43,214,124,17,103,40.7
13345,1,47,157,59,3,89,38.5
8955,1,33,169,64,3,83,38.7
766,0,28,192,94,10,85,39.7
1822,0,30,181,79,10,95,40.1
1941,1,20,155,51,11,86,39.9
11755,0,20,178,81,20,98,40.5
12555,0,22,180,80,6,91,39.4
10085,1,25,153,50,9,89,39.8
1729,0,53,179,78,20,93,40.8
7493,0,77,166,66,25,109,40.4
9484,1,68,154,57,22,92,40.9
3172,1,34,176,70,22,90,40.5
358,1,47,172,69,21,97,40.6
4087,0,34,189,93,26,98,40.8
3641,0,23,154,60,9,90,39.5
11746,0,38,179,81,16,93,40.3
7531,0,37,191,95,14,91,39.8
2340,0,67,189,97,22,103,40.7
4425,1,40,181,79,20,97,40.5
13284,0,75,201,109,14,94,40.2
13500,1,33,176,68,11,94,39.7
5624,1,38,156,52,25,100,40.6
13372,1,44,160,64,23,105,41.0
10975,1,25,162,56,2,82,38.0
2230,0,35,176,81,21,107,40.3
9578,1,73,164,68,17,92,40.2
14428,0,27,187,87,17,95,40.3
14819,1,21,140,45,22,96,40.9
2156,1,39,169,66,8,90,39.6
10490,0,46,181,89,23,107,40.9
4782,0,60,179,82,5,95,39.1
5357,1,24,162,61,23,98,40.9
13804,0,20,192,92,10,85,39.8
11906,1,29,162,66,7,94,39.5
2884,0,24,191,91,26,107,40.6
12264,1,21,148,47,25,100,40.8
5501,1,40,171,72,23,102,40.9
4788,0,35,183,86,17,95,40.3
2795,1,28,159,62,7,89,39.0
726,0,20,172,76,19,106,40.3
14660,0,21,176,75,17,88,40.0
11649,0,27,180,86,26,110,40.6
13202,0,62,177,83,7,83,39.4
5549,1,28,159,55,24,106,41.0
4146,0,24,190,92,14,92,39.9
6337,0,22,187,89,16,96,40.1
10996,0,70,202,102,19,106,40.6
11234,0,74,191,94,9,90,40.1
12348,0,55,177,79,17,89,40.3
14110,1,36,173,73,25,113,40.8
673,1,57,157,57,18,91,40.1
14209,1,62,158,55,10,79,40.0
752,1,35,161,62,15,102,40.3
11597,0,58,180,79,8,82,39.5
3137,0,74,184,94,29,109,41.0
1027,0,59,178,86,22,99,40.3
8133,1,27,156,52,7,85,39.2
13187,0,44,196,92,27,112,40.7
3018,0,35,192,94,4,84,38.8
8994,0,22,188,90,20,96,40.5
387,0,40,192,98,24,99,40.4
5369,0,31,203,111,27,110,41.1
3598,1,46,181,75,11,88,39.7
11469,0,62,189,95,6,88,39.3
12088,0,30,179,82,20,102,40.4
11624,0,62,187,92,29,109,40.8
7962,0,71,180,89,6,96,39.2
8844,0,27,185,90,20,103,40.3
5989,1,70,172,77,16,87,40.0
14206,1,40,149,54,20,104,40.3
566,0,76,189,99,12,96,40.2
9344,0,59,142,54,15,99,40.2
601,1,21,144,47,2,77,38.1
9208,1,29,169,64,12,92,39.6
2334,1,33,157,64,9,85,40.0
12157,1,37,169,73,15,90,40.0
10507,0,32,193,98,28,112,40.6
14398,0,44,198,100,12,98,39.9
9143,1,45,156,56,25,105,40.7
6345,0,22,172,75,25,106,40.8
14506,1,51,170,71,2,86,38.3
126,1,44,143,49,17,92,40.2
13734,0,26,194,90,5,84,39.2
9159,0,41,200,104,9,89,39.5
320,1,39,167,71,27,118,41.1
6154,0,28,202,99,15,88,39.9
11636,0,22,192,94,22,111,40.6
6013,0,32,170,70,3,79,38.7
9795,1,29,160,58,6,80,39.5
8857,0,30,182,88,4,78,39.1
2856,1,30,148,52,7,88,39.2
3933,1,24,181,70,5,80,39.3
11712,0,29,178,81,23,101,40.8
5453,0,28,199,94,11,94,39.9
9630,1,60,155,54,16,99,40.5
9524,1,22,149,48,27,111,40.9
6353,0,61,160,66,18,107,40.3
10762,1,42,169,64,7,88,39.4
12672,0,39,185,85,2,90,38.3
7331,1,42,174,72,18,97,40.4
13841,0,37,196,98,6,87,39.3
2829,1,56,173,71,26,94,40.6
2048,0,52,175,82,9,91,39.6
10930,0,56,185,91,18,102,40.4
6707,1,27,164,57,18,101,40.5
10058,1,73,163,68,1,80,38.0
14254,0,28,174,81,14,95,40.1
8950,1,47,175,69,29,117,41.1
14,0,53,182,85,2,82,38.1
3280,1,56,179,76,6,84,39.4
8415,0,35,179,86,25,109,40.9
813,1,29,147,48,17,98,40.6
11694,0,42,174,73,13,93,40.4
796,0,38,177,77,26,113,41.1
6033,1,43,164,61,12,94,39.8
2242,1,38,157,60,28,109,40.7
3645,0,27,197,100,29,111,40.9
12182,0,39,189,90,27,101,40.8
4040,1,49,173,70,4,94,39.1
14760,1,59,179,77,13,97,39.8
6790,0,68,187,90,14,90,40.2
6740,1,22,171,65,13,93,40.3
6945,1,47,156,56,7,88,39.7
7902,1,28,166,63,22,114,40.0
6218,1,32,167,68,13,96,40.0
2237,1,51,169,70,28,106,40.7
13694,1,42,175,67,6,83,39.1
14195,0,78,191,91,24,98,40.6
5955,0,60,188,94,10,92,39.8
5978,1,55,158,56,18,105,40.2
5414,0,44,200,106,15,92,40.5
11293,1,66,156,54,9,77,39.5
9916,1,26,167,65,19,98,40.6
13019,1,29,143,45,17,92,40.4
14904,0,61,192,92,24,100,40.9
12776,1,35,151,55,25,105,40.5
9836,0,65,186,88,20,101,40.3
14930,0,29,185,84,27,109,40.9
8200,0,46,187,89,29,105,40.8
13313,1,22,160,63,7,89,39.4
4406,1,24,169,65,8,95,39.5
1883,0,57,180,87,19,90,40.2
5133,1,37,163,59,8,92,39.7
13871,0,75,178,76,29,120,40.8
3549,0,59,188,98,13,96,40.4
2357,0,20,196,95,10,89,40.0
12524,1,79,163,68,23,103,40.6
14701,0,66,198,97,10,85,39.8
10924,1,37,174,72,4,83,39.2
11768,1,76,167,65,10,83,39.9
13653,1,41,186,81,10,95,39.3
7607,1,38,153,53,6,87,39.5
3426,1,42,173,66,2,84,38.5
10977,0,51,182,88,8,85,39.6
990,0,57,175,76,28,109,40.6
6188,1,39,165,64,29,96,40.8
12513,1,45,157,60,22,106,40.9
14663,1,58,173,71,2,74,38.2
14722,0,46,185,87,2,84,38.7
7544,0,25,180,83,17,95,41.0
8198,1,68,159,59,5,87,39.4
12333,1,74,163,57,26,102,40.7
104,0,50,190,96,3,80,38.3
3295,1,26,175,71,7,90,39.5
3274,1,64,174,72,28,108,40.9
4307,0,37,173,79,26,107,40.8
176,0,31,179,77,24,97,40.8
14586,0,42,164,71,15,95,39.9
2044,0,60,173,79,26,98,40.7
5916,0,50,191,89,22,90,40.3
14159,1,24,180,75,20,105,40.3
5434,0,26,174,80,11,83,39.7
13764,0,35,190,86,8,93,39.5
10482,1,25,157,56,24,104,40.4
8296,1,39,158,54,26,94,40.7
12769,0,71,186,91,16,95,40.1
12952,1,30,162,63,28,105,40.9
12388,1,24,157,56,25,107,40.8
2543,1,29,179,73,27,107,40.7
11841,0,22,195,88,28,106,40.8
2792,1,33,174,72,20,98,40.6
404,0,26,182,83,27,107,41.0
2770,1,27,159,54,12,97,40.4
4684,1,37,154,55,6,92,39.1
2625,1,32,164,62,25,100,40.3
8094,1,36,175,70,18,98,40.2
6358,1,26,165,62,20,102,40.4
6172,0,35,178,80,11,90,39.8
1488,0,66,189,92,26,102,40.7
10965,1,64,156,56,5,81,38.9
7370,1,27,162,64,3,85,38.6
9611,1,22,172,70,23,95,40.6
3102,0,31,192,92,4,93,39.1
13450,0,37,187,91,27,110,40.6
2368,0,67,186,93,9,86,39.7
12049,0,61,184,91,13,91,40.0
2029,0,36,200,100,7,85,39.5
2695,1,37,152,56,3,80,38.9
4290,1,40,171,65,20,101,40.7
13203,1,55,159,60,16,96,40.2
10741,1,38,159,59,2,81,38.1
9227,0,24,180,80,13,100,39.8
3116,0,30,193,89,25,113,40.7
9945,0,21,197,97,19,96,40.3
13970,0,61,178,80,28,111,41.0
10042,0,52,199,99,5,93,39.0
13762,1,64,169,72,19,98,40.6
11146,1,77,163,65,14,89,40.5
9880,1,36,181,79,22,106,40.9
2911,1,38,153,59,14,99,40.4
13754,1,20,160,60,24,100,40.7
8257,1,26,176,73,24,104,40.5
7727,1,31,162,57,8,86,39.6
8491,1,41,158,59,20,98,40.6
3368,1,33,173,63,3,82,38.7
7774,1,30,126,39,25,104,40.7
12481,1,25,150,51,26,104,40.7
232,0,45,195,99,2,83,37.9
11104,0,40,191,91,29,108,41.0
1095,1,22,171,63,14,101,40.3
4383,0,28,185,86,23,107,40.5
8233,1,66,153,55,26,111,40.7
2198,1,28,170,70,11,86,40.1
14881,1,28,164,67,17,97,40.2
4932,0,79,190,94,27,106,40.7
6243,0,48,177,82,30,99,40.5
2474,1,30,179,70,2,72,38.3
9707,0,47,184,90,11,91,39.6
4734,0,71,175,77,2,80,38.2
9924,1,47,147,44,20,91,40.5
2833,0,32,175,74,26,93,40.7
6102,0,35,200,97,5,92,39.1
5762,1,79,165,59,14,100,39.8
4333,0,29,186,87,23,104,40.6
10566,0,21,180,81,9,91,39.5
9778,1,21,175,68,5,85,39.0
9629,1,55,176,76,19,102,40.4
10435,0,32,179,84,24,116,40.7
5847,0,58,176,81,23,98,40.4
3529,0,22,188,92,11,96,39.6
6432,0,26,184,83,23,107,40.5
11572,0,40,182,81,30,103,41.4
3464,1,21,150,51,21,97,40.2
3745,0,39,181,81,3,77,37.9
12875,1,68,174,74,22,109,40.9
11330,0,31,187,91,14,96,40.4
1384,0,28,189,89,29,107,40.8
7497,1,65,178,82,2,79,38.1
8251,1,55,191,84,9,89,39.3
7984,0,42,185,85,24,112,40.6
12759,1,55,164,62,5,86,39.4
9959,1,26,157,62,17,88,40.3
3669,0,28,178,78,14,90,40.1
1403,0,55,187,88,4,82,39.1
14115,1,62,167,64,3,86,38.8
3660,0,72,188,88,20,96,40.7
7885,1,30,146,52,13,95,39.9
12632,0,28,194,97,20,103,41.0
13844,1,23,184,72,15,96,40.5
1132,0,42,196,101,17,87,40.1
8573,1,22,148,48,29,106,40.9
833,0,66,188,98,26,114,40.7
751,0,20,173,73,25,99,40.7
1329,1,71,176,71,7,87,39.4
14497,0,22,196,101,14,103,39.9
14815,0,26,183,79,13,99,40.1
11391,1,66,152,54,9,88,39.4
3142,0,61,171,78,17,102,40.4
13499,1,38,165,61,20,99,40.5
14774,0,34,189,94,23,99,40.7
7470,1,62,185,85,16,98,40.3
8807,0,22,190,94,26,108,40.6
14200,1,50,174,68,17,93,40.2
3835,1,25,169,68,14,88,40.1
9580,0,67,161,67,10,78,39.6
5820,1,70,161,63,10,87,39.6
9104,0,45,191,91,14,94,39.9
11225,0,32,189,95,29,110,41.0
8289,1,39,151,56,17,107,40.2
5964,0,20,181,81,24,109,40.7
4696,1,22,162,56,2,82,38.2
8258,0,50,174,76,25,107,40.9
13705,0,54,188,87,21,104,40.3
6647,0,65,187,90,6,90,39.0
13840,1,64,181,76,13,90,40.0
12480,0,31,188,88,24,99,40.6
2875,1,47,176,77,15,87,39.8
11066,0,27,172,71,29,109,40.6
9919,1,41,164,61,10,85,39.6
5276,0,36,193,98,11,93,39.8
4452,1,37,164,67,19,89,40.1
9675,1,33,172,67,2,84,38.5
13205,1,41,167,67,22,104,40.4
13389,1,23,178,70,3,84,38.3
5563,1,22,168,61,27,105,40.6
14321,0,44,189,88,4,85,39.0
12597,1,42,153,56,19,102,40.5
11645,0,45,179,78,10,90,39.8
4697,1,38,169,70,1,82,37.8
7452,0,52,185,92,7,94,39.5
10233,0,76,176,80,18,99,40.6
7501,1,20,177,69,5,88,38.8
4951,1,46,169,72,4,86,38.6
4440,1,42,161,64,2,85,38.2
9656,0,46,189,98,14,100,40.3
3139,0,41,182,79,5,86,39.1
6882,1,28,172,73,22,99,40.5
14007,1,32,173,68,4,84,39.2
3508,0,78,181,85,29,107,40.6
12276,0,60,181,89,1,88,38.2
308,0,31,184,89,15,105,39.9
6030,0,59,194,92,19,103,40.4
5825,0,38,178,77,9,88,39.3
7144,1,26,167,61,16,101,39.9
730,1,25,159,57,15,99,40.2
13311,0,20,198,100,10,88,39.8
13266,1,79,168,68,24,108,40.5
10719,1,26,147,50,16,91,40.3
7559,0,63,174,76,11,90,40.0
8961,1,65,150,54,11,87,40.0
6359,0,47,197,106,23,96,40.8
4989,0,47,196,105,26,102,40.6
5073,1,74,164,67,6,84,39.4
4913,0,79,177,83,13,88,40.5
2022,0,55,194,100,11,92,39.4
7520,1,63,161,57,11,89,40.1
5355,0,26,182,88,15,94,40.2
4387,1,27,157,54,10,92,40.2
13530,0,63,186,87,18,92,40.1
3013,0,70,189,87,16,94,40.5
9921,1,41,170,68,22,95,40.5
14244,0,23,195,85,5,87,39.0
7802,1,41,160,58,21,103,40.7
11557,1,53,167,66,10,90,39.6
4637,1,49,166,63,25,108,40.3
5342,1,56,171,66,13,96,40.3
13668,1,65,155,58,17,95,40.5
7905,1,69,168,67,26,104,40.9
216,0,26,191,86,8,83,39.3
6493,0,22,205,107,4,90,38.6
4482,0,22,191,93,14,98,40.2
13971,1,32,156,56,9,88,39.5
2738,0,48,173,74,15,90,40.2
633,0,65,163,69,10,91,39.9
8365,0,23,186,88,3,79,38.6
3396,0,57,187,86,20,100,40.0
4950,1,62,166,67,3,84,39.1
8581,1,63,142,49,25,92,41.0
7657,1,64,147,51,22,108,40.4
7100,1,47,183,79,1,84,37.8
13464,1,41,174,72,29,115,40.9
11518,1,23,151,48,29,110,40.9
2134,0,49,178,81,21,97,40.8
6465,1,67,157,54,5,81,39.2
8592,1,31,157,61,26,115,40.7
4301,1,68,158,58,14,85,40.2
4849,1,60,157,54,7,87,39.7
5038,0,54,187,88,8,92,39.3
10666,0,38,175,83,20,97,40.3
9219,1,26,135,43,17,102,40.4
3471,1,46,155,57,26,112,40.9
12307,0,22,197,96,26,102,41.0
1697,0,38,181,82,24,101,40.9
11828,1,28,163,66,5,85,39.1
7989,1,30,159,56,13,98,40.0
2892,1,29,164,63,19,100,40.5
356,0,21,183,83,23,104,40.5
5520,0,76,208,112,6,88,39.4
13159,0,39,175,77,20,95,40.6
9504,0,78,175,79,15,105,40.1
11137,0,76,192,97,29,106,40.8
3493,0,33,174,74,24,111,40.9
1050,0,21,160,68,6,90,39.4
3096,1,32,170,68,1,76,37.7
2788,1,22,178,80,5,89,39.4
12791,1,22,176,74,19,97,40.8
3545,0,20,183,84,15,92,40.3
2294,0,37,186,84,16,95,40.2
200,1,30,168,62,6,76,39.4
11353,0,37,171,78,14,92,40.3
1204,1,22,180,77,5,78,39.0
1486,1,25,166,69,9,95,39.5
10589,1,70,180,78,18,97,40.4
12355,1,74,159,57,18,97,40.3
8028,1,67,171,70,10,86,39.8
7598,1,57,157,54,6,92,39.2
7608,1,20,158,56,21,105,40.1
14959,1,31,158,60,10,101,39.5
6311,0,27,189,95,15,91,40.0
9623,0,55,199,101,16,96,40.3
10394,0,44,177,83,10,88,39.6
6557,1,22,176,66,12,89,40.3
1865,1,20,178,70,5,81,39.5
14137,1,47,172,75,19,101,40.5
7317,1,65,164,62,30,109,40.9
10970,1,55,158,62,17,86,40.1
2251,0,67,191,90,24,104,40.9
9803,0,47,197,94,6,89,39.1
10840,0,29,187,88,3,81,38.6
2502,1,30,178,68,5,84,39.3
372,1,22,162,59,15,104,40.0
806,1,38,156,56,20,94,40.8
14012,1,33,175,70,20,99,40.4
4318,1,38,169,70,16,100,39.9
10920,1,78,167,67,3,84,38.3
11812,0,47,182,89,17,100,40.0
5754,0,30,184,85,17,95,40.2
14570,0,27,187,85,26,101,40.9
600,1,32,176,69,15,102,40.3
6460,1,40,176,74,7,92,39.7
9866,1,77,155,63,7,92,39.4
3854,1,28,171,68,17,107,40.1
14221,0,29,184,86,3,78,38.7
6894,1,77,163,65,11,90,39.8
3439,0,53,165,71,20,96,40.9
9808,0,38,195,100,21,105,40.7
12803,1,24,145,48,2,79,37.9
13344,0,79,173,77,19,106,40.4
4581,0,20,178,79,4,78,38.7
5004,0,63,185,87,12,93,39.8
13113,0,46,182,84,17,99,40.4
3354,1,33,163,62,17,92,40.5
1003,0,35,178,79,3,82,38.7
6596,0,24,194,95,7,84,39.4
13509,0,32,197,104,8,89,40.0
12042,1,24,169,67,27,105,40.5
12953,0,26,184,86,9,89,39.6
13050,1,38,170,59,26,115,40.8
8180,1,25,156,49,21,98,40.3
13782,0,56,186,85,5,86,38.9
8586,0,27,193,92,21,97,40.6
695,1,53,170,67,19,95,40.0
11547,1,78,151,53,14,102,40.2
12550,1,20,146,50,19,101,40.4
1872,0,24,174,80,12,99,40.1
14283,0,36,183,84,13,89,40.1
11210,0,29,182,79,29,100,40.7
3361,0,24,190,89,27,103,40.9
7057,1,27,159,59,12,93,39.8
11617,1,26,151,53,4,76,39.0
7715,1,76,172,68,12,96,40.2
9599,0,69,181,86,15,92,40.1
7258,1,79,160,62,18,97,40.2
4212,0,32,174,77,3,79,38.6
3995,1,74,150,56,9,90,39.6
11251,0,66,181,88,28,104,41.0
13384,0,48,174,79,22,103,40.7
11053,1,21,157,57,2,77,37.8
14892,1,40,170,68,21,99,40.8
14697,0,45,194,97,12,99,39.9
4891,0,52,185,86,26,98,40.7
14421,0,24,200,94,24,112,40.4
8910,1,57,170,66,10,92,39.4
3661,1,32,185,85,8,87,39.8
11987,0,48,178,85,16,88,40.5
3582,0,49,165,70,26,99,40.7
3152,1,27,160,61,16,99,40.3
5942,1,52,174,71,17,101,40.5
12183,0,20,184,83,3,74,38.9
3359,0,43,192,100,16,100,40.5
1973,1,53,171,68,24,102,41.1
1984,0,36,197,96,23,97,40.4
12734,1,22,161,53,21,107,40.4
9904,1,53,170,71,18,101,40.3
12387,0,73,184,85,17,101,40.6
6258,0,65,179,77,8,92,39.5
11579,1,47,164,68,10,90,39.8
1692,0,48,199,103,15,96,40.3
11335,0,20,182,85,3,81,38.6
5428,1,36,151,52,28,112,40.9
3028,1,26,160,56,18,104,40.0
11219,1,25,175,72,10,83,39.3
9383,0,47,192,93,25,94,40.9
12883,1,79,160,59,26,111,40.5
7143,0,20,192,86,1,81,38.1
8228,1,41,155,55,17,92,40.5
7737,1,22,175,69,15,97,40.3
7140,0,40,178,75,2,81,38.1
7833,0,22,192,92,14,93,40.5
12411,1,55,160,62,18,107,40.3
13637,0,36,172,72,7,86,39.4
5798,0,36,177,76,24,98,40.7
10952,1,46,163,58,20,103,40.2
8557,1,39,175,70,29,110,41.1
284,0,60,184,86,27,105,41.0
4583,0,55,184,92,17,97,40.5
14756,0,31,208,104,3,83,38.7
7095,1,66,185,76,11,94,39.9
14568,0,58,187,87,1,80,37.7
1981,0,37,172,77,22,105,40.5
13837,1,75,169,65,7,83,39.3
10495,0,43,185,91,16,97,40.5
13170,1,51,157,56,25,101,40.8
568,0,23,195,98,14,94,40.2
345,0,22,191,88,10,90,39.7
13216,0,30,198,106,5,75,39.3
13674,1,33,149,48,2,81,38.5
10357,0,45,196,98,9,91,40.0
9614,0,33,188,84,18,103,40.7
6663,1,24,159,56,23,112,40.5
6085,1,32,171,70,29,104,40.8
2016,0,59,169,76,8,78,39.4
6758,1,58,165,67,6,91,39.6
5184,1,66,145,49,18,104,40.2
9109,0,43,195,95,8,83,39.3
7486,1,41,172,67,1,77,38.5
14883,0,70,184,93,7,86,39.2
3618,1,25,153,58,20,102,40.4
13598,1,23,151,49,13,98,40.0
3568,1,77,184,81,27,105,40.8
2260,1,59,172,70,2,96,38.6
12818,1,58,156,62,13,94,40.2
4936,0,74,212,115,23,109,40.5
10512,0,56,179,83,29,110,40.9
3643,1,25,174,74,9,85,39.6
2469,0,24,194,93,9,92,39.4
11896,0,61,157,59,21,97,40.3
14293,0,45,184,85,10,90,39.8
7257,1,79,155,51,27,98,41.3
2506,0,51,184,92,3,80,38.5
5579,1,46,135,47,22,109,40.5
3797,1,35,172,72,28,106,40.8
4635,1,39,174,71,2,88,38.3
4790,1,40,179,75,26,101,41.2
1514,0,34,181,79,19,100,40.3
7063,1,77,157,59,23,107,40.5
13796,1,23,158,55,16,111,40.6
11717,1,52,158,61,14,99,40.2
11522,1,45,173,66,5,79,39.3
6205,0,36,195,96,9,97,39.9
1823,1,27,167,63,15,104,40.2
4875,1,56,153,52,16,97,40.4
9377,0,26,176,84,15,92,40.2
2736,0,30,180,80,5,89,39.4
14040,0,63,167,67,24,100,40.7
2222,1,60,166,66,22,111,40.6
2468,0,20,190,83,4,86,38.8
1567,1,38,156,56,19,93,40.3
8366,1,36,177,80,8,95,39.7
5949,0,43,180,81,30,113,40.7
13577,1,66,158,57,8,90,39.5
7383,1,38,177,72,9,88,39.8
10660,0,23,177,74,24,113,40.6
7630,0,63,171,75,22,107,40.6
10187,0,58,180,83,30,105,41.2
9724,1,28,158,58,27,105,40.7
10679,0,21,189,82,28,111,40.6
8059,1,28,169,64,13,94,39.8
408,1,34,179,74,25,101,40.9
9831,0,63,190,94,21,95,40.7
13624,1,57,172,69,24,106,40.7
4873,0,64,171,77,6,80,39.3
10699,0,42,206,104,29,113,40.8
4130,1,25,180,77,7,86,39.8
542,1,46,170,73,20,105,40.7
9756,0,36,187,93,29,111,41.0
5093,0,44,183,89,14,88,39.7
7437,0,77,182,88,20,100,40.6
10496,0,31,203,110,7,84,39.4
8128,1,46,162,59,20,99,40.4
10610,0,43,187,98,25,97,40.7
80,0,62,197,101,17,103,40.3
12266,0,36,168,77,19,106,40.7
1909,0,67,212,124,16,87,40.1
11887,1,23,162,61,24,102,40.5
410,1,21,147,45,23,100,40.6
5690,1,24,162,59,27,109,41.0
4592,1,24,154,57,2,79,38.1
7784,1,71,159,60,11,96,39.9
4824,1,21,184,72,18,98,40.2
5747,1,43,147,51,19,97,40.1
14789,0,52,183,87,9,94,39.5
7165,1,27,173,71,21,89,40.8
5259,0,25,193,93,23,94,40.6
10685,1,27,157,54,17,96,40.2
6936,1,51,165,70,25,102,40.7
8002,0,46,172,75,18,94,40.3
11662,1,30,173,75,14,86,40.3
13239,0,71,202,111,7,85,39.5
10212,0,79,184,87,27,111,40.6
11173,1,22,169,60,22,97,40.6
9873,0,46,185,88,28,112,40.7
9454,1,34,167,68,30,105,40.7
12278,0,28,184,85,7,89,39.6
7472,0,28,175,74,23,107,40.7
13809,1,22,160,60,25,102,40.9
3698,0,21,181,79,11,88,39.9
3543,1,52,172,72,11,98,39.9
5104,1,44,177,76,28,109,41.3
14897,1,35,169,67,4,83,38.6
10152,0,47,183,81,5,77,39.3
6419,0,37,191,85,23,101,40.3
1046,1,46,159,59,28,109,41.0
14114,0,23,190,85,6,86,39.3
2594,0,55,192,98,28,111,41.1
7551,1,40,164,62,17,98,40.2
11407,1,29,165,64,5,76,39.2
3683,1,30,168,68,13,97,39.7
3962,1,25,166,65,6,89,39.2
8473,1,66,154,56,23,106,40.8
8262,1,22,174,73,20,103,40.4
1359,1,47,173,76,12,97,40.2
1654,1,36,157,54,26,105,40.6
3389,0,58,186,90,20,103,40.6
10949,0,77,190,96,28,103,41.0
9154,0,31,176,77,16,101,40.3
7330,0,34,181,87,27,102,40.7
6182,0,40,180,81,9,85,39.9
10575,1,68,166,65,18,93,40.6
8092,1,31,153,60,26,100,40.7
1517,0,21,189,83,26,99,40.8
9847,0,46,187,84,18,90,40.6
14438,0,21,204,98,16,94,40.1
10780,1,46,151,57,11,97,39.9
3353,0,28,186,83,26,106,41.0
7780,1,28,172,72,4,82,39.5
10129,0,40,184,88,21,103,40.7
2932,0,26,181,78,16,98,40.2
7453,1,30,165,60,11,90,40.0
12527,0,79,194,103,21,96,40.9
12150,1,29,153,54,4,77,39.1
9197,0,76,190,94,7,90,39.0
12845,1,70,181,81,12,85,40.0
3939,0,76,182,89,15,96,40.4
4881,0,25,175,75,9,86,39.7
11399,0,38,177,79,21,99,40.6
6347,0,54,166,73,17,100,40.2
7174,0,27,200,97,12,98,40.2
6862,0,70,171,79,13,94,39.9
3732,1,25,158,55,3,76,38.4
843,0,40,181,91,29,111,41.0
8047,1,27,177,68,17,100,40.3
1786,0,24,190,92,13,91,40.0
13727,0,46,195,96,29,107,40.6
6194,1,33,151,56,16,101,40.0
6386,1,79,164,66,18,96,40.1
10649,1,39,158,59,24,97,40.7
6712,1,20,176,69,26,113,40.8
9902,0,57,182,86,10,95,39.8
217,0,31,203,105,29,113,40.8
1555,1,48,160,62,29,110,40.6
13237,1,43,157,56,20,99,40.6
6006,1,35,170,63,16,98,40.5
47,1,24,171,66,24,105,40.6
14992,0,27,170,70,13,92,40.1
13750,1,68,175,75,10,85,39.9
6737,1,26,166,60,28,107,41.1
12433,0,33,193,93,20,101,40.6
11853,1,36,176,74,27,102,40.8
11570,1,65,176,72,2,72,37.9
12576,0,43,177,77,7,80,39.4
11297,0,37,184,86,6,85,39.2
1366,1,71,176,73,5,85,38.9
7933,0,22,189,89,13,91,40.2
9540,0,50,187,90,16,99,40.1
4655,1,40,149,54,15,93,40.0
3816,1,27,193,87,12,97,39.9
13143,0,61,168,73,11,87,39.8
8250,1,29,170,68,8,87,39.7
10130,0,27,191,87,11,90,40.0
4463,0,49,188,85,22,106,40.8
12508,1,29,175,72,5,75,39.1
5326,1,42,165,60,7,81,39.3
6375,1,55,162,64,28,111,40.7
3556,0,53,194,90,24,108,40.8
7957,0,39,171,76,26,106,40.4
7595,1,42,166,69,21,103,40.7
7008,0,28,192,94,18,94,40.1
146,0,60,182,90,11,90,40.2
7526,0,25,200,100,1,89,37.7
11487,1,41,164,63,11,87,40.2
4543,1,63,177,78,3,73,38.6
4179,0,50,176,82,5,86,39.2
3731,0,71,199,104,22,105,40.7
8435,0,45,179,78,24,114,40.6
11788,1,77,172,72,14,96,40.2
13247,1,36,181,76,6,83,38.8
10483,0,26,185,86,3,83,38.8
12896,1,54,169,72,20,107,40.9
12149,0,31,202,97,12,99,39.6
6914,1,40,154,57,23,103,40.5
9268,1,56,165,66,2,80,38.2
9157,0,48,192,94,6,85,39.1
11602,0,31,167,66,8,88,39.6
14051,0,46,196,101,16,95,40.3
8517,0,64,188,93,18,102,40.2
11548,0,23,181,85,19,93,40.4
8373,1,40,158,59,10,89,40.0
794,1,71,165,67,19,91,40.3
10823,1,28,169,65,23,96,40.7
4671,1,69,167,63,14,98,40.2
11532,1,38,159,64,21,104,40.3
2938,0,54,187,88,23,101,40.9
3968,1,68,141,48,2,85,38.2
1131,1,27,154,53,2,79,38.5
8711,1,40,173,68,11,93,40.1
14272,0,39,184,89,7,90,39.5
3526,0,60,173,82,2,81,37.7
12869,1,47,152,54,17,104,40.3
4399,1,28,160,53,15,105,39.9
9297,1,25,166,63,17,97,40.2
12801,1,68,166,64,3,77,38.3
12404,1,64,161,65,12,96,39.9
8177,1,29,152,53,7,87,38.9
8977,0,69,186,83,29,114,40.9
2135,0,25,194,93,2,69,37.9
211,1,36,163,67,27,97,40.7
4137,1,44,156,55,29,107,40.9
1356,0,65,170,75,28,99,40.6
666,0,42,167,76,29,108,40.6
13386,1,62,171,66,23,103,40.4
7567,0,46,179,79,17,106,40.4
14289,0,33,183,81,20,90,40.3
6831,1,69,174,75,29,109,41.0
3263,1,39,180,77,19,105,40.3
1481,1,51,163,59,24,107,40.4
10245,1,39,160,63,7,87,39.5
10665,0,32,174,70,3,92,38.7
2067,0,73,185,88,10,92,39.7
6714,1,66,180,76,26,114,40.7
6608,1,54,165,66,12,86,40.1
10551,1,72,165,68,5,84,39.0
10002,0,26,185,83,13,100,40.0
7428,1,59,163,63,20,95,40.6
7995,1,63,170,70,20,97,40.6
12927,1,33,150,53,19,106,40.4
2701,0,52,179,87,7,84,39.5
8328,1,76,138,45,23,95,40.7
116,1,29,180,76,12,97,39.9
10059,0,31,181,83,4,81,38.6
10700,0,42,176,82,6,77,39.0
13466,1,35,172,65,19,97,40.7
8812,1,21,160,57,18,97,40.2
14454,0,26,184,90,26,101,40.8
9183,1,25,171,66,9,86,40.3
10048,0,57,195,100,24,101,40.9
6492,1,38,160,60,12,99,40.3
6947,0,39,187,87,25,114,40.7
11217,1,32,163,65,24,93,40.6
14583,0,58,179,78,21,99,40.7
10726,1,32,160,59,15,97,40.2
9715,0,45,199,94,22,100,40.5
8903,1,70,166,64,23,106,40.3
13581,1,29,173,71,17,89,40.4
10644,0,64,180,82,12,96,40.4
4525,0,67,180,88,15,100,40.2
1476,0,72,193,93,2,88,38.0
378,1,26,174,67,6,84,39.4
8914,0,46,168,72,18,89,40.4
4613,1,73,150,50,27,111,41.0
11112,0,49,202,102,20,103,40.4
6189,1,71,163,66,17,96,40.0
419,0,75,186,84,29,107,41.1
3756,1,32,157,60,21,97,40.5
10217,0,27,196,98,17,96,40.4
6610,0,22,192,99,19,99,40.5
583,0,22,186,76,6,82,39.5
14302,0,48,179,77,12,100,40.0
7946,1,34,147,52,27,113,40.7
7757,1,30,163,60,30,112,41.2
10684,0,54,167,66,2,84,38.1
14886,0,55,175,81,20,106,40.9
14161,1,41,181,70,2,76,38.7
7457,0,42,177,77,14,99,40.3
10136,0,76,177,78,8,96,39.3
11049,0,48,181,85,22,103,41.0
2737,0,68,170,74,14,90,39.9
4479,0,22,196,97,14,94,40.0
8949,1,37,163,62,26,101,40.7
9177,1,50,173,72,8,89,39.7
4984,1,79,167,61,5,82,38.8
10992,0,26,187,91,7,92,39.5
6117,1,54,175,71,17,90,40.3
9743,0,55,182,83,22,100,40.7
11932,1,66,140,48,15,90,40.3
9845,1,36,166,64,22,106,40.6
306,1,26,161,54,13,94,40.3
8673,0,38,173,77,9,94,39.6
6305,0,56,169,75,21,95,40.6
2837,1,47,166,63,13,99,40.2
3468,1,73,154,57,10,90,39.9
8101,1,35,165,62,6,85,39.1
13995,0,50,195,89,3,84,38.5
11315,0,26,191,93,25,105,40.9
5586,0,50,207,111,28,115,40.6
7788,1,48,157,52,12,85,40.0
11091,0,51,172,82,23,103,40.5
4544,1,71,156,61,9,97,39.6
9235,0,36,171,76,29,107,41.1
651,0,46,201,96,25,108,40.3
11425,1,29,162,64,6,90,39.3
9004,0,72,177,79,6,81,39.1
13542,0,35,181,76,9,85,39.4
10156,1,45,160,58,13,96,40.1
1529,0,68,164,69,26,106,40.7
3868,0,66,182,84,4,87,38.9
1074,0,25,187,80,21,106,40.5
3147,1,70,163,62,23,93,40.2
3801,1,23,160,55,28,113,41.0
14216,0,46,183,81,8,86,39.5
608,1,32,165,66,3,75,38.5
12456,0,79,172,76,9,92,39.8
12102,1,60,168,64,6,84,39.4
5421,1,26,169,67,13,92,40.1
11151,0,26,185,84,12,90,40.1
10280,0,28,189,87,25,110,40.5
6095,1,58,163,66,28,113,40.6
4249,0,23,192,91,14,84,40.2
8231,0,70,169,77,3,80,38.7
2798,0,40,162,64,22,111,40.4
12313,1,24,160,55,28,107,40.7
1779,1,55,184,73,16,97,40.1
1943,0,31,193,98,2,87,38.5
13722,1,69,176,73,1,80,37.7
4827,0,33,185,91,17,91,40.1
13602,1,41,166,62,25,107,40.8
9818,0,53,186,91,11,82,40.1
8185,0,48,188,86,11,91,39.6
13025,1,45,153,52,29,103,40.7
3983,0,71,184,91,14,87,40.0
1770,1,69,138,44,22,102,40.4
2865,0,48,195,97,3,81,38.7
6531,1,45,163,58,18,107,40.4
14381,1,27,160,57,23,112,40.7
5162,0,34,192,87,24,105,41.2
8701,1,67,156,54,5,89,39.1
3418,0,65,176,84,26,110,40.7
10616,0,28,184,79,1,86,37.6
2462,0,68,191,97,5,76,38.9
14794,0,25,188,88,26,110,41.1
10414,0,37,174,73,16,93,40.3
11503,1,20,169,61,28,102,41.0
10565,0,22,171,74,9,89,39.6
14878,0,76,176,84,25,99,40.9
3802,0,49,180,81,21,103,40.4
13275,0,33,175,70,9,88,39.4
6599,0,28,197,96,4,87,38.6
8354,1,20,173,70,16,92,40.4
11835,0,36,192,95,23,101,40.6
9762,1,21,164,62,5,81,39.4
5573,0,78,176,82,3,86,37.9
715,1,21,140,48,27,106,40.6
3211,0,39,189,94,11,86,40.1
414,0,22,167,73,18,94,40.7
9628,0,31,164,66,27,118,40.8
6935,1,42,159,57,12,93,39.8
2993,0,42,173,81,23,107,40.3
7976,1,63,155,60,30,109,40.8
10354,0,24,186,88,2,91,38.1
7982,0,31,176,72,4,86,39.1
3127,0,35,182,85,22,104,40.5
1827,1,76,151,55,27,112,40.5
4589,0,52,176,82,4,80,38.9
9333,1,23,162,57,21,104,40.3
8981,1,56,157,62,6,91,39.6
9568,0,79,185,91,12,94,40.0
14621,0,47,185,86,22,98,40.6
7109,0,26,201,103,16,87,40.4
6946,0,33,188,93,21,105,40.2
14379,1,42,155,56,1,79,37.9
13736,0,24,191,89,3,73,38.5
11545,1,25,173,69,8,88,39.4
890,1,21,176,64,4,75,38.9
8361,0,37,194,91,4,84,38.7
6892,1,78,149,54,21,103,40.5
7785,1,26,148,52,2,86,38.0
2545,1,54,159,63,8,84,39.7
14481,0,40,183,81,8,85,40.0
9508,1,35,154,54,15,97,40.2
3934,0,41,178,78,4,78,39.2
13406,1,45,156,54,8,97,39.4
9548,0,21,199,95,13,90,39.9
8041,1,51,166,61,16,99,40.4
5316,1,28,169,68,3,81,38.5
11043,1,23,168,63,25,101,40.6
11307,1,24,169,68,22,105,40.5
10764,0,27,163,62,9,93,39.8
7826,1,52,165,65,19,105,40.4
8124,1,76,172,68,14,95,39.9
3087,1,67,147,52,3,92,38.5
6865,0,57,186,89,9,83,39.6
3827,0,57,195,91,14,92,40.0
10765,1,33,169,72,6,80,38.8
2518,0,29,186,87,20,98,40.7
9624,1,39,161,61,1,82,37.7
2385,1,28,157,59,10,96,39.8
8758,1,28,178,71,20,97,40.2
12329,1,29,179,78,3,84,38.5
13333,1,34,168,69,23,94,40.9
12710,0,34,170,72,10,91,40.0
11443,0,37,169,69,9,94,39.5
3221,0,56,192,91,24,101,40.8
11263,0,28,185,89,3,84,38.7
8896,1,72,177,75,15,89,40.0
2673,1,33,167,65,18,98,40.6
13726,1,65,186,79,7,77,39.2
12340,0,28,178,76,11,94,40.2
2302,0,64,188,92,17,102,40.4
11792,0,54,160,62,26,97,40.6
11933,1,22,158,58,9,101,39.5
12011,1,38,165,58,12,92,39.5
7471,0,55,206,108,27,101,40.7
10305,1,20,175,71,16,98,40.2
8140,0,35,192,92,2,82,38.5
4933,0,50,191,95,11,94,39.9
13473,1,45,162,67,17,99,40.2
14183,1,25,155,59,19,93,40.3
12686,0,49,188,89,29,107,40.6
10216,0,27,171,72,16,89,40.2
4879,1,27,155,58,28,114,40.7
10874,1,30,168,63,11,98,40.0
283,1,50,161,61,18,99,40.5
591,0,22,171,77,2,81,38.6
5348,1,36,174,73,2,70,38.3
7611,0,69,197,98,18,93,40.7
4561,1,42,160,58,17,91,40.5
1273,0,20,181,78,23,102,40.6
3861,1,79,162,58,18,95,40.1
3110,1,47,177,75,15,91,40.1
5295,0,29,184,82,5,86,39.1
3402,1,49,172,71,13,91,39.9
14167,0,24,163,60,20,96,40.3
13536,0,73,184,88,25,106,40.7
1474,1,38,164,59,23,104,40.5
13316,0,63,188,95,24,105,40.6
7602,0,70,197,103,21,106,40.5
7112,0,21,191,92,11,89,40.0
13899,1,22,168,62,9,88,39.7
7047,1,21,154,52,6,81,39.2
5136,1,21,160,62,25,105,40.2
1141,0,74,192,92,20,101,40.8
3840,0,40,204,105,28,111,41.0
4521,1,79,153,59,16,94,40.5
3483,0,59,189,85,22,104,40.5
12141,1,56,180,76,7,92,39.2
12698,1,62,191,91,25,100,40.6
1714,1,51,168,66,11,84,40.1
632,0,76,192,103,25,100,40.4
10082,0,33,176,81,7,83,39.2
14092,1,38,158,58,23,94,40.3
9426,1,29,176,72,13,95,40.2
12945,1,33,154,54,1,78,37.7
14350,1,22,193,92,12,91,40.0
552,0,43,192,95,18,93,40.5
14652,1,33,160,59,10,90,39.9
3727,1,72,168,73,4,79,38.9
12485,1,33,163,55,12,93,40.0
14649,0,58,183,83,3,85,38.4
4083,1,23,165,59,28,113,40.5
7641,0,40,203,104,18,108,40.5
14049,1,51,164,67,11,91,40.0
13461,1,62,153,59,23,104,41.0
12228,0,73,184,88,3,85,38.3
1876,1,55,164,63,6,84,39.3
13052,0,37,190,92,4,87,39.3
3653,0,37,196,104,15,101,40.2
9810,0,54,173,76,27,107,40.6
6998,0,63,194,106,8,82,39.6
11405,1,22,157,53,9,89,39.6
13030,0,67,183,83,23,103,40.7
5122,1,26,157,58,13,92,40.1
11539,0,24,176,82,20,107,40.2
14533,0,26,174,80,29,108,41.1
4698,1,52,157,56,16,93,40.2
9821,1,35,156,57,3,84,38.3
12674,0,21,195,90,7,77,39.8
2620,1,21,157,59,28,114,40.7
6000,0,28,193,94,7,88,39.5
3093,0,53,171,77,8,94,39.5
10226,1,46,177,77,21,102,40.6
5431,0,27,168,71,15,96,40.1
3064,0,59,196,100,14,92,40.4
492,0,27,182,81,18,105,40.5
9609,1,63,161,58,12,98,40.0
2744,0,73,172,80,30,101,41.2
12628,0,61,187,90,11,90,39.8
11175,1,22,150,54,17,98,40.3
12453,1,28,170,70,30,117,40.9
5587,1,50,169,68,25,100,40.8
6579,1,41,153,60,2,84,38.6
2050,0,20,173,71,13,99,40.1
9402,1,21,165,63,6,81,39.2
4580,0,33,190,90,11,101,40.0
5334,0,52,188,93,14,98,40.2
5366,0,47,199,98,9,79,39.3
12709,0,63,185,88,8,86,39.4
11642,1,32,154,54,16,94,40.5
154,1,39,165,65,19,106,40.6
7203,1,23,153,51,9,101,39.5
4687,0,59,186,90,9,88,39.9
2390,0,21,159,64,16,87,40.3
7482,0,20,176,75,6,83,39.1
12666,0,36,178,79,11,96,39.8
7171,0,35,208,103,12,98,40.0
300,0,78,177,86,23,100,40.8
2172,1,58,173,69,8,87,39.7
9243,1,26,155,52,21,94,40.5
14455,0,20,163,67,19,98,40.1
10790,0,33,193,94,9,81,40.2
13915,0,24,187,92,7,94,39.8
14223,0,49,177,88,19,101,40.8
14746,1,37,169,69,24,106,40.6
12158,1,72,162,66,14,97,40.1
2459,0,38,186,88,17,94,39.8
1573,1,37,165,64,15,90,40.1
1596,1,41,169,65,22,100,40.8
7036,0,28,188,83,24,102,40.8
5954,1,75,177,73,9,85,39.8
7685,0,70,177,77,29,100,40.7
13933,1,34,179,68,19,102,40.6
2885,0,28,187,84,24,105,40.9
12537,0,30,185,87,4,83,38.9
14901,1,44,152,56,23,111,40.7
4733,1,40,163,63,4,81,38.9
2580,1,58,165,65,19,111,40.8
3562,1,21,174,66,16,104,40.3
4439,0,77,202,103,17,92,40.1
465,0,73,199,97,22,107,40.9
8039,0,51,184,82,7,86,39.5
7473,1,30,157,62,20,98,40.5
12248,0,54,194,95,24,96,40.7
12861,0,24,175,78,4,81,39.1
5599,1,33,180,77,22,104,40.5
12310,0,22,179,77,20,100,40.2
4855,1,59,132,40,10,92,39.9
12021,1,54,150,51,29,108,40.7
8243,0,39,198,100,22,94,40.7
4931,1,71,155,56,10,90,39.8
12050,0,21,175,74,28,107,41.0
6229,0,38,183,83,8,81,40.0
11084,0,53,187,89,10,98,39.7
11083,0,70,192,93,14,104,39.7
9175,0,36,193,97,15,104,40.6
1186,1,66,153,55,13,90,40.0
11238,0,22,176,75,26,106,40.6
7159,1,22,156,57,6,89,39.1
2557,1,42,168,66,3,78,38.6
9332,0,36,188,86,14,96,40.4
2617,0,32,175,79,8,98,39.9
14868,1,31,168,62,8,89,39.6
12640,0,33,190,91,2,84,37.8
12064,0,39,170,70,11,95,39.8
163,0,24,179,80,14,90,40.7
5738,0,26,178,78,13,95,39.9
3752,0,62,166,77,5,82,38.8
4103,0,44,168,72,28,113,40.9
3965,1,47,152,55,16,98,40.3
7942,1,29,152,55,14,105,39.9
483,1,39,152,53,20,99,40.9
13631,1,24,165,70,28,118,40.8
7652,1,74,163,64,5,82,38.8
8705,0,43,189,89,15,94,40.4
5544,1,53,156,55,12,86,40.1
7679,0,21,190,88,17,100,40.2
247,0,20,183,81,17,97,40.5
2678,0,22,178,80,28,113,40.7
235,1,70,175,74,9,79,40.0
7288,1,29,168,66,8,93,39.8
653,1,57,152,57,11,85,40.0
9141,1,23,168,65,16,87,40.3
5956,1,50,152,52,26,105,40.9
2586,1,45,161,61,27,113,40.8
1870,1,54,154,58,7,82,39.4
5570,1,62,161,68,13,95,40.2
5164,1,65,168,73,4,81,38.7
14306,0,44,199,99,9,97,40.0
3266,0,24,185,89,20,109,40.6
7385,0,32,175,75,15,93,40.3
13531,0,67,193,97,22,102,40.7
4804,1,20,151,54,28,109,41.1
6549,1,49,147,47,26,109,41.1
8362,0,23,185,89,27,109,40.7
5354,0,54,202,108,18,97,40.2
11003,1,31,152,57,17,102,40.3
7861,1,67,155,53,11,88,39.9
1108,0,29,176,73,3,80,38.8
9438,1,43,172,69,3,84,38.8
11111,0,42,183,80,24,98,40.7
3458,1,22,154,61,13,93,39.9
2582,0,37,185,80,18,105,40.7
9734,1,55,162,63,25,103,40.7
3269,0,40,190,89,2,81,38.1
7119,1,29,164,61,6,92,39.0
1784,0,33,189,88,10,90,39.7
9080,1,34,154,58,26,108,40.7
685,1,23,153,55,26,98,40.8
7296,1,55,173,67,27,109,40.9
2454,0,60,183,91,30,107,40.9
9324,1,21,178,69,28,111,40.9
12920,1,24,163,61,22,95,40.2
7760,1,21,181,74,18,104,40.5
11125,1,67,177,80,3,82,38.6
5194,1,25,165,66,11,103,40.2
11997,1,20,163,53,28,102,40.8
12085,1,40,182,78,21,99,40.4
2189,1,23,166,58,12,98,40.3
9948,1,62,154,59,16,107,40.2
1090,0,76,183,85,11,87,40.0
14641,0,32,195,93,20,102,40.8
6299,1,31,163,62,25,114,40.7
14060,0,28,185,84,11,91,39.7
7184,0,55,205,114,26,112,40.4
2720,1,36,174,67,27,110,40.8
6962,0,29,186,93,25,101,40.7
13225,1,48,161,63,22,102,40.7
2979,1,47,172,75,30,104,40.7
13477,0,21,186,79,19,97,40.8
10423,1,35,165,60,13,93,40.0
8802,0,27,175,73,29,109,41.0
5994,0,23,188,87,22,105,40.8
11120,1,26,144,46,24,108,40.8
3161,1,26,175,70,24,100,40.8
7372,0,76,195,95,5,82,39.2
2092,1,30,163,63,14,83,40.3
2366,0,21,188,82,2,85,38.1
6307,0,34,184,85,18,105,40.2
12026,0,22,196,89,13,96,40.0
6304,1,24,145,51,24,101,40.3
9406,1,61,156,55,8,91,39.7
2409,1,49,164,63,18,103,40.3
1075,0,68,174,78,5,88,39.2
14812,1,49,158,55,19,96,40.6
8286,0,52,184,85,6,89,39.2
8989,0,48,166,73,7,100,39.3
4705,1,25,161,63,2,84,38.3
5375,0,35,171,67,7,94,39.4
12621,1,22,155,51,1,83,37.5
9241,1,54,163,60,28,114,41.0
6602,0,42,174,74,3,82,38.3
13789,0,62,181,83,28,112,41.0
4965,1,70,156,55,10,86,39.7
2716,0,78,172,80,3,86,38.8
5416,0,33,188,98,27,111,40.5
8700,1,63,174,73,9,88,39.5
331,1,39,164,65,5,84,39.2
447,0,47,187,89,17,97,39.9
14923,0,24,191,90,30,113,40.8
5070,1,32,159,60,25,107,40.9
4874,1,78,177,76,22,101,40.6
1044,1,37,174,75,19,106,40.4
3922,1,75,158,56,10,91,40.0
6060,1,26,166,63,2,73,38.9
2292,0,30,170,72,5,86,39.0
7772,0,26,184,83,10,84,39.7
8845,1,62,163,67,28,105,40.8
4442,1,37,160,59,9,95,39.9
4222,0,76,192,95,17,101,40.3
2895,0,70,193,97,15,96,40.1
3512,1,29,150,48,11,102,40.0
12145,0,35,170,73,2,90,38.1
1018,1,20,170,67,17,93,40.3
5821,1,40,175,73,21,99,40.7
5069,1,24,193,83,5,82,38.7
7182,0,24,187,82,26,102,40.7
9435,0,30,183,86,9,87,39.7
9550,1,43,174,74,1,77,37.7
1520,0,43,193,98,2,83,38.1
2598,0,53,180,77,27,103,40.7
6518,0,52,186,92,3,85,38.7
6244,1,70,170,66,15,100,40.3
8675,1,66,167,64,14,95,39.8
7031,1,61,150,56,19,93,40.3
6544,1,55,153,56,9,90,39.7
3788,0,46,171,72,18,92,40.3
3671,1,39,162,63,13,89,40.2
262,1,77,170,65,3,89,39.0
6458,1,23,172,71,17,94,40.6
12112,0,27,188,93,20,98,40.9
12806,0,33,179,76,16,91,40.5
8122,1,42,145,49,7,90,39.6
2868,1,28,159,58,3,78,38.3
2519,1,21,175,74,13,95,40.2
7388,0,33,186,91,24,96,40.6
943,0,54,195,100,25,106,40.7
450,0,38,201,104,21,101,40.6
12344,1,41,176,73,9,84,39.7
5630,1,33,155,59,23,106,40.9
9547,0,40,186,91,22,105,40.9
10116,0,27,195,93,27,103,41.0
1311,0,21,178,77,13,97,40.0
11770,0,22,174,74,15,99,40.1
7582,0,76,182,91,6,90,39.5
1858,0,34,191,96,15,101,40.3
4489,1,24,166,64,25,106,40.8
3554,0,29,185,86,23,106,40.7
850,1,67,166,64,17,90,40.3
13428,1,47,176,77,13,87,40.2
675,0,24,188,91,23,101,40.8
9015,1,47,169,59,29,102,41.1
7846,1,29,164,60,9,92,40.3
11115,1,62,178,73,16,93,40.5
7656,0,51,181,84,3,75,38.5
1443,0,36,191,89,5,83,39.3
134,0,46,179,84,6,82,39.2
11646,0,25,178,77,16,99,40.0
9362,1,26,169,66,4,82,38.6
440,1,21,167,67,21,103,40.4
7710,0,72,190,98,13,103,40.1
479,1,69,165,62,29,112,40.9
13987,1,32,169,66,16,85,40.6
8752,1,35,155,60,26,108,40.8
11103,1,24,159,62,9,87,39.6
7186,0,31,180,80,14,90,40.3
6718,0,76,170,77,22,113,40.5
2820,1,79,165,65,29,106,40.8
6119,1,40,154,56,20,103,40.2
1212,0,72,167,68,24,103,41.0
12251,1,36,179,75,18,94,40.0
11345,1,55,162,57,28,122,40.9
10422,0,58,190,89,4,91,38.9
841,1,25,164,62,8,85,39.5
1569,1,27,172,71,10,88,39.6
2671,1,32,161,63,17,99,40.3
5826,0,36,175,76,22,99,40.7
7440,0,21,194,86,15,92,40.2
6132,1,28,167,65,5,79,39.1
7353,0,53,170,81,5,87,39.4
13962,0,25,186,87,8,95,39.3
245,1,33,163,57,4,84,38.7
7467,1,30,151,54,9,93,39.7
12328,1,25,171,68,15,93,40.3
12512,1,31,164,61,14,96,40.1
10535,0,29,195,99,9,91,39.7
6155,1,28,157,49,7,89,39.2
662,1,30,161,64,26,99,40.7
7728,1,66,147,50,2,76,38.0
1014,1,21,171,62,1,76,37.7
3702,0,34,206,114,22,95,40.6
7676,1,33,150,56,26,102,40.8
8477,1,29,182,76,5,86,39.1
3264,1,57,154,59,1,90,37.9
10598,0,58,186,85,12,95,40.1
1989,1,39,174,74,26,106,40.8
12392,1,44,171,64,29,103,40.9
4330,1,59,177,78,19,97,40.1
10934,0,58,164,68,2,89,38.8
10433,0,31,184,85,1,80,37.8
11800,0,23,175,75,2,77,38.8
4712,1,59,168,64,14,94,40.2
5144,0,53,191,95,4,92,38.5
1055,1,26,173,68,25,98,40.6
453,0,30,193,92,13,104,40.3
11396,0,29,196,92,19,96,40.4
6657,0,40,196,97,12,92,39.7
14219,0,31,178,80,11,95,39.6
8181,1,34,165,66,26,115,40.8
1940,1,39,163,60,12,91,40.2
2681,1,77,161,59,2,79,38.0
12068,1,26,168,70,12,94,39.9
7686,1,33,158,58,12,95,40.3
1213,1,29,138,45,28,105,40.6
6993,1,40,163,60,28,109,40.7
8781,0,57,182,84,11,98,39.9
6857,1,47,174,69,14,83,40.4
9733,0,42,184,89,28,108,40.7
950,0,40,177,81,8,83,39.6
7554,1,73,185,88,14,87,39.9
1582,0,25,176,83,17,87,40.8
12377,1,75,164,61,4,89,38.9
11884,0,59,176,81,6,85,39.5
3915,0,44,175,79,23,103,40.7
6451,0,26,185,87,12,90,40.0
9502,1,32,176,72,11,90,39.8
5467,1,60,165,60,18,88,40.2
11042,1,50,175,78,19,96,39.9
2790,1,79,150,58,17,97,40.4
3637,1,39,182,72,17,99,39.9
8014,1,62,167,67,28,113,40.7
8882,0,22,198,91,23,102,40.8
6852,1,40,160,56,15,96,39.7
10052,0,21,182,84,4,91,38.6
12690,1,55,168,71,29,108,40.6
6122,1,28,165,65,23,105,40.5
1717,1,46,170,69,26,103,40.6
12989,0,47,204,98,18,96,40.6
7914,1,36,181,80,18,98,40.3
1899,0,43,175,79,5,83,39.4
13755,1,69,149,55,15,95,40.2
12209,0,30,189,97,20,100,40.3
11041,1,34,181,73,18,101,40.1
5831,0,30,187,91,15,96,40.0
543,1,75,165,62,26,108,41.1
11943,0,42,188,95,10,94,39.8
3255,0,65,193,99,5,89,39.3
3787,1,22,177,72,19,91,40.3
4499,0,46,179,79,20,104,40.4
10436,0,76,187,92,22,104,40.6
3130,1,33,170,71,11,95,40.0
5631,0,30,176,73,9,89,39.4
13503,0,27,189,95,14,95,40.4
10121,1,24,150,46,20,105,40.8
1523,0,26,196,95,16,94,40.6
11805,0,28,193,97,13,91,40.0
10907,0,41,179,81,3,84,38.6
1390,1,75,158,64,13,86,40.0
7273,1,21,159,51,9,84,39.9
2606,1,78,167,69,5,93,39.2
4956,1,20,148,54,4,73,38.9
11373,0,56,196,101,9,87,39.9
5597,0,63,183,86,20,100,40.2
1895,0,71,186,82,19,100,40.2
11138,1,44,184,86,24,106,40.6
1753,1,25,175,73,10,86,39.8
8259,0,20,176,73,2,84,38.3
11990,1,60,164,62,23,103,40.8
12833,1,37,175,65,29,101,40.9
7046,1,61,152,56,27,95,40.7
4558,1,25,150,50,21,107,40.5
3563,1,48,159,59,5,87,39.3
13102,1,47,158,60,30,101,40.9
11093,1,38,143,49,6,87,39.0
5341,0,28,184,86,22,104,40.4
7149,0,37,196,91,28,110,41.0
8425,0,54,177,78,26,109,41.2
12682,0,41,186,89,25,107,40.7
7746,1,28,161,60,29,110,41.2
10428,1,76,168,63,8,85,39.5
13641,0,23,185,89,15,92,39.9
4532,0,48,193,96,21,102,40.4
4259,1,41,176,77,4,94,38.6
5190,0,21,198,102,3,82,38.7
7362,1,21,169,64,9,86,39.6
5903,1,27,168,60,11,89,39.8
3247,1,35,151,51,29,108,40.8
9738,1,38,169,74,3,82,38.8
10754,1,28,164,67,30,112,41.0
8967,0,74,185,83,10,93,40.4
9660,1,71,155,57,21,103,40.5
252,1,63,176,79,29,111,40.5
14876,1,28,157,53,3,81,38.5
2534,1,37,156,59,19,101,39.9
2379,1,55,174,74,5,85,39.1
792,1,42,182,84,6,86,39.3
5009,0,28,178,78,8,89,39.9
12060,1,58,164,63,19,97,40.3
12865,0,32,175,75,19,99,40.3
3459,1,41,156,61,11,97,39.9
8939,1,30,173,70,28,108,40.7
8870,1,24,157,50,14,95,40.3
12422,1,75,165,69,25,104,40.8
13360,1,27,153,53,25,108,40.6
6709,1,27,162,61,26,107,40.7
4070,1,20,169,65,29,98,40.9
859,0,79,172,75,11,89,40.1
4535,1,45,161,60,4,84,38.7
8771,1,79,166,65,2,84,38.0
4766,0,39,191,90,14,88,40.2
7736,1,44,159,59,10,90,39.7
2850,0,48,180,81,24,97,40.7
2306,1,38,152,55,28,107,40.9
2505,1,50,164,67,16,94,40.4
2772,0,50,182,85,14,90,40.2
8307,1,26,181,73,24,104,40.6
11242,1,20,155,51,11,98,39.7
9295,1,42,164,64,6,83,39.1
10033,0,20,183,87,23,106,40.6
12478,0,20,196,92,15,89,40.3
74,0,67,192,92,24,108,40.7
9489,0,61,176,83,28,106,40.6
5462,1,27,159,58,2,81,37.8
10091,0,61,190,93,16,97,40.5
4642,1,47,164,62,3,79,38.5
13329,0,27,187,89,18,106,40.7
14726,1,44,162,62,8,95,39.6
2465,0,54,168,72,27,113,41.3
8238,0,49,190,97,4,88,39.1
309,0,20,186,90,4,83,38.8
13165,1,30,147,53,28,117,40.6
13008,0,77,190,100,16,96,40.3
9474,1,34,161,67,27,109,41.3
9716,0,63,190,91,5,86,39.1
7139,0,21,180,81,20,97,40.4
11967,0,30,186,87,28,118,40.5
13234,1,29,150,49,4,73,39.3
11590,0,21,199,91,16,98,40.2
10340,0,23,185,87,16,94,40.4
12437,0,46,175,71,8,98,39.7
11452,1,44,157,61,6,85,39.2
407,1,40,165,59,27,110,41.1
3810,1,63,169,66,19,103,40.5
5435,0,25,183,86,11,97,40.1
6051,0,68,172,74,23,94,40.6
5480,1,31,171,70,17,90,40.5
4901,0,36,191,93,15,98,40.3
14267,1,21,166,60,17,96,40.0
2893,0,30,186,89,27,102,40.9
12912,1,29,182,76,8,83,39.7
12895,1,35,164,65,27,112,40.9
4270,0,77,194,90,24,103,40.7
13751,0,73,167,68,13,93,39.9
6336,1,31,161,63,8,82,39.5
330,0,47,195,99,11,88,39.8
2169,1,46,151,51,28,107,41.3
1967,1,64,163,60,24,103,40.4
1429,1,46,172,79,20,103,40.4
8503,1,56,170,76,7,87,39.3
11321,0,40,181,81,9,88,40.0
13330,1,26,179,79,10,92,39.6
6032,1,59,175,73,10,86,39.9
13028,1,59,152,58,21,101,41.1
9954,0,70,187,93,3,78,38.8
8105,1,46,162,59,30,106,40.9
13280,1,33,182,77,24,102,40.7
13184,1,22,170,71,19,102,40.7
7547,1,35,157,52,9,89,39.7
6915,1,68,149,55,26,109,40.7
14928,1,26,175,66,18,100,40.5
17,0,46,169,67,11,89,40.2
12641,1,39,163,62,12,96,40.1
12545,0,77,166,74,3,82,38.8
7406,1,78,151,57,29,106,41.2
14258,0,63,184,86,6,86,39.1
13449,1,23,177,74,27,103,40.7
9720,1,39,166,61,4,85,38.9
4155,0,30,187,89,3,91,38.4
5707,0,22,194,96,20,97,40.3
4486,1,33,163,63,27,102,40.6
5287,1,48,163,65,7,78,39.7
9286,1,21,172,68,21,97,40.6
2566,0,20,176,76,4,89,39.0
10661,1,23,167,69,23,100,40.8
3617,1,29,181,71,5,81,39.0
9051,0,33,180,80,27,121,40.9
12,0,66,171,79,11,90,40.0
2445,1,20,158,54,13,96,40.0
13463,0,42,188,96,28,113,41.1
10611,1,57,161,65,9,88,39.6
388,1,66,180,75,4,88,38.9
6295,0,55,196,95,4,91,39.0
12707,1,39,178,72,22,100,40.7
11733,0,49,189,94,28,97,40.9
7855,1,26,177,68,10,88,40.0
5033,0,44,168,69,10,85,39.7
5662,0,73,213,121,27,112,40.9
1372,0,68,190,89,28,110,40.5
5827,0,39,184,86,3,85,38.3
9129,0,27,192,90,11,95,39.9
6105,1,57,170,71,27,103,41.1
1240,1,45,167,63,6,84,39.5
10259,1,58,151,56,8,92,39.5
14400,0,23,196,96,28,98,40.9
8619,0,25,197,93,25,97,40.9
14662,0,70,186,87,20,93,40.7
9499,0,74,176,79,9,101,39.4
9565,0,28,170,69,2,84,38.2
12592,0,54,192,93,18,98,40.2
9569,1,26,160,62,10,86,40.0
13196,0,54,189,101,6,94,38.8
8600,0,61,187,96,17,90,40.3
9172,1,67,169,67,17,92,40.2
1441,0,58,187,87,23,111,40.8
11546,1,70,154,57,4,81,38.7
4183,0,43,185,85,14,96,40.2
12737,0,20,192,90,14,92,40.2
5744,1,20,163,61,6,83,39.6
512,0,20,170,71,9,83,39.8
10349,1,32,157,55,19,113,40.7
4775,0,71,198,102,22,104,40.6
5696,1,53,176,74,17,99,40.4
1724,0,41,200,103,18,103,40.5
3648,0,24,183,82,29,108,40.7
11277,1,43,188,83,25,113,40.7
6101,0,34,202,93,18,96,40.8
10637,0,54,179,79,10,93,39.8
4127,1,51,163,64,16,96,40.1
10083,1,72,165,66,3,85,39.1
12187,1,37,169,67,7,84,39.6
2148,0,31,183,87,25,104,40.4
932,1,76,154,56,22,98,40.6
12949,0,24,180,81,23,112,40.9
3232,1,73,172,70,2,86,38.2
2844,0,34,187,91,12,94,39.9
439,1,71,160,65,8,86,39.7
1774,0,28,180,81,28,108,41.2
3742,0,70,177,84,20,104,40.6
6881,1,31,172,65,4,85,38.9
2122,0,30,182,81,28,113,40.7
14780,0,74,194,97,6,94,39.2
7478,1,20,158,54,3,81,38.1
7596,1,40,177,71,21,107,40.4
965,0,50,187,81,5,83,39.2
177,0,50,182,86,17,101,40.3
1856,0,54,190,94,8,86,39.8
4774,1,70,166,65,27,109,40.4
7882,1,36,168,63,16,99,39.9
4917,0,21,197,100,21,97,40.5
4088,0,27,182,80,3,74,38.9
6356,1,62,181,80,22,108,40.8
10281,0,22,162,64,28,111,40.5
6104,1,22,156,50,28,104,40.8
11520,1,48,182,78,6,79,39.3
2819,1,64,164,57,15,92,39.7
6466,0,35,191,92,15,90,40.0
13960,0,71,210,115,14,99,40.2
2814,0,40,212,118,27,111,40.7
7074,1,34,172,68,8,79,39.7
5074,1,67,171,67,4,80,39.1
8494,1,74,162,63,3,84,39.2
10061,0,37,198,93,15,91,40.1
7403,0,50,191,93,24,108,40.4
10331,0,20,180,83,30,103,40.8
7187,0,20,189,90,27,98,40.7
3254,0,22,187,86,11,90,39.7
1621,0,64,185,92,9,82,39.6
12309,0,60,187,83,7,91,39.4
13393,1,57,160,62,22,103,40.3
7395,1,28,171,68,3,90,38.6
7059,0,54,170,76,6,80,39.3
13747,0,23,195,97,3,83,38.5
14397,0,75,196,103,25,112,40.6
10447,0,24,189,91,6,89,39.0
4594,0,76,184,90,17,101,40.1
1391,1,70,162,64,3,87,38.5
8826,0,52,168,69,20,97,40.5
10150,0,79,190,99,24,104,40.5
3837,0,25,193,99,4,91,38.9
2145,1,29,169,63,24,106,40.7
12393,1,41,151,51,17,103,40.6
6164,1,51,168,62,13,95,40.0
13212,0,60,183,87,28,114,41.2
9229,0,55,182,81,4,93,38.8
12900,0,57,182,86,1,84,37.9
11549,0,68,185,87,10,101,39.9
14748,1,26,163,61,11,85,39.9
5611,0,24,176,74,21,97,40.6
187,1,25,180,75,23,97,40.6
1983,0,44,192,94,28,109,41.1
9073,0,64,198,99,28,103,40.6
4389,1,25,185,83,16,105,40.3
2891,0,56,191,101,12,98,40.1
4224,1,72,153,58,12,90,40.0
14539,1,62,177,76,2,80,37.8
10478,1,39,156,52,14,83,40.1
13683,1,71,177,75,14,93,40.2
5699,1,75,174,76,18,101,40.5
13478,1,31,161,55,4,87,39.1
5838,0,34,192,90,3,83,38.3
1096,1,27,166,66,27,106,40.5
10904,0,38,188,88,5,83,39.0
4094,1,42,180,78,6,79,39.3
2501,0,50,166,74,7,88,39.7
13513,0,23,174,75,4,84,39.0
4977,0,42,179,82,15,85,40.4
14628,0,52,161,69,11,84,40.1
5115,0,52,187,97,7,94,39.5
10037,0,27,180,78,20,103,40.3
7659,1,40,159,58,18,106,40.1
13519,1,62,156,55,7,87,39.5
4273,0,72,173,76,3,81,39.0
1917,0,22,189,93,3,76,38.4
8395,1,25,162,69,28,101,41.2
5751,1,79,157,60,17,98,40.7
3384,0,33,181,79,1,85,37.9
1126,1,35,162,63,3,86,38.5
5225,1,72,166,68,3,76,38.2
11952,1,21,169,62,16,88,40.0
4385,1,75,169,66,29,102,40.8
6191,1,38,175,74,16,99,40.5
4255,0,34,172,75,8,94,39.3
7664,0,34,196,102,22,99,41.1
906,0,22,198,97,1,79,37.5
5995,0,24,193,99,8,87,39.4
5817,0,20,179,80,6,84,39.0
5028,1,23,140,50,21,93,41.0
11435,1,59,172,73,23,107,40.3
11257,0,30,186,80,8,89,39.5
8067,1,58,163,64,6,90,39.1
2115,1,77,155,62,4,85,38.9
13852,1,25,163,57,9,84,40.0
13420,0,28,169,67,23,103,40.7
11713,1,78,178,75,24,96,41.1
10189,0,20,185,82,6,83,39.5
3106,0,45,200,97,27,102,40.8
12053,1,53,178,71,18,95,40.5
11837,0,73,190,95,5,74,38.9
1414,1,59,164,65,13,93,40.1
4724,0,25,205,108,19,99,40.4
800,0,46,180,83,2,90,38.0
12956,0,29,176,77,27,100,40.6
10213,1,36,162,61,29,112,40.5
6429,1,39,155,50,26,108,40.6
8898,1,26,159,58,28,114,40.7
10206,0,68,183,85,25,108,40.7
3744,0,30,186,89,14,86,39.7
9231,0,79,176,81,6,101,39.1
13471,1,60,158,63,25,100,40.7
11838,1,39,164,63,26,110,40.7
5249,1,37,185,83,2,84,38.2
13167,0,58,176,77,11,90,40.0
13131,1,35,164,62,12,92,39.6
11577,1,37,156,53,28,108,40.7
12954,0,22,164,60,10,99,39.8
8443,1,58,159,52,16,96,40.5
5079,1,60,161,62,17,93,40.5
9737,0,59,186,84,2,84,37.8
11911,1,33,155,52,22,108,40.7
5788,1,48,169,66,27,100,40.7
10843,1,55,151,54,23,99,40.4
7129,1,68,170,69,23,100,40.5
7295,1,47,149,47,16,99,40.2
905,1,25,162,62,19,99,40.6
6081,1,31,166,69,8,78,39.8
1897,1,67,173,73,1,88,38.0
6669,0,44,196,102,17,107,40.4
5289,1,67,169,66,28,108,40.5
7014,1,21,168,66,23,104,40.4
11895,1,34,188,78,15,85,40.3
544,0,33,162,67,13,94,40.3
10105,1,52,171,63,20,108,40.5
8698,0,41,173,71,16,85,40.2
14750,1,23,168,66,7,91,39.6
3881,1,43,160,59,6,75,39.3
9425,1,43,151,50,2,72,37.9
1907,0,39,174,76,17,83,40.5
12479,0,43,192,94,25,109,40.5
6143,1,33,158,60,1,76,37.7
9844,0,36,199,102,2,75,38.4
10297,1,46,163,59,22,97,40.9
12993,1,57,167,63,28,103,40.8
5320,0,21,177,81,1,80,37.4
8864,0,21,198,99,27,98,41.0
6905,0,20,179,81,6,90,39.1
6521,0,23,183,81,10,89,39.9
3037,0,39,185,90,13,100,40.0
9874,0,60,178,83,25,104,41.1
7515,1,47,168,66,23,104,40.4
6887,1,52,165,61,27,105,40.6
5593,1,25,163,66,4,88,39.0
1860,1,46,155,60,10,98,39.8
10893,1,34,172,65,28,115,40.8
7354,1,74,168,69,5,85,39.4
5921,0,67,184,85,23,105,40.6
10896,1,68,150,57,24,111,40.7
867,1,24,173,68,20,99,40.2
8540,0,22,191,91,28,120,40.9
847,1,72,151,60,11,92,40.1
8158,0,20,192,94,20,103,40.6
5187,0,59,182,81,5,79,39.0
14961,1,62,159,61,5,83,39.0
6276,1,20,166,66,12,92,39.8
8330,1,26,157,54,19,97,40.6
325,0,34,184,85,19,109,40.4
14168,1,38,153,51,14,81,40.1
12841,1,24,183,70,14,96,39.9
7326,1,57,158,61,26,104,40.8
8245,1,48,180,71,14,91,40.2
6240,0,69,193,90,29,121,41.1
6381,0,41,185,86,18,96,40.5
13505,1,22,154,55,3,86,38.2
4889,0,44,196,95,3,83,38.8
13566,0,23,182,85,18,103,40.5
7227,1,34,178,76,8,94,39.9
8191,0,29,196,92,20,92,40.6
4348,1,26,167,69,16,98,40.2
14182,0,36,162,69,12,90,40.2
2686,0,34,180,78,17,100,40.4
10567,0,56,183,85,9,90,39.4
1433,1,62,148,50,10,93,39.9
10339,1,24,183,82,16,105,40.3
10568,0,30,182,84,29,107,40.5
10585,1,29,164,60,12,91,40.0
7346,1,32,166,62,5,89,39.5
6739,0,47,185,91,12,101,39.7
1538,1,21,164,59,24,111,40.6
6734,1,29,155,56,16,87,40.3
999,1,42,162,66,21,96,40.4
5513,1,36,171,70,7,91,39.3
314,1,53,168,69,11,89,40.0
1163,0,21,194,88,27,104,40.8
14913,0,53,198,99,9,78,39.7
4823,0,56,182,87,22,101,40.4
3332,1,63,162,58,27,106,40.9
11639,0,47,201,104,28,107,41.0
14453,1,52,154,53,25,101,40.7
10832,1,54,151,53,19,94,40.3
11172,1,20,156,54,1,84,37.7
5669,1,31,156,54,5,87,39.3
1579,0,34,189,80,28,117,41.0
14377,0,46,200,107,22,102,40.6
7221,0,43,178,77,27,107,40.9
11078,1,46,167,70,22,106,40.5
6023,0,29,187,91,20,94,40.8
8374,1,44,196,94,15,90,40.3
2422,1,39,159,59,6,87,39.0
6999,1,47,162,65,3,85,39.0
6306,0,38,181,82,21,103,40.5
13630,1,53,148,51,27,106,40.9
6722,1,58,165,62,16,100,40.3
13322,1,21,171,62,19,100,40.1
14000,1,32,177,76,26,106,40.6
7195,0,54,186,88,7,92,39.7
13077,1,50,176,70,6,91,39.3
12645,1,26,157,60,1,82,37.7
941,0,20,184,78,18,87,40.1
12460,0,74,193,89,13,94,40.1
10613,1,74,145,48,25,101,40.7
11833,0,79,180,89,11,79,39.6
6474,1,24,161,61,12,104,40.2
10727,0,20,184,82,12,89,39.8
11036,1,39,166,63,26,104,40.8
2276,0,64,179,80,25,105,40.4
3417,1,34,180,79,16,92,40.1
7876,0,45,207,114,16,105,40.3
12701,0,44,205,100,8,85,39.5
8785,1,78,152,54,2,89,38.0
469,0,55,178,79,4,97,38.7
13013,0,35,181,78,10,91,39.5
13079,1,52,168,67,22,109,40.7
14787,0,25,182,85,5,95,38.7
7543,0,20,178,82,10,84,39.7
2369,0,26,179,71,16,97,40.3
12684,1,26,158,54,22,93,40.7
10588,0,51,177,85,10,87,39.8
11931,0,66,188,93,26,115,40.7
11660,0,36,194,91,28,105,40.8
10465,1,29,150,54,21,101,40.3
2955,1,42,161,64,11,98,39.9
13752,1,68,175,69,8,97,40.1
8356,1,48,150,53,17,93,40.4
9676,0,43,171,77,20,101,40.5
4346,1,24,150,53,4,87,38.8
14793,0,29,174,73,16,96,40.5
5180,0,63,187,96,3,74,38.8
6921,0,70,191,91,2,82,38.2
12926,0,53,200,96,23,98,40.8
12687,0,75,185,86,1,85,37.8
13089,0,50,184,82,26,107,40.6
6957,0,59,188,90,8,86,39.8
10160,0,70,176,80,7,82,39.5
14392,1,24,164,56,8,81,39.5
4124,1,40,176,72,4,84,38.6
4737,1,28,161,64,21,110,40.5
6896,0,20,178,80,24,105,40.3
3293,1,57,160,60,5,79,39.0
13214,1,31,161,57,11,96,40.2
5704,0,26,179,84,1,84,37.7
14239,0,39,192,95,25,99,41.3
9252,1,71,155,60,16,91,40.3
12739,1,70,157,57,29,118,40.8
10619,1,27,157,56,17,101,40.1
2762,0,24,174,74,4,86,39.0
6129,0,21,182,82,3,92,38.6
2174,0,26,187,82,29,107,40.2
10418,0,23,183,86,12,98,40.3
3419,0,73,183,88,25,99,40.6
10123,1,58,172,67,9,90,40.1
1824,0,30,185,87,10,87,39.7
6849,0,21,176,72,12,86,40.0
11855,1,46,169,70,18,94,40.3
14703,0,20,193,89,20,94,40.1
3329,0,55,164,69,21,106,40.6
4475,1,23,157,54,30,112,40.9
4631,0,37,175,74,18,95,40.3
1761,0,38,171,76,25,101,40.9
1574,1,20,169,64,2,75,38.2
4447,1,41,164,60,11,91,39.8
12581,1,62,164,57,19,100,40.5
3495,1,60,152,57,6,84,39.3
6169,1,68,168,67,26,103,40.7
7560,1,27,168,72,19,106,40.7
5264,1,20,171,71,25,108,40.8
7028,1,42,165,64,9,89,39.5
9307,1,65,152,52,25,107,40.4
9163,1,49,149,55,26,100,40.7
14714,1,78,180,77,4,83,38.6
8016,1,26,167,66,20,94,40.1
11262,0,64,192,93,14,93,40.1
6167,1,76,155,61,14,85,40.3
3662,1,70,173,70,19,94,40.7
14011,1,35,160,57,26,109,40.7
1227,0,64,198,103,28,108,40.9
4186,0,21,205,103,21,109,40.4
5055,0,27,181,82,18,105,40.3
3206,0,32,193,98,11,97,40.1
7161,0,28,191,89,2,90,38.4
2571,1,64,155,53,12,100,40.1
8192,1,76,153,55,14,93,40.0
1645,0,22,180,77,6,81,39.3
3497,1,50,154,54,26,97,41.0
8874,0,31,191,100,23,100,41.0
2281,0,55,180,89,4,81,38.8
381,0,56,186,93,14,91,40.0
14338,1,72,163,65,10,94,39.6
8095,0,22,185,83,11,86,40.0
9683,1,57,157,56,15,100,40.3
5468,0,57,196,96,29,108,41.1
12233,1,24,176,66,6,85,39.2
13539,1,27,153,56,13,84,40.1
12914,0,39,182,84,21,103,40.8
5011,1,50,161,59,5,89,38.7
704,1,29,153,58,14,101,40.1
4188,0,22,179,81,13,96,39.9
618,0,59,178,75,25,105,41.2
13848,1,45,174,71,28,110,40.7
1644,1,73,162,61,27,99,40.7
6741,0,41,194,94,17,93,40.6
1509,0,78,184,92,24,97,40.8
5517,1,65,175,78,25,107,40.5
12607,0,25,159,64,14,101,39.9
223,0,41,173,71,28,104,41.2
14399,0,55,191,98,24,113,40.8
12501,1,60,156,56,18,94,40.8
8764,1,58,161,65,27,106,40.6
11784,0,56,196,99,27,106,40.6
77,1,49,168,68,20,99,40.6
2322,1,53,150,51,9,97,39.6
1024,0,55,192,91,16,98,40.3
13700,0,24,180,81,18,93,40.4
8631,0,31,204,101,8,95,39.6
9278,0,20,184,77,8,96,39.8
6318,0,24,192,93,20,97,40.6
2684,1,29,162,61,24,101,40.6
3505,0,37,197,100,5,87,39.1
342,0,56,184,88,5,89,39.5
5128,0,42,193,92,2,87,38.0
8666,0,43,192,94,14,87,40.5
11815,0,28,185,82,27,99,40.9
2345,1,54,157,54,18,101,40.9
10785,1,59,168,67,5,87,39.1
10783,0,23,187,79,25,108,40.9
14558,1,43,150,55,25,101,40.8
3886,0,30,185,84,28,103,40.9
2642,1,29,165,62,21,102,40.5
10050,1,76,148,52,19,96,40.5
11052,0,34,186,92,27,106,41.1
490,0,26,181,82,29,105,41.0
14263,0,20,177,78,15,99,40.4
7978,1,43,157,60,28,110,40.9
3680,0,51,194,96,12,99,39.9
2275,1,64,166,64,13,99,40.3
8565,1,54,163,65,3,80,38.8
2442,1,39,156,55,15,95,39.9
13219,0,69,170,76,4,84,38.8
6016,0,65,166,71,7,89,39.6
8877,1,31,162,58,21,100,40.5
8141,0,21,184,86,30,106,40.7
817,0,20,182,82,20,92,40.2
8446,0,56,185,85,19,95,40.4
13992,1,61,161,62,22,99,40.8
1,1,20,166,60,14,94,40.3
14852,1,53,157,65,10,97,39.9
1874,1,79,158,62,13,85,40.0
1245,0,52,180,77,20,108,40.2
2456,1,58,162,62,25,103,40.9
6501,1,60,172,65,28,103,40.6
1222,0,35,174,75,9,101,39.9
6773,0,42,177,87,29,114,41.1
6845,0,20,196,102,2,81,38.0
11923,0,73,192,98,20,102,40.5
8487,1,42,172,69,30,108,41.0
8901,1,22,183,77,27,106,41.2
2059,0,24,190,95,13,93,40.2
12928,1,47,167,62,15,83,40.2
11270,0,65,190,91,27,114,40.5
5963,1,29,171,72,17,91,40.4
5429,1,26,167,63,18,105,40.6
6075,1,20,170,66,18,99,40.1
6587,1,22,169,64,11,85,40.1
11687,0,52,196,102,5,83,38.8
10521,1,59,166,70,5,86,38.8
2994,0,23,181,77,15,88,40.0
10756,0,26,195,99,28,104,41.0
8009,0,25,180,78,25,109,40.5
5934,1,46,173,75,11,94,40.0
2970,0,46,176,83,27,109,40.8
10858,0,22,186,82,14,89,40.2
2196,1,62,166,65,1,73,37.9
6541,1,37,153,56,12,90,39.9
8670,0,61,187,87,23,98,40.8
14817,0,20,182,80,14,98,40.7
10134,0,23,198,94,29,106,40.8
9543,0,25,188,95,12,99,40.0
13798,1,33,155,54,20,100,40.5
8381,1,51,165,63,17,95,40.2
7824,0,50,175,82,15,103,40.6
11786,1,27,134,38,22,103,40.7
9705,1,61,159,61,15,90,40.2
9564,0,22,194,91,23,99,41.0
1295,0,22,174,71,22,115,41.2
2485,0,59,168,73,8,87,39.4
8747,0,52,180,84,4,84,38.9
14687,1,61,165,67,29,104,41.1
9302,1,27,186,82,29,109,40.7
1188,0,24,192,86,27,106,40.5
3719,0,29,178,81,28,106,40.9
5216,1,42,173,65,23,108,40.9
3627,1,61,155,56,23,106,40.4
4793,0,23,172,75,22,99,40.7
1217,1,20,167,66,25,117,40.8
12019,0,60,187,88,29,108,40.8
9179,1,66,164,58,24,107,40.5
4422,1,21,160,55,3,81,38.7
10239,0,27,189,94,30,115,40.7
7511,0,71,186,87,7,82,39.6
7276,1,20,173,70,5,75,38.8
5275,0,34,192,90,12,93,40.2
9899,0,36,188,92,16,102,40.0
5650,1,39,165,62,2,73,37.8
667,1,51,169,68,17,105,40.4
7872,1,26,164,58,18,98,40.4
4969,1,63,158,61,30,106,40.9
10615,1,56,161,58,12,93,40.2
56,1,68,155,58,15,100,40.3
11886,1,27,158,54,23,109,40.8
9245,1,36,165,57,13,89,40.2
10720,1,56,155,57,5,84,39.3
3034,0,25,182,81,8,91,39.5
5598,1,62,159,63,15,93,40.1
3420,1,37,173,74,15,83,40.3
4093,1,60,163,60,11,91,39.7
703,1,34,153,51,28,107,40.8
10960,1,60,179,72,29,111,40.8
3557,1,79,161,67,9,89,39.8
7505,0,50,195,95,4,73,38.7
6615,1,79,170,68,30,111,41.2
7530,0,56,190,91,12,86,39.9
8208,1,54,159,65,22,102,40.6
5530,0,24,178,79,12,83,40.1
4216,1,28,159,60,12,91,39.9
6219,0,75,182,82,17,96,40.2
8326,1,50,165,61,12,91,40.4
4097,0,38,174,74,15,92,40.1
6906,0,31,196,100,12,100,39.3
8629,0,26,185,85,15,93,40.2
8162,1,56,179,75,15,90,40.3
11826,1,46,149,54,21,97,40.7
14766,0,51,184,85,8,87,39.7
8037,0,72,187,91,4,80,38.9
3942,1,71,154,61,25,111,40.6
3758,1,23,179,70,25,111,40.8
8636,1,64,182,83,25,105,40.9
6297,1,23,181,74,9,91,39.6
6124,1,52,178,76,26,112,41.0
10758,0,21,188,87,24,98,40.9
11431,1,62,152,54,24,108,40.9
2747,1,23,181,78,13,93,40.3
5441,0,77,188,94,12,104,39.9
12855,0,38,179,84,23,102,40.8
2256,0,45,175,76,15,84,40.5
7419,0,33,190,88,9,95,39.8
6522,1,59,177,73,13,104,39.9
1191,1,27,160,55,23,105,40.6
3606,0,25,175,78,28,108,40.9
1086,0,45,179,80,5,88,39.5
8617,0,46,193,92,9,87,40.2
3982,1,20,152,53,3,76,38.3
1113,0,60,171,71,20,96,40.7
274,1,26,158,60,12,91,40.0
1341,1,20,167,57,4,80,38.9
1180,1,67,156,56,5,85,39.0
5561,1,61,155,58,25,106,40.7
11858,0,57,191,96,5,83,39.0
2523,0,26,186,85,13,83,40.0
5794,0,28,198,98,26,113,40.6
11256,0,22,202,105,30,113,41.0
3624,0,30,182,84,13,99,40.3
9727,1,20,189,78,17,98,40.1
12009,1,21,182,77,23,97,40.7
5103,0,52,191,92,3,90,38.3
14843,0,71,191,97,19,93,40.6
10887,0,61,170,78,8,93,39.3
12027,0,55,178,81,4,90,39.0
6861,1,39,165,64,16,97,40.5
5250,0,55,199,105,15,87,39.8
14972,1,25,169,65,28,104,40.9
5339,1,29,171,64,29,114,40.8
3895,1,36,152,53,6,83,39.2
13959,1,27,185,76,16,99,40.6
870,0,21,187,92,4,81,38.5
13785,0,69,182,87,18,93,40.7
5233,0,33,196,92,15,98,40.0
13153,0,35,202,112,15,92,40.1
767,0,31,202,98,14,97,40.3
1953,1,49,172,69,23,104,40.7
8174,1,53,182,75,19,102,40.3
3943,1,74,164,62,26,104,41.0
10429,1,61,179,75,9,82,40.2
9396,1,29,168,68,18,95,40.2
12467,1,42,163,63,11,83,40.0
10389,0,54,195,95,10,88,39.8
1121,0,23,173,78,3,88,38.7
5874,0,22,174,81,28,107,40.7
11094,0,35,190,93,5,89,39.3
1961,0,74,189,87,9,93,39.8
1793,0,21,189,90,23,103,40.9
11665,1,37,164,61,22,98,40.5
3776,0,71,186,90,20,105,40.4
863,1,70,156,62,8,87,39.4
13235,1,68,170,73,30,102,40.8
2722,0,45,192,101,18,86,40.3
13904,1,31,180,73,13,99,40.1
4441,1,23,156,55,14,86,40.3
13587,0,67,178,86,5,86,39.1
9466,1,68,164,65,11,97,39.7
9511,1,38,173,68,2,91,38.0
11900,0,23,193,96,9,88,39.7
8242,1,60,151,54,7,84,39.7
7443,1,77,176,72,30,110,41.0
13951,0,39,194,93,18,89,40.3
8006,1,54,163,67,2,80,38.2
13256,0,61,179,80,11,89,40.2
6406,1,31,171,72,15,93,40.1
12408,0,34,184,81,9,86,39.8
14425,0,36,180,86,13,94,39.9
1316,0,21,185,84,15,100,40.0
8266,1,28,164,59,9,90,39.5
10159,0,67,183,81,29,114,41.2
6363,1,43,162,59,9,90,39.7
6411,1,59,148,45,26,110,40.7
5488,0,77,175,75,12,91,40.1
1216,0,68,185,85,26,102,40.5
4092,1,45,167,66,23,98,40.4
9035,0,41,198,101,3,75,38.7
2338,0,24,188,93,10,94,39.6
10932,1,27,163,59,26,107,40.7
6841,1,26,173,71,29,111,40.8
9477,1,33,177,74,30,107,41.2
10186,0,42,163,63,9,89,39.6
478,1,61,157,56,17,95,40.5
3461,1,31,169,72,9,89,39.7
8046,1,36,160,62,8,82,39.6
6860,1,22,177,68,30,99,40.7
4665,0,25,196,98,11,87,39.9
13858,0,66,170,72,13,98,40.3
12362,0,36,199,102,5,91,39.4
5306,0,57,179,74,22,106,40.3
574,1,24,155,50,16,98,40.2
1456,0,67,183,91,1,84,37.9
7682,1,46,178,76,24,104,40.6
5899,0,40,207,113,20,98,40.2
3668,1,36,138,41,17,97,40.1
6917,1,56,169,61,20,103,40.2
5131,0,38,171,74,22,105,40.3
5885,0,58,193,95,20,99,40.3
12268,1,51,152,59,28,99,41.0
10557,0,37,191,90,9,95,39.4
5059,0,28,193,96,25,109,40.8
8846,0,24,189,93,20,93,40.4
5116,0,50,188,93,23,100,40.8
7393,1,26,171,65,23,96,40.6
3806,0,34,187,81,18,107,40.3
9171,1,21,171,67,13,94,40.0
3740,0,71,179,90,15,94,40.0
1233,1,54,152,53,19,101,40.2
7426,1,71,157,57,21,113,40.5
10501,0,21,198,94,24,104,40.8
13491,1,36,164,60,17,100,40.4
4007,0,53,182,78,12,91,40.0
13189,1,32,176,70,2,86,38.6
11910,1,62,176,76,19,98,40.5
2561,1,35,165,65,22,95,41.0
11576,0,51,179,85,13,102,39.7
8632,0,76,185,94,15,85,40.1
6765,1,25,170,59,29,102,40.6
7328,0,22,194,92,17,97,40.3
983,1,30,171,68,7,91,39.6
6800,0,52,194,92,15,100,40.2
10072,1,67,147,49,7,86,39.5
11640,1,38,177,71,29,107,41.0
8397,0,39,189,88,9,83,39.8
10986,0,28,172,72,5,81,38.7
3360,1,64,159,59,29,112,41.3
2104,1,20,168,63,29,109,40.7
11948,0,26,184,90,14,95,40.0
1408,0,20,168,68,16,88,40.3
12788,1,34,177,75,8,90,39.7
14800,1,62,151,55,29,113,40.8
6157,0,43,174,77,17,98,40.4
7399,0,34,181,80,18,101,40.3
8723,1,23,152,52,29,114,40.9
3722,0,49,186,89,26,101,41.3
13029,1,28,176,67,8,84,39.4
5898,0,39,192,96,5,88,39.4
979,1,59,182,84,17,92,40.3
5430,0,76,188,93,30,105,41.2
589,1,22,152,50,10,94,39.5
10477,1,32,174,68,29,114,40.8
10096,1,23,176,67,11,85,39.6
7404,1,22,173,73,12,95,40.3
9642,0,20,169,69,2,83,38.4
1173,1,38,172,65,11,93,39.6
7749,0,48,177,77,21,101,40.3
8797,0,23,184,81,21,104,40.2
9977,1,63,157,57,28,103,40.8
8367,0,21,177,82,25,108,40.9
11977,1,33,154,57,10,92,39.9
7178,0,49,187,88,13,92,40.2
5309,0,60,194,99,22,98,40.6
1480,1,25,168,65,14,88,40.1
13836,0,26,189,91,8,94,39.5
11674,1,29,162,62,28,111,40.8
412,0,76,193,103,18,95,40.3
9582,1,44,175,72,8,94,39.8
9533,0,34,182,86,25,101,41.3
14937,0,78,196,101,3,88,38.6
10269,1,52,174,75,20,104,40.4
3743,1,66,165,63,26,98,40.7
13698,1,30,141,52,24,110,40.7
6296,1,74,148,50,24,102,40.9
3630,1,54,171,70,8,78,39.1
6536,1,38,170,69,6,79,39.2
14816,0,31,175,79,10,96,39.7
11563,0,60,189,90,10,90,39.3
78,1,39,168,63,29,108,40.7
11099,0,24,190,93,28,109,40.8
12380,1,40,165,64,2,79,38.3
12636,1,28,164,66,3,87,38.9
12016,1,64,163,67,27,115,40.7
14336,0,27,174,73,15,98,40.2
8456,1,27,156,62,19,103,40.3
13171,0,59,170,74,22,103,40.6
4394,0,62,191,94,17,96,39.9
1598,0,20,169,75,5,87,38.6
10514,1,64,165,67,29,110,40.7
12552,1,24,159,57,17,101,40.6
10493,1,53,166,60,7,83,39.3
3956,1,29,185,75,30,109,41.2
13911,1,30,163,56,8,83,39.4
14439,1,34,178,72,23,104,40.9
1178,1,59,171,71,5,94,39.2
10262,0,35,182,77,2,80,38.3
13850,1,47,145,47,7,84,39.6
11978,1,26,166,68,24,105,40.8
8160,1,47,167,63,21,101,40.6
14440,0,46,187,88,7,97,39.5
13169,0,23,165,70,4,76,38.9
2386,0,50,208,112,13,91,40.3
7759,1,71,181,78,1,76,37.8
5526,0,21,179,83,24,102,40.5
7253,1,36,178,78,27,95,40.9
13570,0,26,194,91,24,101,41.0
10467,1,43,157,55,28,108,40.9
9532,1,31,162,60,12,92,39.6
13676,0,51,190,96,5,77,39.0
3452,1,52,178,73,20,103,40.3
7729,1,46,166,65,24,107,40.8
13968,0,21,172,75,22,102,40.5
3237,0,21,175,73,22,95,41.0
2640,1,49,173,66,4,81,38.9
12412,1,22,159,57,21,105,40.5
5644,0,79,182,93,5,91,39.0
8202,0,25,197,99,12,92,39.8
13916,1,21,159,50,11,86,40.1
438,0,36,206,103,5,84,39.0
9558,1,56,178,77,9,103,39.5
971,1,20,176,69,10,84,40.2
12998,1,26,154,56,5,85,39.4
10652,1,59,157,58,24,110,40.4
9674,1,56,161,60,29,104,40.8
13048,1,77,173,76,22,102,40.6
8861,1,43,179,77,2,83,37.9
11106,1,73,162,65,8,91,39.8
5288,1,22,169,62,4,81,38.7
11085,0,36,180,84,8,88,39.4
4221,1,60,162,59,24,112,40.6
2305,1,57,151,54,4,79,38.6
14551,0,33,165,72,5,82,39.1
14665,1,25,167,60,5,88,39.0
1926,0,74,200,109,17,99,40.1
1337,0,50,172,83,26,105,40.7
3587,0,21,197,98,18,102,39.8
7304,1,29,174,75,14,95,40.1
6107,1,20,149,51,23,100,40.7
3076,1,41,158,54,19,99,40.3
13347,0,27,174,73,19,96,40.1
12486,1,72,148,53,14,86,40.0
628,1,28,160,63,5,85,39.1
409,0,48,185,88,15,103,40.0
14644,1,54,149,49,7,84,39.6
5836,1,26,178,75,8,81,39.5
5759,0,31,200,110,9,91,40.0
1198,1,68,158,60,1,84,37.5
10828,0,77,181,84,17,94,40.3
7637,1,23,153,51,26,109,40.6
11859,0,37,171,77,22,98,40.3
2679,1,29,156,51,12,95,39.6
9393,0,62,183,87,11,93,40.1
5395,1,23,157,53,25,109,40.5
5330,0,21,197,99,15,99,40.1
4109,0,52,184,88,27,111,41.2
6627,1,31,155,56,5,83,39.4
760,1,27,157,59,2,81,38.3
11298,0,79,176,82,30,109,40.8
8139,0,50,200,100,20,94,40.8
5940,0,33,190,87,2,78,38.1
11802,0,31,187,93,13,94,40.2
4752,1,25,161,62,14,95,40.5
4078,1,25,175,70,20,105,40.4
7285,1,42,166,68,21,103,40.8
12824,1,22,159,57,28,114,40.6
5063,1,31,160,62,13,92,40.1
14442,1,43,162,66,28,100,40.4
7918,1,26,166,61,26,99,40.8
13953,1,20,181,76,9,91,40.0
6746,0,26,200,99,13,93,39.9
14754,1,76,155,59,9,89,39.9
5758,0,62,173,73,4,79,39.1
9792,0,56,174,82,24,102,40.7
10403,0,43,178,81,25,102,40.8
5231,1,62,162,67,12,99,40.2
11608,1,48,176,72,11,87,40.0
9785,0,41,204,101,26,102,40.0
1458,1,31,151,49,28,98,40.7
4578,0,51,205,109,14,94,40.1
13532,1,74,178,81,30,101,41.0
14225,1,34,181,74,25,112,40.7
10370,1,75,175,73,21,105,40.4
3111,0,62,182,80,8,79,39.3
10473,1,70,156,59,28,105,40.6
693,1,21,178,71,7,89,39.8
5088,1,31,171,69,14,93,40.3
6216,1,61,166,66,28,106,41.0
6658,1,48,153,55,26,100,40.8
14222,0,69,186,83,16,91,40.4
5635,1,30,159,60,15,99,40.5
9770,0,35,183,91,6,83,39.1
10252,1,22,157,53,19,100,40.5
13759,1,27,165,62,22,93,40.3
2017,0,36,183,88,6,88,38.8
12849,0,36,182,80,15,94,40.1
2984,1,24,158,52,29,103,41.1
2351,0,41,188,82,5,84,39.0
13888,0,44,175,73,24,104,40.1
10805,0,35,186,84,24,108,40.7
5629,1,34,159,62,21,97,40.8
6837,0,24,179,84,17,102,40.2
12122,0,31,184,90,16,98,40.3
11908,0,79,172,77,24,107,40.7
11255,0,37,179,79,3,85,38.6
8096,1,21,163,61,11,93,39.7
6002,1,62,171,75,26,106,41.2
6484,0,32,169,77,27,99,41.2
13099,0,49,181,87,16,104,40.3
9562,1,44,160,67,9,91,39.7
6964,0,76,174,74,6,79,39.2
12441,0,42,180,84,1,87,37.8
5424,1,74,156,57,26,102,40.8
14772,1,55,163,64,17,102,39.9
6955,1,28,158,60,24,105,40.6
8234,0,49,180,83,21,94,40.6
9432,1,26,154,56,19,97,40.6
1418,1,28,160,56,28,107,40.4
878,0,53,179,84,14,93,40.0
13611,0,22,185,86,20,106,40.6
1483,0,28,178,82,4,87,38.7
11971,1,21,173,71,2,82,38.5
10663,1,32,197,90,22,105,40.7
12647,0,23,172,74,22,102,40.1
55,0,53,191,101,21,106,40.7
9071,0,29,189,85,18,90,40.4
1318,1,41,162,63,6,76,39.3
2633,1,72,169,72,6,87,39.4
4122,1,40,178,77,14,89,40.3
12968,0,58,187,93,2,81,38.0
1238,0,43,205,103,16,101,40.4
1513,1,57,172,70,13,84,40.2
8327,1,31,163,59,16,90,40.5
13822,0,32,189,86,20,95,40.5
10450,0,34,191,91,27,115,40.7
2828,0,35,194,98,6,86,39.5
5473,1,51,149,49,8,84,39.6
9723,1,31,153,54,4,86,39.1
8033,1,20,156,51,2,85,37.9
6199,1,70,153,53,10,87,39.8
6607,1,59,161,57,15,90,40.4
5096,1,23,169,65,24,98,40.6
7829,0,35,195,93,23,105,40.8
10054,1,55,157,54,28,111,40.7
3928,0,70,176,77,25,118,40.8
11423,1,54,163,60,10,94,39.8
13352,0,77,182,83,28,108,40.8
12148,1,29,172,66,14,101,40.6
4492,0,33,191,97,14,94,40.1
9690,0,78,199,99,9,89,39.5
4149,1,74,181,77,7,87,39.0
6389,0,66,178,82,6,87,39.5
11313,0,76,186,96,11,93,40.0
11133,1,26,163,57,11,97,39.8
178,0,36,202,109,6,87,39.1
7344,1,27,156,55,18,94,40.4
10980,0,30,184,92,3,74,38.7
4603,1,21,175,67,17,93,40.4
11834,1,29,144,49,22,98,40.3
11404,0,72,195,103,6,93,39.6
8492,0,44,183,88,8,88,39.5
5648,1,60,148,52,11,84,39.7
11467,1,72,166,67,6,91,39.4
9855,1,31,178,76,14,98,40.3
9779,1,53,175,70,8,88,39.4
9193,0,69,189,92,18,99,40.3
11453,1,38,177,77,14,83,40.1
12366,1,40,163,62,13,101,39.9
3590,1,33,155,58,19,108,41.0
13283,0,25,181,75,25,107,40.7
4822,1,40,172,70,11,94,39.7
228,1,21,168,65,25,109,40.3
818,1,57,167,68,18,114,40.4
13685,0,25,192,90,17,93,40.4
9180,0,64,190,91,11,89,39.9
29,0,38,171,75,2,81,38.2
9849,1,33,183,77,3,86,38.8
561,1,57,171,76,15,97,40.3
11656,0,51,196,100,4,77,38.8
14782,1,32,176,71,20,94,40.6
8417,0,78,175,78,4,84,38.7
4101,0,20,173,74,2,83,37.9
13515,1,48,149,51,27,110,40.7
12281,0,61,186,86,6,82,39.2
12732,0,69,189,93,30,104,40.9
11635,0,63,188,97,23,99,40.7
4128,1,30,141,45,27,112,41.1
3010,0,44,188,91,21,103,40.2
7890,0,25,177,75,10,96,39.7
13253,1,49,148,54,29,101,40.8
13969,1,32,160,61,27,114,40.6
13181,0,56,169,72,10,92,40.0
8860,0,22,176,78,12,91,40.1
11135,0,27,204,109,17,91,40.3
3006,0,28,176,71,2,82,38.5
5454,1,50,160,58,17,92,40.1
5502,0,38,196,100,29,111,40.6
12432,0,25,181,80,11,96,40.0
3539,1,32,171,73,29,104,40.7
5492,1,65,167,68,17,101,40.3
8343,1,46,161,59,14,101,40.2
1802,0,23,190,95,27,104,40.5
12510,0,75,170,76,19,107,40.3
14291,1,27,166,65,10,88,39.7
702,0,56,201,105,11,94,39.7
13954,0,23,195,95,18,91,40.5
7597,0,44,197,98,20,100,40.5
2317,0,59,191,89,21,93,40.7
1444,0,60,171,79,28,121,41.2
2950,1,21,182,72,6,87,39.0
3517,1,32,167,73,6,88,38.8
9046,0,27,181,79,2,79,38.2
10024,1,79,190,88,8,96,39.1
7209,1,25,152,53,4,80,39.2
2881,1,62,156,57,26,105,40.8
11486,0,61,189,94,14,98,40.7
8008,0,52,173,83,18,95,40.5
13874,1,24,162,63,21,103,40.5
14367,1,34,168,69,16,96,40.3
5621,1,41,176,73,17,98,40.2
12401,1,73,173,77,26,103,40.8
6192,0,21,180,75,27,109,40.9
2337,1,64,162,70,13,95,40.4
13388,0,22,187,81,15,97,40.3
8398,0,29,167,71,2,77,37.9
5497,0,58,175,77,14,92,40.2
9339,1,72,189,85,20,95,40.7
7117,0,34,189,88,16,90,40.2
5917,0,58,198,104,7,88,39.6
11328,0,31,198,106,11,88,40.1
5506,0,29,173,82,28,115,40.9
3297,1,74,172,72,14,91,40.4
3238,0,44,170,79,7,82,39.4
6776,1,22,169,66,28,114,40.7
6919,1,35,170,70,21,94,40.8
4985,1,60,163,59,28,102,40.4
14962,1,21,162,55,8,85,39.5
4995,1,71,159,58,24,109,40.7
4928,0,20,183,80,21,103,40.4
9437,0,79,167,75,8,89,39.6
4084,0,60,177,81,25,104,40.6
12044,1,20,162,59,18,95,40.6
10923,0,36,174,78,8,85,39.6
6195,1,72,173,68,28,107,40.9
11525,1,41,173,69,17,92,40.0
2665,1,33,151,53,18,97,40.4
13529,0,51,169,78,23,102,40.5
10174,1,41,154,58,6,91,39.2
6829,1,77,156,59,29,115,41.2
869,1,26,171,65,11,101,40.0
9851,0,25,171,72,29,111,40.7
3233,0,20,193,101,13,98,39.9
4769,1,33,143,46,6,84,39.1
6893,1,25,184,71,5,89,39.0
3050,1,60,159,55,30,117,40.9
14378,0,55,170,80,2,79,38.2
2677,1,51,171,71,17,95,40.2
5470,1,55,177,75,9,91,39.6
11589,1,69,157,58,5,84,39.1
5772,1,49,184,77,3,79,39.0
3078,0,44,200,103,16,97,40.4
12177,0,49,181,84,21,101,40.5
1138,1,59,157,61,7,90,39.4
7920,0,77,178,80,11,90,40.1
2694,0,31,188,86,10,94,39.4
7835,0,34,175,76,15,92,40.3
12427,0,24,165,68,12,82,39.8
4585,0,50,180,83,29,116,41.2
13201,1,25,155,59,14,86,40.1
13903,0,29,177,73,11,96,40.1
7740,0,40,177,84,7,90,39.8
5767,0,45,175,78,26,99,40.8
6309,1,67,167,65,22,104,40.6
14186,1,24,166,66,18,95,40.0
927,1,50,158,58,17,95,40.1
13100,1,51,132,41,6,86,39.2
4310,1,55,164,60,8,80,39.7
6039,1,34,168,62,18,102,40.3
14393,0,37,182,80,6,88,39.1
3369,0,73,185,83,1,76,37.7
7562,0,36,181,81,21,104,40.5
10371,0,64,174,82,18,91,40.8
12602,1,43,163,57,17,92,40.2
10378,1,25,169,63,5,86,39.3
10831,1,32,157,59,6,86,39.6
11605,1,44,166,68,28,107,41.1
416,1,49,173,67,10,85,39.5
5125,0,52,192,99,7,88,39.6
2086,1,20,151,46,25,98,40.8
4054,0,45,181,87,25,104,40.9
12178,0,24,187,90,19,95,40.7
6197,1,74,162,66,13,87,40.1
2754,0,52,190,93,26,105,40.5
136,0,31,172,76,9,94,39.7
4842,0,54,176,80,20,95,39.7
9666,1,20,163,61,2,86,38.4
1122,0,60,169,70,2,84,38.0
13081,0,38,168,72,5,82,39.1
12323,0,22,195,101,14,100,40.1
25,0,29,176,75,10,83,39.7
657,0,28,189,84,24,98,40.6
12134,0,68,189,95,16,103,40.3
5498,1,29,170,67,13,91,40.1
8641,1,21,183,73,27,103,40.8
3432,1,53,167,63,2,74,38.1
3296,1,23,168,69,3,83,38.1
11316,1,73,184,83,25,121,40.6
9593,1,50,159,60,7,91,39.4
11474,1,31,152,56,11,99,39.8
1258,1,23,183,71,17,91,40.5
6446,0,27,174,82,11,90,39.6
4847,0,73,187,84,3,81,38.5
1270,0,25,158,58,11,79,39.7
14940,0,55,191,98,17,104,40.2
1449,0,34,196,101,8,88,39.5
6517,0,38,206,105,26,114,40.7
9244,0,25,191,94,5,90,39.5
11017,1,52,175,66,3,83,38.7
2437,0,26,192,84,5,78,38.9
3990,0,26,177,78,23,104,40.3
12532,0,30,189,80,14,95,40.4
6247,1,75,173,69,15,92,40.0
8468,0,29,189,94,6,95,39.3
10633,1,22,150,55,8,91,39.9
2158,1,21,168,65,29,105,41.2
588,0,59,167,72,4,89,38.7
10399,0,73,186,92,26,115,40.8
970,1,48,159,63,17,87,40.0
6891,1,43,187,87,19,99,40.5
14791,0,27,187,85,17,92,40.4
6043,0,25,182,91,8,84,39.4
13042,1,20,160,57,9,89,39.4
3184,1,74,148,52,25,108,40.8
7881,1,23,183,75,9,85,39.9
2708,1,26,164,59,1,87,38.0
4240,0,51,192,94,14,102,40.3
3334,1,24,167,67,30,105,40.9
1759,1,66,145,52,24,110,40.5
2181,0,34,171,71,5,83,39.3
6781,1,66,172,68,21,104,40.3
11949,0,21,166,67,12,88,39.6
5419,1,41,161,56,11,98,39.8
4263,1,53,151,60,20,96,40.5
2272,0,55,171,73,14,101,40.0
3825,1,23,160,62,9,97,39.3
9119,0,28,198,101,5,87,39.4
7004,1,67,145,52,14,97,39.9
3226,0,28,180,80,12,96,40.4
3068,0,50,191,96,20,90,40.6
14949,1,31,166,64,12,89,39.9
24,0,48,182,85,1,80,37.7
4902,0,26,197,90,24,104,40.7
2587,0,73,185,87,26,99,40.6
8635,1,21,167,67,23,111,40.7
5875,1,22,157,55,7,88,39.6
4246,0,44,166,75,3,93,38.6
7721,1,32,180,76,18,106,40.4
9050,0,23,190,85,17,98,40.2
10334,0,31,172,74,30,115,40.8
8946,0,33,200,97,2,82,38.0
10457,1,27,142,48,14,94,40.6
9239,1,61,152,50,15,80,40.2
780,1,26,167,58,15,95,40.2
9092,0,35,179,76,5,79,39.0
11227,0,46,185,94,9,87,40.1
4960,1,37,163,59,20,109,40.7
10144,0,35,195,99,29,114,40.7
2760,0,33,183,80,20,99,40.6
1197,1,45,154,60,10,92,39.7
8292,0,71,182,91,9,92,39.7
1049,0,31,198,99,28,107,40.9
9819,0,32,200,104,10,78,39.8
3411,1,33,166,65,4,84,38.6
2831,0,38,204,113,27,99,40.9
3800,1,65,171,66,27,104,40.9
2443,1,21,161,58,30,115,40.8
1271,0,37,167,73,25,103,40.9
14046,0,23,170,74,16,104,40.1
1750,1,35,159,63,19,92,40.4
10940,0,37,174,79,24,106,40.8
13666,0,23,183,81,2,76,38.0
8958,0,64,188,95,17,95,40.3
4846,1,60,171,70,5,85,39.1
5058,0,23,174,70,25,102,40.9
1889,0,26,169,73,10,85,39.8
11852,1,23,166,66,20,98,40.5
3060,1,24,169,67,23,112,40.4
8360,1,35,178,69,15,89,40.2
73,1,22,179,67,8,77,39.5
10845,1,73,168,67,18,97,40.3
14964,0,65,191,99,19,98,40.1
2985,0,24,172,77,27,105,41.0
10075,0,28,201,106,15,104,40.2
4044,1,42,157,59,24,97,40.6
10358,1,43,170,73,20,90,40.8
7950,0,32,186,83,8,92,39.1
5234,0,21,205,102,10,92,39.8
10760,1,44,163,64,2,92,38.0
992,1,40,177,74,29,97,41.0
14341,0,27,196,100,22,101,40.5
5595,0,45,189,93,2,70,38.1
6398,0,25,197,99,13,91,40.1
3216,0,52,194,94,15,92,40.1
1905,0,22,181,78,15,87,40.3
13381,1,71,172,74,28,103,40.7
3086,1,28,178,74,18,100,40.5
9576,1,26,174,72,28,104,40.5
6527,1,72,149,53,18,96,40.0
11633,1,34,164,62,26,109,40.7
7246,0,21,197,100,24,93,40.5
1738,1,22,173,73,7,85,39.1
14525,0,29,186,85,19,96,40.6
8038,1,70,160,66,23,105,40.4
1503,1,77,171,68,21,101,40.6
2564,1,44,173,69,26,109,40.8
1631,0,64,188,84,20,102,40.4
11916,1,37,164,60,18,96,40.3
2102,0,77,206,106,10,95,40.0
266,1,35,163,59,20,107,40.6
9225,0,27,171,73,16,100,40.3
14117,1,75,161,60,24,102,40.8
2631,1,23,189,79,5,94,38.9
6910,0,33,198,104,26,103,40.9
3586,1,48,169,69,7,88,39.3
2585,0,21,191,95,18,89,40.6
10036,0,34,173,77,7,85,39.3
11095,0,29,177,82,30,109,40.5
6203,0,33,176,70,3,89,38.3
7671,1,24,167,71,8,94,39.7
14514,1,40,153,57,8,89,39.8
2214,0,20,203,103,11,93,39.8
8336,0,67,184,88,26,106,41.0
4427,1,39,164,61,17,95,40.4
7857,0,37,176,79,29,105,40.6
3959,1,50,169,74,8,90,39.6
14261,0,53,194,102,18,97,39.9
4343,0,54,187,85,26,96,40.7
4469,1,32,158,60,17,105,40.0
4476,0,46,176,83,16,98,39.9
10739,1,60,193,84,14,93,40.1
8512,1,42,157,55,14,91,40.6
6335,0,36,197,108,5,85,39.1
4732,0,56,195,94,21,107,40.7
6760,0,51,173,77,4,78,38.8
1587,1,28,176,66,6,86,39.6
7303,0,52,185,96,29,108,40.8
5427,1,36,171,63,23,105,40.7
9776,1,27,162,64,25,108,41.0
6710,1,26,176,68,13,91,40.0
11765,0,23,174,74,13,94,40.4
3699,0,78,201,108,12,89,40.0
10474,1,44,173,74,30,109,41.3
13502,0,40,192,96,24,100,40.8
4526,0,20,200,102,23,101,40.7
9202,0,26,155,61,23,105,40.6
3913,0,24,180,79,26,102,40.8
3024,0,41,191,90,9,90,39.6
3996,0,78,184,86,26,107,40.6
8383,1,38,153,52,19,100,40.4
12975,1,34,181,75,27,108,40.9
1175,0,29,182,84,10,99,39.8
7859,0,63,183,80,28,111,41.2
12723,0,34,181,80,16,82,40.0
4992,0,24,170,70,29,99,41.2
1690,0,26,197,101,3,86,38.5
6038,0,53,174,78,19,106,40.5
1280,1,20,171,69,25,109,41.0
14187,0,47,175,81,20,99,40.3
3350,1,56,169,65,18,96,40.4
5282,1,29,160,60,18,102,40.4
13304,1,24,148,48,8,90,39.2
10424,0,30,209,117,20,91,40.7
687,0,23,180,75,8,88,39.4
5661,1,27,166,59,13,88,40.1
638,0,34,174,72,26,103,40.7
8761,0,39,189,92,19,105,40.1
3654,0,23,189,90,15,90,40.1
9125,1,21,185,80,12,103,39.9
13695,0,78,186,95,15,90,40.2
9361,1,35,168,63,24,108,41.0
1360,0,22,176,73,3,84,39.1
7386,0,26,194,96,12,90,40.2
4629,0,49,189,96,3,86,39.0
3287,0,70,176,83,21,111,40.6
11654,1,25,169,66,22,105,40.6
10014,0,56,204,107,13,91,40.0
6413,0,34,173,73,18,108,40.4
10982,0,42,174,74,15,93,40.1
196,1,73,158,57,29,103,40.9
14090,0,31,183,92,18,89,40.3
4591,1,38,165,61,25,107,40.6
5032,1,38,164,61,23,101,40.7
11281,0,40,192,90,14,91,40.4
3785,1,70,158,65,28,98,40.9
5075,0,31,188,91,17,98,40.3
10620,1,40,181,74,23,98,40.8
2075,1,24,170,64,2,79,38.1
5397,0,22,190,88,3,79,39.0
14101,1,38,160,62,24,100,40.2
13943,0,49,180,77,5,81,39.1
12683,1,66,162,62,15,97,40.7
8034,0,39,182,87,8,85,39.3
7396,1,68,170,65,14,90,40.3
8030,1,27,167,65,29,113,41.1
9897,1,21,160,59,14,87,40.2
147,1,29,178,77,15,95,40.4
797,1,43,173,69,2,79,38.2
9942,0,29,181,85,10,93,39.8
8815,1,34,163,61,1,74,38.2
2286,1,27,166,62,11,95,39.7
4067,0,63,193,104,14,94,40.2
2028,1,20,155,60,21,102,40.5
5105,1,54,163,66,10,90,39.6
5614,1,44,164,61,6,86,39.3
13198,1,27,148,49,8,88,39.6
5718,1,60,164,66,3,85,38.5
13183,0,51,173,77,17,95,40.3
1473,0,51,193,100,4,85,38.8
722,0,50,191,95,11,93,40.1
9553,0,54,181,78,29,108,40.9
106,0,57,169,81,30,112,40.9
12638,1,52,149,54,9,85,39.5
5643,0,36,181,84,3,77,38.6
12938,0,20,186,86,26,99,40.1
4485,0,45,193,93,2,87,38.4
11244,1,47,160,61,11,89,40.0
1472,1,25,145,49,18,99,40.5
9309,0,33,189,94,11,83,39.8
8746,0,65,176,85,8,100,39.8
7843,0,57,199,105,15,90,40.1
299,0,51,189,95,30,112,41.0
170,1,27,167,69,15,90,40.4
3326,0,27,168,64,24,105,40.5
3803,0,28,165,74,20,95,40.6
7050,0,36,174,79,29,113,40.9
3674,1,29,186,80,5,90,39.1
9468,1,27,164,64,2,89,38.2
10546,0,79,186,88,5,91,39.5
3619,0,39,194,94,1,84,37.8
415,0,44,180,84,11,91,39.5
6594,0,57,183,89,14,95,40.2
4860,0,23,167,69,22,102,40.5
12716,0,67,181,90,17,107,40.5
12474,0,21,180,77,12,90,39.9
11245,0,74,201,108,5,87,38.9
3923,1,38,173,77,15,94,40.3
10031,1,67,164,67,22,105,40.4
2956,0,33,201,103,23,98,40.7
14202,1,35,163,62,18,100,40.1
10509,0,43,186,93,13,97,39.9
11107,1,24,164,60,17,95,40.3
14177,0,25,175,78,8,92,39.5
630,0,24,168,68,12,92,39.8
5046,1,21,172,64,15,94,40.1
162,1,38,169,65,14,94,40.1
8605,0,25,190,95,3,85,38.4
9265,1,56,166,62,23,109,40.5
14431,1,59,163,64,10,96,39.4
14434,1,20,157,54,29,101,41.0
10209,0,47,172,76,16,100,40.4
13318,1,29,153,55,11,97,39.5
9068,0,31,176,75,20,97,40.5
9009,1,35,179,75,19,100,40.5
13110,1,73,171,69,15,97,40.3
2255,0,20,183,80,11,94,40.1
7118,0,26,180,84,14,94,40.3
7971,0,26,189,90,10,87,39.6
10926,0,71,210,121,6,94,39.1
9064,1,43,168,66,20,102,40.2
4341,0,63,184,91,18,98,40.6
11875,0,32,177,76,17,96,40.5
8421,1,30,169,61,3,86,38.9
7432,0,24,180,81,27,94,40.6
9098,0,21,184,85,6,82,39.3
7536,1,45,173,70,12,90,39.8
10248,1,32,167,69,28,103,40.8
9088,0,75,213,119,13,95,39.8
14523,1,62,202,97,15,98,40.3
5321,1,33,157,56,19,97,40.5
5849,0,41,187,91,25,103,40.7
6225,1,79,160,60,28,108,40.9
3871,1,24,159,58,30,112,40.9
10345,1,41,170,63,23,107,40.8
8983,1,21,177,73,17,96,40.4
7778,0,26,178,84,11,91,40.2
6333,0,25,196,94,11,85,39.6
10102,0,44,195,90,6,82,38.9
7500,0,39,188,92,10,101,39.8
9519,0,56,190,95,26,108,40.9
10500,1,28,156,60,25,102,40.9
14480,1,36,165,65,20,102,40.4
2876,0,39,191,91,22,90,40.3
13939,0,28,179,87,7,89,39.5
8890,1,52,159,58,11,86,39.7
7451,0,57,204,114,11,82,39.5
6586,0,32,166,72,2,82,38.4
11275,1,59,150,59,8,89,39.6
11272,1,54,194,94,27,108,40.6
13178,0,59,185,96,29,113,40.9
6738,1,37,153,55,12,85,39.8
9909,1,45,165,65,29,111,40.9
2579,1,31,148,53,5,74,39.5
9086,1,70,188,88,21,105,40.3
3020,0,53,175,75,7,95,39.9
3541,1,47,158,57,2,79,38.3
5247,0,22,186,88,10,83,40.0
14882,0,76,184,87,10,93,39.8
5542,0,77,179,83,16,94,40.1
12345,0,28,180,77,2,82,38.0
1979,1,49,161,57,10,89,40.2
6018,1,29,178,78,24,94,40.4
1057,0,30,178,84,8,80,39.5
11501,0,59,182,83,7,89,39.4
11710,1,38,176,69,3,89,38.4
10522,1,45,158,56,11,87,39.7
3658,1,51,171,72,30,108,41.1
7078,0,40,187,93,15,89,40.1
6506,0,40,187,85,17,100,40.1
14579,1,31,161,60,2,82,38.3
7771,1,20,163,56,25,107,40.6
92,1,31,174,67,9,93,39.5
1234,1,43,181,80,10,91,39.9
6481,0,62,195,95,13,95,40.2
1013,0,58,191,99,16,94,40.2
5796,0,39,182,91,23,108,40.7
3863,1,26,158,60,17,91,40.4
7836,0,53,172,69,16,97,40.3
9139,0,47,179,81,17,101,40.0
9985,0,24,209,110,8,80,40.0
13397,1,31,148,47,3,86,38.6
190,0,68,191,98,22,99,41.0
14375,0,24,176,80,27,105,40.6
7791,1,70,174,72,16,85,40.6
7935,0,47,185,91,9,88,39.4
1531,0,78,201,112,17,104,40.3
14284,0,71,181,91,6,94,39.1
2682,1,26,156,59,26,109,40.8
6050,1,27,160,58,22,104,40.4
2812,0,34,182,81,4,72,38.5
3894,0,21,192,94,10,90,39.6
11780,0,55,185,86,12,96,40.1
4819,1,54,158,60,14,95,40.1
3176,1,44,162,62,25,102,41.1
10303,1,63,167,67,17,87,40.5
14569,1,30,149,52,25,100,40.7
4772,0,59,171,83,27,102,41.0
105,0,39,175,74,9,93,39.5
3413,0,24,176,78,27,109,40.7
10993,0,70,177,79,24,110,40.7
14009,1,41,177,71,27,111,40.7
10155,0,55,189,88,8,81,39.1
13190,1,58,156,55,25,107,40.5
2301,1,26,158,58,23,105,40.3
13720,0,61,174,81,25,94,40.7
6566,0,22,185,88,12,94,40.2
8966,1,41,159,60,13,95,40.1
9424,0,31,166,70,3,89,38.8
858,0,23,194,97,15,101,40.0
5524,0,42,181,84,11,94,39.8
14317,1,41,163,61,26,108,40.8
14415,1,23,148,46,24,104,40.8
13277,0,49,187,91,25,99,40.8
11346,1,55,155,52,18,100,40.5
12785,1,40,170,67,6,82,39.4
14921,0,51,199,96,14,88,40.5
13895,1,22,173,67,29,103,40.8
3430,0,25,179,77,29,114,41.1
6231,1,23,159,54,25,107,40.6
14277,0,20,183,83,5,87,39.4
4160,0,72,179,82,25,99,40.7
7438,1,39,168,64,6,80,39.5
5910,0,27,169,69,16,102,40.2
12562,1,62,162,66,23,105,41.1
725,1,71,163,65,11,90,40.0
1679,0,30,184,86,29,107,40.8
6692,0,21,180,85,14,86,40.3
5245,1,37,167,61,10,89,39.9
10393,1,76,173,67,13,95,40.0
12135,0,24,189,82,11,93,39.6
1363,1,41,162,57,29,116,40.9
8602,1,44,169,62,22,103,40.5
9022,0,32,196,99,1,79,37.5
8056,1,67,146,53,13,90,40.3
7988,1,20,159,55,11,95,40.1
3781,0,50,183,87,10,88,39.6
912,1,75,171,68,16,102,40.3
6661,1,22,161,64,8,93,39.7
10284,1,72,146,49,22,103,40.5
7793,1,74,177,77,3,81,38.4
390,0,28,193,93,17,94,40.4
14556,0,46,192,95,26,107,40.6
6284,1,21,185,77,12,92,40.1
5469,1,33,156,57,1,74,37.8
14693,0,42,189,97,18,102,40.3
4818,1,26,180,73,14,99,40.0
7301,0,71,187,97,13,90,40.3
4357,1,67,167,70,14,93,39.9
4994,1,63,141,45,2,81,38.2
7247,1,46,155,56,2,72,38.4
2243,0,33,165,72,6,81,39.5
8091,1,45,163,61,17,100,40.4
14451,1,21,173,66,7,88,39.2
3123,1,35,140,47,26,101,40.6
3121,0,49,181,78,1,80,37.8
3957,0,56,177,84,12,90,40.1
718,1,53,172,71,8,89,39.7
11644,0,51,181,91,29,110,40.9
10632,0,20,175,71,16,96,40.4
3256,1,33,178,73,13,82,40.0
14355,1,71,172,75,29,112,41.1
6502,1,77,161,65,11,89,39.9
11300,0,24,191,89,5,87,39.0
7163,0,32,176,80,25,99,40.8
11603,0,50,176,86,24,112,40.7
5607,1,23,158,59,29,120,41.1
3048,1,34,155,57,26,109,40.9
13223,1,36,156,58,29,112,41.1
420,1,20,167,58,5,76,39.3
2197,0,23,193,93,29,103,41.1
12297,0,22,182,85,15,87,40.5
12069,0,26,182,80,24,102,40.6
12104,0,30,187,85,13,94,40.5
3117,1,79,144,51,24,100,40.7
1937,0,68,183,90,24,104,40.8
9311,0,51,174,74,26,109,40.6
4115,1,28,165,59,11,91,39.8
534,1,48,146,46,7,88,39.5
548,1,66,187,82,11,92,40.0
5680,0,32,186,91,21,108,40.5
298,1,53,168,65,21,102,40.5
7120,0,71,198,103,22,111,41.0
11554,0,22,174,71,6,82,38.9
7583,1,72,176,75,29,106,40.9
7481,0,76,189,90,17,99,40.6
11921,1,39,169,71,21,101,40.6
2170,0,28,169,69,22,111,40.8
7375,0,31,206,107,27,100,40.5
7516,1,76,158,57,24,106,40.3
1385,0,74,179,84,2,81,38.2
3207,1,28,166,62,27,100,40.6
3135,1,76,157,58,23,100,40.7
12091,1,47,169,70,13,96,40.1
6853,0,21,183,82,30,113,41.0
14823,1,25,150,54,22,104,40.9
6913,0,35,190,92,27,112,40.5
5771,0,53,187,94,16,99,40.3
5487,0,67,172,75,7,83,39.4
4184,1,38,161,59,5,79,38.9
11350,1,22,166,59,7,82,39.7
5739,1,74,171,71,22,102,40.8
7176,0,45,198,97,6,92,39.4
97,1,23,155,62,5,74,39.2
10291,1,21,170,64,26,106,40.7
14684,0,44,177,77,13,95,40.2
4605,1,41,165,67,7,88,39.4
10451,0,56,192,99,19,94,40.2
4799,0,26,198,102,14,93,40.3
10161,0,25,187,82,23,101,41.0
2794,0,29,192,98,12,93,40.2
9237,1,55,154,53,22,98,41.0
13794,1,27,175,73,11,94,40.0
7738,1,51,164,60,24,101,40.4
9131,1,33,171,70,23,105,40.7
5525,0,23,180,81,18,94,40.6
5904,1,71,165,67,13,89,39.9
6007,0,22,191,88,5,88,39.1
4896,1,25,160,54,13,86,40.4
8799,0,22,196,96,28,117,40.9
6766,1,31,170,68,19,105,40.6
2526,1,31,155,56,25,111,40.8
7758,1,24,145,48,18,91,40.5
2539,0,20,176,74,15,100,40.3
8123,1,76,187,93,16,90,40.5
1070,0,79,200,108,26,97,40.9
14700,1,38,163,62,16,93,39.8
296,1,32,156,56,23,113,40.5
49,0,48,152,59,2,79,38.0
13799,0,68,194,99,4,80,38.6
8416,0,52,197,99,3,80,38.6
9966,1,40,158,59,5,87,39.1
1243,1,23,174,70,3,78,38.3
11471,1,25,154,54,20,98,40.4
10113,1,51,153,58,15,97,40.5
9042,1,76,169,68,23,92,40.3
14073,0,23,193,83,7,83,39.2
6791,0,36,200,103,17,101,40.4
1225,0,21,162,67,12,94,40.1
4658,0,68,174,76,26,110,40.7
7243,1,58,167,66,25,106,40.5
11044,1,70,155,60,13,95,40.1
4700,1,45,183,72,7,89,39.7
11509,0,25,181,83,15,83,40.4
442,1,68,166,64,2,75,37.9
2472,1,40,183,78,20,92,40.6
5694,1,46,154,54,28,104,40.8
5120,1,20,161,60,12,103,40.3
10779,1,65,169,71,17,96,40.3
2815,1,46,155,55,2,87,37.9
11108,1,29,166,62,13,93,40.2
6833,0,63,170,78,13,93,40.3
8379,0,42,173,74,16,97,40.3
12694,0,34,185,94,14,90,40.3
7155,1,69,163,68,16,95,40.3
13460,0,24,184,93,19,88,40.2
10991,1,21,158,59,7,85,39.5
3903,1,76,170,73,3,74,38.1
4075,1,47,181,81,27,104,40.8
14944,0,55,185,92,6,78,39.3
8653,0,66,192,90,2,79,37.9
12958,0,71,200,98,27,108,40.6
6799,1,65,162,62,14,86,39.8
11323,0,37,170,68,16,96,40.6
6053,1,75,168,65,21,104,40.3
8906,0,38,189,91,11,100,40.2
5446,0,74,181,86,22,101,40.8
12712,0,72,183,86,24,105,40.5
7645,1,28,176,68,22,95,40.5
6187,0,63,169,70,15,95,40.6
8827,1,24,153,47,20,99,40.6
4085,1,23,159,57,17,90,40.2
4624,0,79,200,99,13,88,39.9
7904,0,20,179,85,5,80,39.3
7131,1,30,173,69,3,89,38.8
10458,1,26,162,57,6,92,39.1
12232,1,32,157,53,10,92,40.0
12234,0,72,183,91,4,79,38.8
1765,0,56,182,86,20,105,40.7
10539,0,32,183,83,29,104,41.0
13206,1,35,154,53,10,90,39.6
2903,0,21,187,87,29,100,40.7
5594,0,35,202,97,16,105,40.1
8148,0,52,185,88,15,93,40.1
8082,1,25,147,47,25,108,40.5
609,1,35,178,71,8,85,39.8
485,0,44,175,80,5,91,39.2
5574,1,74,151,58,23,97,40.7
9277,0,41,199,102,20,93,40.3
10321,1,39,174,69,23,93,41.1
5800,0,65,182,82,7,73,39.5
4420,0,56,185,93,5,81,39.0
7553,0,23,164,64,22,99,40.9
3538,1,44,172,68,25,106,40.8
11320,1,22,150,49,8,94,39.6
8211,1,22,169,66,6,83,38.9
14790,0,78,187,96,29,103,40.6
7254,1,42,179,80,9,87,39.9
13126,1,47,167,67,25,101,40.6
14309,1,46,165,67,15,93,39.8
6902,0,70,174,81,27,102,40.9
1673,0,35,197,100,16,106,40.3
5436,1,20,164,61,18,94,40.6
14370,0,33,194,98,9,93,39.6
11048,0,73,186,88,20,106,40.4
7306,0,68,175,74,8,81,39.4
9982,0,32,194,94,9,83,39.6
5708,1,79,178,82,16,90,40.2
7048,1,40,177,73,7,82,39.5
5618,0,31,174,76,14,89,40.2
13088,1,20,172,69,24,98,40.9
5675,0,22,191,94,25,118,40.8
96,1,57,171,74,2,73,38.6
3155,1,32,172,63,14,91,40.3
2494,1,62,145,50,3,82,38.6
4570,0,23,182,84,15,93,40.6
5884,1,52,157,59,6,78,39.4
366,0,39,197,96,3,78,38.6
5993,0,21,195,98,13,85,40.1
9913,0,75,188,93,18,94,40.2
3657,0,43,198,101,17,100,40.5
10101,0,46,170,77,5,88,39.2
14842,1,23,177,78,20,96,40.5
4856,1,74,144,51,5,90,38.7
918,1,42,164,61,14,88,40.2
9617,1,48,146,52,14,92,39.9
10999,1,48,142,48,11,95,40.1
12680,0,71,179,82,19,89,40.6
11757,0,34,188,89,1,85,37.9
14057,1,69,169,67,30,113,40.8
12794,0,59,189,90,20,94,40.7
12722,0,25,191,94,16,95,40.3
6792,0,34,190,88,18,93,40.5
11182,1,40,169,63,9,90,39.7
14335,0,30,196,92,14,95,40.4
14119,0,59,202,100,3,87,38.5
13873,1,71,163,65,16,96,40.2
3391,1,74,172,73,8,89,39.7
14981,0,29,188,89,19,95,40.8
12420,0,69,168,70,18,99,40.5
11314,0,77,192,94,3,82,38.3
3310,0,38,188,89,1,77,37.7
1588,0,46,188,91,19,104,40.3
3664,0,40,185,90,17,94,40.5
10690,1,77,150,52,14,99,40.5
31,1,25,160,59,24,102,40.3
6265,1,27,185,81,3,94,38.6
11475,1,73,140,44,12,95,40.3
1375,0,35,179,77,27,108,40.9
7622,1,31,173,70,6,84,39.2
9518,1,49,145,49,19,91,40.6
3780,1,45,177,76,17,103,40.2
5208,1,44,170,69,24,97,40.7
9541,0,39,197,101,16,106,40.3
7491,0,64,180,87,1,78,37.7
255,1,36,163,58,4,84,39.0
4988,0,55,194,99,16,92,40.4
3642,0,58,188,88,18,101,40.3
8170,1,53,179,78,6,89,39.5
11814,0,43,183,82,27,110,40.6
14695,0,39,182,81,24,92,40.5
4147,1,52,151,52,16,99,40.4
13163,1,55,166,58,10,90,39.7
5034,1,58,162,60,17,98,39.9
6916,1,33,160,56,28,108,40.6
13414,0,22,175,75,15,97,40.3
5315,1,28,166,61,8,85,39.5
2727,0,70,176,85,25,99,40.7
6949,1,27,160,56,25,104,40.7
3700,1,57,171,66,26,103,41.1
8316,1,24,169,62,14,98,40.3
6548,1,62,162,60,10,95,39.7
2778,1,20,158,57,25,108,40.7
11071,1,48,150,51,5,85,39.2
5167,0,27,172,73,25,103,40.6
2773,0,36,185,87,20,100,40.4
10827,0,66,193,101,1,83,37.9
6751,0,73,190,99,5,85,38.9
433,1,20,170,68,8,85,39.4
4770,1,63,167,66,25,101,40.8
11527,0,32,176,79,3,85,38.7
14696,1,78,156,61,20,102,40.4
1099,0,45,194,97,6,91,39.6
2514,0,22,187,84,26,99,40.6
14635,1,35,152,52,5,83,38.8
11798,1,49,178,71,12,98,39.9
13896,1,67,159,58,23,101,40.4
6637,1,25,167,64,20,100,40.4
2575,1,36,167,64,28,108,40.8
7336,0,30,187,88,10,94,40.2
